sample_id,taxon,frequency
S001,Corbicula fluminea,7
S001,Musculium lacustre,6
S001,Branchiura sowerbyi,5
S001,Bothrioneurum vejdoskynum,10
S001,Haplotaxis gordioides,4
S001,Chaetogaster diaphanus,11
S001,Chaetogaster limnaei,8
S001,Opidonais sp.,9
S001,Amphichaeta asiatica,8
S001,Stylaria fossularis,4
S001,Pristina biserrata,10
S001,Pristina longiseta,8
S001,Lumbriculus variegatus,14
S001,Lamprotus orientalis,8
S001,Eisenia koreana,8
S001,Erpobdella lineata,7
S001,Gnorimosphaeroma sp.,8
S001,Collembola sp.,7
S001,Baetis fuscatus,7
S001,Cloeon dipterum,9
S001,Procloeon pennulatum,10
S001,Potamanthus formosus,14
S001,Rhoenanthus coreanus,8
S001,Ephemera orientalis,8
S001,Caenis sp.,7
S001,Dixidae sp.,10
S001,Chironomus nipponensis,13
S001,Chironomus edwardsi,2
S001,Chironomus sp.,2
S001,Cryptochironomus sp.,6
S001,Harnischia japonica,3
S001,Harnischia sp.,3
S001,Microtendipes sp.,5
S001,Parachironomus arcuatus,2
S001,Paratanytarsus sp.,7
S001,Polypedilum pedestre,14
S001,Polypedilum nubifer,7
S001,Polypedilum masudai,5
S001,Polypedilum cultellatum,9
S001,Tanytarsus kiseogi,13
S001,Tanytarsus takahashii,7
S001,Tanytarsus tamagotoi,7
S001,Tanytarsus tamakutibasi,12
S001,Potthastia sp.,4
S001,Thienemanniella sp.,11
S001,Cricotopus bimaculatus,5
S001,Cricotopus triannulatus,8
S001,Cricotopus sp.,8
S001,Eukiefferiella sp.,6
S001,Hydrobaenus kondoi,6
S001,Hydrobaenus sp.,8
S001,Orthocladius sp.,2
S001,Rheocricotopus sp.,11
S001,Ablabesmyia sp.,5
S001,Conchapelopia sp.,6
S001,Procladius sp.,4
S001,Rheopelopia sp.,5
S002,Chaetogaster limnaei,10
S002,Opidonais sp.,3
S002,Pristina biserrata,7
S002,Pristina longiseta,4
S002,Helobdella stagnalis,2
S002,Procloeon maritimum,7
S002,Dixidae sp.,3
S002,Chironomus circumdatus,5
S002,Chironomus nipponensis,1
S002,Cryptochironomus sp.,8
S002,Demicryptochironomus sp.,5
S002,Polypedilum pedestre,5
S002,Polypedilum nubifer,4
S002,Corynoneura sp.,3
S002,Propsilocerus akamusi,5
S002,Rheocricotopus sp.,7
S002,Ablabesmyia prorasha,3
S002,Conchapelopia sp.,5
S002,Saetheria tylus,5
S003,Anodonta woodiana,10
S003,Corbicula fluminea,10
S003,Bothrioneurum vejdoskynum,9
S003,Limnodrilus claparedeianus,6
S003,Haplotaxis gordioides,6
S003,Chaetogaster limnaei,7
S003,Opidonais sp.,10
S003,Haemonais waldvogeli,1
S003,Pristina biserrata,8
S003,Pristina longiseta,9
S003,Lumbriculus variegatus,9
S003,Lamprotus orientalis,5
S003,Eisenia koreana,8
S003,Asellus sp.,2
S003,Collembola sp.,2
S003,Labiobaetis atrebatinus,5
S003,Choroterpes altioculus,12
S003,Potamanthus formosus,8
S003,Rhoenanthus coreanus,7
S003,Ephemera orientalis,6
S003,Serratella setigera,4
S003,Caenis sp.,7
S003,Psychoda sp.,5
S003,Benthalia sp.,7
S003,Chironomus circumdatus,3
S003,Cladotanytarsus vanderwulpi,4
S003,Cryptochironomus sp.,2
S003,Demicryptochironomus sp.,12
S003,Dicrotendipes nervosus,2
S003,Glyptotendipes tokunagai,6
S003,Harnischia japonica,4
S003,Microtendipes sp.,6
S003,Nilothauma sp.,8
S003,Paratendipes albimanus,9
S003,Paratendipes sp.,9
S003,Polypedilum pedestre,3
S003,Polypedilum cultellatum,11
S003,Polypedilum sp.,8
S003,Stictochironomus sinsauensis,9
S003,Tanytarsus kiseogi,3
S003,Tanytarsus tamakutibasi,9
S003,Corynoneura sp.,3
S003,Cricotopus bimaculatus,12
S003,Cricotopus sp.,12
S003,Hydrobaenus kondoi,3
S003,Limnophyes tamakitanaides,6
S003,Orthocladius sp.,7
S003,Propsilocerus akamusi,7
S003,Rheocricotopus sp.,10
S003,Ablabesmyia prorasha,2
S003,Conchapelopia sp.,5
S003,Hayesomyia tripunctata,1
S003,Procladius choreus,6
S003,Rheopelopia sp.,3
S003,Cladopelma edwardsi,2
S004,Anodonta woodiana,3
S004,Corbicula fluminea,2
S004,Musculium lacustre,5
S004,Rhyacodrilus coccineus,11
S004,Haplotaxis gordioides,2
S004,Chaetogaster diaphanus,10
S004,Opidonais sp.,14
S004,Slavina appendiculata,1
S004,Stylaria fossularis,4
S004,Lamprotus orientalis,6
S004,Baetis fuscatus,2
S004,Choroterpes altioculus,7
S004,Potamanthus formosus,15
S004,Rhoenanthus coreanus,4
S004,Ephoron shigae,10
S004,Chironomus circumdatus,13
S004,Cryptochironomus sp.,7
S004,Harnischia japonica,4
S004,Harnischia sp.,1
S004,Paratanytarsus sp.,5
S004,Paratendipes albimanus,6
S004,Paratendipes sp.,8
S004,Polypedilum nubifer,10
S004,Thienemanniella sp.,6
S004,Cricotopus bimaculatus,6
S004,Eukiefferiella sp.,6
S004,Hydrobaenus sp.,1
S004,Rheocricotopus sp.,9
S004,Ablabesmyia monilis,1
S004,Procladius choreus,4
S004,Saetheria tylus,4
S004,Chironomidae sp.,5
S005,Anodonta woodiana,2
S005,Hediste sp.,3
S005,Bothrioneurum vejdoskynum,8
S005,Haplotaxis gordioides,7
S005,Chaetogaster diaphanus,10
S005,Opidonais sp.,9
S005,Amphichaeta asiatica,10
S005,Nais variabilis,2
S005,Stylaria fossularis,6
S005,Pristina biserrata,8
S005,Pristina longiseta,9
S005,Lumbriculus variegatus,10
S005,Erpobdella lineata,6
S005,Asellus sp.,2
S005,Gammarus sp.,7
S005,Collembola sp.,3
S005,Cloeon dipterum,3
S005,Procloeon maritimum,14
S005,Choroterpes altioculus,8
S005,Rhoenanthus coreanus,13
S005,Caenis sp.,8
S005,Psychoda sp.,6
S005,Dixidae sp.,14
S005,Benthalia sp.,2
S005,Chironomus edwardsi,4
S005,Chironomus sp.,2
S005,Cladotanytarsus vanderwulpi,8
S005,Demicryptochironomus sp.,4
S005,Dicrotendipes sp.,2
S005,Harnischia japonica,7
S005,Microchironomus tener,8
S005,Microtendipes sp.,4
S005,Nilothauma sp.,7
S005,Paratanytarsus sp.,9
S005,Paratendipes albimanus,9
S005,Paratendipes sp.,9
S005,Polypedilum asakawaense,2
S005,Polypedilum masudai,8
S005,Polypedilum cultellatum,3
S005,Polypedilum sp.,8
S005,Stictochironomus sp.,7
S005,Tanytarsus kiseogi,6
S005,Tanytarsus takahashii,11
S005,Tanytarsus tamakutibasi,7
S005,Tanytarsus sp.,6
S005,Thienemanniella sp.,13
S005,Cricotopus bicinctus,10
S005,Cricotopus bimaculatus,10
S005,Cricotopus sylvestris,6
S005,Cricotopus triannulatus,13
S005,Hydrobaenus kondoi,12
S005,Rheocricotopus sp.,8
S005,Ablabesmyia prorasha,5
S005,Ablabesmyia sp.,3
S005,Conchapelopia sp.,6
S005,Procladius choreus,10
S005,Rheopelopia sp.,9
S005,Cladopelma virescens,8
S005,Chironomidae sp.,9
S005,Syrphidae sp.,2
S006,Anodonta woodiana,12
S006,Musculium lacustre,10
S006,Bothrioneurum vejdoskynum,8
S006,Rhyacodrilus coccineus,10
S006,Tubifex tubifex,11
S006,Limnodrilus claparedeianus,4
S006,Limnodrilus hoffmeisteri,6
S006,Opidonais sp.,5
S006,Amphichaeta asiatica,6
S006,Haemonais waldvogeli,11
S006,Nais variabilis,5
S006,Stylaria fossularis,5
S006,Pristina longiseta,12
S006,Lamprotus orientalis,1
S006,Eisenia koreana,8
S006,Erpobdella lineata,9
S006,Cyprididae sp.,6
S006,Gnorimosphaeroma sp.,9
S006,Monocorophium sp.,4
S006,Collembola sp.,9
S006,Baetis fuscatus,10
S006,Cloeon dipterum,9
S006,Labiobaetis atrebatinus,4
S006,Procloeon maritimum,7
S006,Procloeon pennulatum,15
S006,Potamanthus formosus,7
S006,Rhoenanthus coreanus,5
S006,Ephemera orientalis,13
S006,Serratella setigera,7
S006,Benthalia sp.,10
S006,Chironomus circumdatus,9
S006,Chironomus flaviplumus,11
S006,Chironomus kiiensis,2
S006,Cryptochironomus sp.,13
S006,Demicryptochironomus sp.,7
S006,Dicrotendipes septemmaculatus,12
S006,Dicrotendipes sp.,4
S006,Glyptotendipes tokunagai,5
S006,Harnischia japonica,9
S006,Harnischiagumsanea,9
S006,Lipiniella moderata,15
S006,Parachironomus gracilior,14
S006,Parachironomus arcuatus,5
S006,Paratendipes albimanus,6
S006,Polypedilum asakawaense,7
S006,Polypedilum pedestre,10
S006,Polypedilum masudai,6
S006,Polypedilum nubeculosum,8
S006,Stictochironomus sp.,5
S006,Tanytarsus kiseogi,8
S006,Tanytarsus takahashii,10
S006,Tanytarsus tamakutibasi,6
S006,Thienemanniella sp.,14
S006,Brillia japonica,6
S006,Cricotopus bimaculatus,10
S006,Cricotopus triannulatus,11
S006,Eukiefferiella sp.,10
S006,Hydrobaenus kondoi,7
S006,Hydrobaenus sp.,11
S006,Limnophyes tamakitanaides,7
S006,Orthocladius sp.,12
S006,Paratrichocladius rufiventris,6
S006,Propsilocerus akamusi,7
S006,Rheocricotopus sp.,6
S006,Ablabesmyia longistyla,5
S006,Ablabesmyia monilis,7
S006,Conchapelopia sp.,10
S006,Procladius choreus,7
S006,Procladius nigriventris,1
S006,Rheopelopia sp.,10
S006,Saetheria tylus,8
S006,Chironomidae sp.,7
S007,Corbicula fluminea,5
S007,Bothrioneurum vejdoskynum,4
S007,Rhyacodrilus coccineus,14
S007,Limnodrilus claparedeianus,11
S007,Chaetogaster diaphanus,11
S007,Chaetogaster limnaei,10
S007,Stylaria fossularis,7
S007,Pristina longiseta,10
S007,Eisenia koreana,6
S007,Cloeon dipterum,1
S007,Procloeon maritimum,7
S007,Procloeon pennulatum,3
S007,Choroterpes altioculus,6
S007,Potamanthus formosus,12
S007,Rhoenanthus coreanus,9
S007,Ephemera orientalis,3
S007,Benthalia sp.,1
S007,Chironomus circumdatus,7
S007,Chironomus flaviplumus,1
S007,Chironomus nipponensis,3
S007,Cryptochironomus sp.,5
S007,Parachironomus gracilior,11
S007,Paratanytarsus sp.,5
S007,Paratendipes sp.,7
S007,Polypedilum pedestre,5
S007,Polypedilum nubifer,8
S007,Polypedilum cultellatum,5
S007,Polypedilum nubeculosum,1
S007,Tanytarsus kiseogi,5
S007,Tanytarsus takahashii,9
S007,Tanytarsus tamakutibasi,1
S007,Tanytarsus sp.,5
S007,Potthastia sp.,1
S007,Thienemanniella sp.,8
S007,Cricotopus bicinctus,4
S007,Cricotopus triannulatus,10
S007,Orthocladius sp.,5
S007,Propsilocerus akamusi,6
S007,Procladius nigriventris,2
S007,Rheopelopia sp.,7
S007,Saetheria tylus,9
S008,Anodonta woodiana,16
S008,Corbicula fluminea,9
S008,Tubifex tubifex,6
S008,Limnodrilus claparedeianus,7
S008,Limnodrilus hoffmeisteri,7
S008,Haplotaxis gordioides,10
S008,Chaetogaster diaphanus,7
S008,Opidonais sp.,6
S008,Amphichaeta asiatica,9
S008,Haemonais waldvogeli,6
S008,Nais communis,7
S008,Slavina appendiculata,8
S008,Stylaria fossularis,12
S008,Lamprotus orientalis,8
S008,Eisenia koreana,5
S008,Erpobdella lineata,15
S008,Gnorimosphaeroma sp.,11
S008,Cyathura higoensis,8
S008,Gammarus sp.,7
S008,Jesogammarus sp.,3
S008,Collembola sp.,7
S008,Baetis fuscatus,3
S008,Labiobaetis atrebatinus,7
S008,Procloeon maritimum,12
S008,Procloeon pennulatum,11
S008,Choroterpes altioculus,7
S008,Potamanthus formosus,8
S008,Rhoenanthus coreanus,12
S008,Ephoron shigae,7
S008,Ephemera orientalis,9
S008,Caenis sp.,9
S008,Dixidae sp.,8
S008,Ceratopogonidae sp.,6
S008,Benthalia sp.,9
S008,Chironomus circumdatus,10
S008,Chironomus flaviplumus,14
S008,Chironomus nipponensis,9
S008,Chironomus sp.,7
S008,Cryptochironomus sp.,13
S008,Demicryptochironomus sp.,7
S008,Dicrotendipes nervosus,7
S008,Dicrotendipes septemmaculatus,8
S008,Dicrotendipes sp.,6
S008,Harnischiagumsanea,5
S008,Lipiniella moderata,11
S008,Microchironomus tener,11
S008,Microchironomus sp.,11
S008,Microtendipes sp.,6
S008,Nilothauma sp.,10
S008,Parachironomus gracilior,11
S008,Paratendipes albimanus,7
S008,Polypedilum nubifer,3
S008,Polypedilum decematoguttatum,7
S008,Polypedilum masudai,13
S008,Polypedilum sp.,15
S008,Stictochironomus sinsauensis,9
S008,Stictochironomus sp.,9
S008,Tanytarsus kiseogi,4
S008,Tanytarsus takahashii,7
S008,Tanytarsus tamagotoi,8
S008,Tanytarsus tamakutibasi,5
S008,Potthastia sp.,8
S008,Thienemanniella sp.,11
S008,Eukiefferiella sp.,2
S008,Orthocladius glabripennis,7
S008,Orthocladius sp.,8
S008,Paratrichocladius rufiventris,4
S008,Propsilocerus akamusi,13
S008,Rheocricotopus sp.,8
S008,Ablabesmyia monilis,6
S008,Ablabesmyia sp.,15
S008,Procladius choreus,10
S008,Procladius nigriventris,4
S008,Procladius sp.,6
S008,Rheopelopia sp.,6
S008,Tanypus punctipennis,6
S008,Cladopelma edwardsi,6
S008,Cladopelma virescens,13
S008,Chironomidae sp.,9
S008,Syrphidae sp.,11
S008,Ecnomus sp.,2
S009,Hediste sp.,1
S009,Tubifex tubifex,5
S009,Limnodrilus claparedeianus,9
S009,Chaetogaster diaphanus,6
S009,Chaetogaster limnaei,11
S009,Pristina biserrata,11
S009,Pristina longiseta,12
S009,Gammarus sp.,3
S009,Ephoron shigae,12
S009,Ephemera orientalis,4
S009,Chironomus flaviplumus,4
S009,Cladotanytarsus vanderwulpi,4
S009,Demicryptochironomus sp.,5
S009,Dicrotendipes nervosus,3
S009,Dicrotendipes sp.,1
S009,Microchironomus tener,5
S009,Parachironomus gracilior,7
S009,Paratendipes albimanus,9
S009,Stictochironomus sp.,1
S009,Tanytarsus takahashii,5
S009,Tanytarsus tamakutibasi,7
S009,Potthastia sp.,3
S009,Thienemanniella sp.,5
S009,Corynoneura sp.,4
S009,Cricotopus bimaculatus,7
S009,Cricotopus sp.,5
S009,Eukiefferiella sp.,8
S009,Rheocricotopus sp.,9
S009,Ablabesmyia prorasha,14
S009,Conchapelopia sp.,8
S009,Procladius choreus,4
S009,Saetheria tylus,12
S009,Cladopelma virescens,7
S010,Anodonta woodiana,8
S010,Corbicula fluminea,13
S010,Musculium lacustre,3
S010,Branchiura sowerbyi,6
S010,Rhyacodrilus coccineus,7
S010,Limnodrilus claparedeianus,9
S010,Limnodrilus udekimineanus,6
S010,Haplotaxis gordioides,13
S010,Branchiodrilus hortensis,5
S010,Haemonais waldvogeli,15
S010,Nais variabilis,11
S010,Slavina appendiculata,5
S010,Stylaria fossularis,11
S010,Pristina biserrata,6
S010,Pristina longiseta,8
S010,Lumbriculus variegatus,8
S010,Erpobdella lineata,7
S010,Erpobdella sp.,6
S010,Gnorimosphaeroma sp.,10
S010,Cyathura higoensis,6
S010,Asellus sp.,6
S010,Gammarus sp.,10
S010,Baetis fuscatus,5
S010,Cloeon dipterum,3
S010,Labiobaetis atrebatinus,5
S010,Procloeon pennulatum,7
S010,Choroterpes altioculus,8
S010,Potamanthus formosus,9
S010,Rhoenanthus coreanus,8
S010,Ephoron shigae,5
S010,Ephemera orientalis,8
S010,Caenis sp.,10
S010,Benthalia sp.,9
S010,Chironomus circumdatus,8
S010,Chironomus kiiensis,2
S010,Chironomus edwardsi,4
S010,Cryptochironomus sp.,8
S010,Dicrotendipes nervosus,6
S010,Harnischia japonica,6
S010,Harnischia sp.,11
S010,Microchironomus tener,10
S010,Microtendipes sp.,3
S010,Paratendipes albimanus,13
S010,Paratendipes sp.,11
S010,Polypedilum asakawaense,8
S010,Polypedilum pedestre,7
S010,Polypedilum decematoguttatum,8
S010,Polypedilum masudai,6
S010,Polypedilum cultellatum,6
S010,Polypedilum nubeculosum,4
S010,Polypedilum sp.,5
S010,Stictochironomus sinsauensis,8
S010,Tanytarsus kiseogi,8
S010,Tanytarsus sp.,10
S010,Potthastia sp.,8
S010,Brillia japonica,10
S010,Cricotopus bicinctus,14
S010,Cricotopus bimaculatus,5
S010,Cricotopus sylvestris,2
S010,Cricotopus triannulatus,11
S010,Eukiefferiella sp.,12
S010,Hydrobaenus sp.,4
S010,Orthocladius glabripennis,8
S010,Orthocladius sp.,9
S010,Propsilocerus akamusi,9
S010,Conchapelopia sp.,5
S010,Procladius choreus,12
S010,Procladius sp.,7
S010,Rheopelopia sp.,4
S010,Tanypus punctipennis,4
S010,Saetheria tylus,8
S010,Cladopelma virescens,13
S010,Chironomidae sp.,7
S010,Syrphidae sp.,5
S010,Ecnomus sp.,10
S011,Musculium lacustre,8
S011,Hediste sp.,9
S011,Branchiura sowerbyi,7
S011,Bothrioneurum vejdoskynum,3
S011,Tubifex tubifex,5
S011,Limnodrilus claparedeianus,12
S011,Limnodrilus hoffmeisteri,12
S011,Haplotaxis gordioides,6
S011,Chaetogaster diaphanus,9
S011,Chaetogaster limnaei,10
S011,Branchiodrilus hortensis,2
S011,Opidonais sp.,6
S011,Haemonais waldvogeli,9
S011,Nais variabilis,8
S011,Nais communis,4
S011,Stylaria fossularis,7
S011,Pristina biserrata,12
S011,Henlea sp.,7
S011,Mesenchytreanus sp.,4
S011,Erpobdella lineata,11
S011,Erpobdella sp.,2
S011,Gnorimosphaeroma sp.,6
S011,Asellus sp.,10
S011,Gammarus sp.,6
S011,Collembola sp.,12
S011,Cloeon dipterum,5
S011,Procloeon maritimum,7
S011,Procloeon pennulatum,11
S011,Choroterpes altioculus,10
S011,Potamanthus formosus,13
S011,Rhoenanthus coreanus,7
S011,Ephemera orientalis,5
S011,Caenis sp.,10
S011,Psychoda sp.,5
S011,Dixidae sp.,5
S011,Ceratopogonidae sp.,15
S011,Chironomus circumdatus,11
S011,Chironomus flaviplumus,8
S011,Chironomus kiiensis,1
S011,Chironomus nipponensis,8
S011,Cladotanytarsus vanderwulpi,4
S011,Cryptochironomus sp.,7
S011,Demicryptochironomus sp.,10
S011,Dicrotendipes sp.,4
S011,Harnischia japonica,7
S011,Harnischia sp.,7
S011,Lipiniella moderata,7
S011,Microchironomus sp.,6
S011,Microtendipes sp.,13
S011,Nilothauma sp.,5
S011,Polypedilum pedestre,14
S011,Polypedilum decematoguttatum,7
S011,Polypedilum cultellatum,7
S011,Polypedilum nubeculosum,11
S011,Polypedilum sp.,8
S011,Stictochironomus sinsauensis,11
S011,Tanytarsus takahashii,3
S011,Tanytarsus tamakutibasi,9
S011,Tanytarsus sp.,7
S011,Thienemanniella sp.,11
S011,Corynoneura sp.,6
S011,Cricotopus bicinctus,10
S011,Cricotopus triannulatus,10
S011,Eukiefferiella sp.,8
S011,Hydrobaenus sp.,6
S011,Limnophyes tamakitanaides,4
S011,Orthocladius glabripennis,3
S011,Orthocladius sp.,5
S011,Paratrichocladius rufiventris,7
S011,Propsilocerus akamusi,11
S011,Rheocricotopus sp.,9
S011,Conchapelopia sp.,5
S011,Procladius choreus,9
S011,Procladius nigriventris,6
S011,Procladius sp.,10
S011,Rheopelopia sp.,5
S011,Cladopelma virescens,6
S011,Ecnomus sp.,3
S012,Anodonta woodiana,5
S012,Musculium lacustre,8
S012,Hediste sp.,4
S012,Branchiura sowerbyi,7
S012,Bothrioneurum vejdoskynum,7
S012,Tubifex tubifex,9
S012,Limnodrilus claparedeianus,5
S012,Limnodrilus hoffmeisteri,8
S012,Limnodrilus udekimineanus,11
S012,Haplotaxis gordioides,3
S012,Chaetogaster diaphanus,8
S012,Chaetogaster limnaei,6
S012,Amphichaeta asiatica,6
S012,Haemonais waldvogeli,4
S012,Nais variabilis,8
S012,Slavina appendiculata,10
S012,Stylaria fossularis,8
S012,Pristina biserrata,13
S012,Henlea sp.,11
S012,Mesenchytreanus sp.,10
S012,Lumbriculus variegatus,7
S012,Lamprotus orientalis,13
S012,Eisenia koreana,4
S012,Helobdella stagnalis,5
S012,Erpobdella sp.,10
S012,Cyprididae sp.,13
S012,Gnorimosphaeroma sp.,14
S012,Cyathura higoensis,12
S012,Asellus sp.,3
S012,Gammarus sp.,10
S012,Collembola sp.,6
S012,Cloeon dipterum,8
S012,Labiobaetis atrebatinus,11
S012,Procloeon pennulatum,9
S012,Choroterpes altioculus,15
S012,Rhoenanthus coreanus,9
S012,Ephoron shigae,10
S012,Serratella setigera,13
S012,Psychoda sp.,9
S012,Dixidae sp.,7
S012,Ceratopogonidae sp.,13
S012,Chironomus circumdatus,7
S012,Chironomus flaviplumus,5
S012,Chironomus nipponensis,6
S012,Chironomus edwardsi,7
S012,Cryptochironomus sp.,9
S012,Demicryptochironomus sp.,13
S012,Dicrotendipes nervosus,9
S012,Dicrotendipes pelochloris,5
S012,Dicrotendipes septemmaculatus,7
S012,Dicrotendipes sp.,10
S012,Harnischia japonica,3
S012,Harnischiagumsanea,3
S012,Lipiniella moderata,5
S012,Nilothauma sp.,10
S012,Parachironomus gracilior,6
S012,Parachironomus arcuatus,6
S012,Paratendipes albimanus,15
S012,Polypedilum asakawaense,5
S012,Polypedilum pedestre,8
S012,Polypedilum nubifer,6
S012,Polypedilum cultellatum,7
S012,Polypedilum nubeculosum,9
S012,Polypedilum sp.,8
S012,Stictochironomus sinsauensis,8
S012,Stictochironomus sp.,9
S012,Tanytarsus kiseogi,10
S012,Tanytarsus tamagotoi,10
S012,Tanytarsus tamakutibasi,7
S012,Tanytarsus sp.,12
S012,Thienemanniella sp.,7
S012,Brillia japonica,9
S012,Corynoneura sp.,3
S012,Cricotopus sp.,8
S012,Hydrobaenus sp.,7
S012,Limnophyes tamakitanaides,10
S012,Orthocladius glabripennis,6
S012,Orthocladius sp.,5
S012,Paratrichocladius rufiventris,8
S012,Rheocricotopus sp.,6
S012,Ablabesmyia longistyla,8
S012,Ablabesmyia prorasha,10
S012,Ablabesmyia sp.,7
S012,Hayesomyia tripunctata,9
S012,Procladius choreus,6
S012,Procladius nigriventris,5
S012,Procladius sp.,10
S012,Chironomidae sp.,8
S012,Syrphidae sp.,10
S012,Ecnomus sp.,14
S013,Anodonta woodiana,5
S013,Corbicula fluminea,7
S013,Bothrioneurum vejdoskynum,7
S013,Rhyacodrilus coccineus,13
S013,Tubifex tubifex,10
S013,Haplotaxis gordioides,7
S013,Chaetogaster limnaei,9
S013,Branchiodrilus hortensis,6
S013,Opidonais sp.,7
S013,Amphichaeta asiatica,8
S013,Slavina appendiculata,8
S013,Pristina biserrata,9
S013,Mesenchytreanus sp.,7
S013,Lumbriculus variegatus,8
S013,Lamprotus orientalis,7
S013,Eisenia koreana,10
S013,Helobdella stagnalis,7
S013,Erpobdella lineata,11
S013,Gnorimosphaeroma sp.,9
S013,Cyathura higoensis,7
S013,Gammarus sp.,11
S013,Monocorophium sp.,5
S013,Collembola sp.,7
S013,Cloeon dipterum,11
S013,Procloeon pennulatum,8
S013,Choroterpes altioculus,14
S013,Ephoron shigae,11
S013,Serratella setigera,8
S013,Dixidae sp.,13
S013,Ceratopogonidae sp.,10
S013,Benthalia sp.,10
S013,Chironomus kiiensis,4
S013,Chironomus nipponensis,12
S013,Chironomus edwardsi,5
S013,Chironomus sp.,10
S013,Cryptochironomus sp.,8
S013,Dicrotendipes nervosus,3
S013,Dicrotendipes pelochloris,4
S013,Dicrotendipes septemmaculatus,5
S013,Dicrotendipes sp.,3
S013,Glyptotendipes tokunagai,4
S013,Microchironomus tener,10
S013,Microtendipes sp.,10
S013,Nilothauma sp.,8
S013,Parachironomus gracilior,9
S013,Paratanytarsus sp.,5
S013,Paratendipes albimanus,10
S013,Paratendipes sp.,7
S013,Polypedilum nubifer,7
S013,Polypedilum decematoguttatum,6
S013,Polypedilum masudai,10
S013,Stictochironomus sp.,11
S013,Tanytarsus kiseogi,10
S013,Tanytarsus takahashii,9
S013,Tanytarsus tamagotoi,11
S013,Tanytarsus tamakutibasi,5
S013,Potthastia sp.,14
S013,Thienemanniella sp.,13
S013,Corynoneura sp.,8
S013,Cricotopus bimaculatus,9
S013,Cricotopus sylvestris,9
S013,Cricotopus triannulatus,9
S013,Cricotopus sp.,6
S013,Eukiefferiella sp.,4
S013,Hydrobaenus kondoi,10
S013,Hydrobaenus sp.,5
S013,Orthocladius glabripennis,8
S013,Orthocladius sp.,13
S013,Paratrichocladius rufiventris,6
S013,Propsilocerus akamusi,11
S013,Rheocricotopus sp.,8
S013,Ablabesmyia monilis,10
S013,Ablabesmyia prorasha,9
S013,Conchapelopia sp.,9
S013,Procladius sp.,13
S013,Saetheria tylus,12
S013,Cladopelma virescens,9
S013,Chironomidae sp.,11
S013,Syrphidae sp.,4
S014,Limnodrilus claparedeianus,9
S014,Haplotaxis gordioides,4
S014,Chaetogaster limnaei,3
S014,Pristina longiseta,3
S014,Collembola sp.,2
S014,Labiobaetis atrebatinus,1
S014,Ephemera orientalis,5
S014,Caenis sp.,5
S014,Chironomus flaviplumus,8
S014,Cryptochironomus sp.,5
S014,Demicryptochironomus sp.,4
S014,Dicrotendipes nervosus,3
S014,Harnischia japonica,3
S014,Microchironomus tener,5
S014,Polypedilum asakawaense,2
S014,Polypedilum pedestre,13
S014,Polypedilum cultellatum,4
S014,Stictochironomus sinsauensis,7
S014,Tanytarsus tamakutibasi,6
S014,Thienemanniella sp.,7
S014,Corynoneura sp.,2
S014,Cricotopus bicinctus,7
S014,Cricotopus triannulatus,6
S014,Eukiefferiella sp.,9
S014,Orthocladius sp.,8
S014,Paratrichocladius rufiventris,3
S014,Propsilocerus akamusi,7
S014,Saetheria tylus,13
S014,Cladopelma virescens,4
S015,Anodonta woodiana,5
S015,Haplotaxis gordioides,2
S015,Chaetogaster diaphanus,5
S015,Chaetogaster limnaei,9
S015,Opidonais sp.,7
S015,Stylaria fossularis,3
S015,Pristina biserrata,8
S015,Pristina longiseta,6
S015,Lamprotus orientalis,4
S015,Procloeon pennulatum,2
S015,Rhoenanthus coreanus,9
S015,Ephoron shigae,4
S015,Ephemera orientalis,5
S015,Dixidae sp.,2
S015,Harnischia japonica,2
S015,Harnischia sp.,4
S015,Paratanytarsus inopertus,4
S015,Polypedilum pedestre,9
S015,Polypedilum nubifer,6
S015,Tanytarsus kiseogi,7
S015,Tanytarsus tamagotoi,10
S015,Tanytarsus sp.,2
S015,Corynoneura sp.,8
S015,Propsilocerus akamusi,7
S015,Ablabesmyia prorasha,3
S015,Procladius choreus,3
S015,Rheopelopia sp.,1
S015,Cladopelma virescens,2
S015,Chironomidae sp.,1
S016,Anodonta woodiana,3
S016,Musculium lacustre,5
S016,Branchiura sowerbyi,11
S016,Rhyacodrilus coccineus,22
S016,Tubifex tubifex,8
S016,Limnodrilus claparedeianus,6
S016,Haplotaxis gordioides,11
S016,Opidonais sp.,13
S016,Amphichaeta asiatica,8
S016,Haemonais waldvogeli,7
S016,Nais variabilis,2
S016,Stylaria fossularis,10
S016,Pristina biserrata,12
S016,Pristina longiseta,7
S016,Lamprotus orientalis,10
S016,Helobdella stagnalis,10
S016,Erpobdella lineata,13
S016,Gnorimosphaeroma sp.,9
S016,Asellus sp.,2
S016,Gammarus sp.,5
S016,Collembola sp.,8
S016,Procloeon maritimum,10
S016,Procloeon pennulatum,9
S016,Choroterpes altioculus,10
S016,Rhoenanthus coreanus,12
S016,Ephoron shigae,9
S016,Serratella setigera,5
S016,Caenis sp.,5
S016,Psychoda sp.,5
S016,Dixidae sp.,3
S016,Benthalia sp.,5
S016,Chironomus circumdatus,6
S016,Chironomus kiiensis,1
S016,Chironomus nipponensis,13
S016,Chironomus edwardsi,8
S016,Chironomus sp.,4
S016,Cryptochironomus sp.,10
S016,Demicryptochironomus sp.,14
S016,Dicrotendipes nervosus,7
S016,Dicrotendipes septemmaculatus,1
S016,Glyptotendipes tokunagai,10
S016,Harnischia japonica,3
S016,Harnischia sp.,2
S016,Lipiniella moderata,5
S016,Microchironomus tener,7
S016,Nilothauma sp.,8
S016,Parachironomus gracilior,8
S016,Paratanytarsus grimmii,3
S016,Polypedilum decematoguttatum,7
S016,Polypedilum masudai,10
S016,Polypedilum cultellatum,4
S016,Polypedilum sp.,15
S016,Stictochironomus sinsauensis,6
S016,Stictochironomus sp.,8
S016,Tanytarsus takahashii,6
S016,Potthastia sp.,10
S016,Thienemanniella sp.,3
S016,Brillia japonica,5
S016,Corynoneura sp.,7
S016,Cricotopus sylvestris,2
S016,Cricotopus sp.,13
S016,Eukiefferiella sp.,9
S016,Limnophyes tamakitanaides,4
S016,Orthocladius glabripennis,6
S016,Orthocladius sp.,8
S016,Propsilocerus akamusi,6
S016,Rheocricotopus sp.,9
S016,Conchapelopia sp.,7
S016,Rheopelopia sp.,8
S016,Tanypus punctipennis,2
S016,Cladopelma virescens,9
S016,Chironomidae sp.,6
S017,Chaetogaster limnaei,8
S017,Opidonais sp.,13
S017,Pristina biserrata,4
S017,Pristina longiseta,6
S017,Lumbriculus variegatus,9
S017,Lamprotus orientalis,5
S017,Procloeon maritimum,8
S017,Choroterpes altioculus,4
S017,Ephemera orientalis,3
S017,Caenis sp.,3
S017,Dixidae sp.,3
S017,Chironomus circumdatus,9
S017,Cladotanytarsus vanderwulpi,2
S017,Demicryptochironomus sp.,3
S017,Dicrotendipes nervosus,1
S017,Lipiniella moderata,4
S017,Paratendipes sp.,8
S017,Polypedilum pedestre,5
S017,Thienemanniella sp.,3
S017,Corynoneura sp.,7
S017,Eukiefferiella sp.,6
S017,Ablabesmyia prorasha,6
S017,Rheopelopia sp.,3
S017,Syrphidae sp.,1
S018,Anodonta woodiana,6
S018,Bothrioneurum vejdoskynum,9
S018,Limnodrilus claparedeianus,13
S018,Limnodrilus hoffmeisteri,8
S018,Haplotaxis gordioides,7
S018,Chaetogaster limnaei,6
S018,Amphichaeta asiatica,8
S018,Henlea sp.,8
S018,Lamprotus orientalis,8
S018,Gnorimosphaeroma sp.,11
S018,Asellus sp.,8
S018,Gammarus sp.,7
S018,Labiobaetis atrebatinus,6
S018,Procloeon pennulatum,9
S018,Choroterpes altioculus,10
S018,Potamanthus formosus,4
S018,Rhoenanthus coreanus,8
S018,Ephoron shigae,7
S018,Ephemera orientalis,6
S018,Serratella setigera,7
S018,Caenis sp.,8
S018,Psychoda sp.,11
S018,Dixidae sp.,11
S018,Benthalia sp.,8
S018,Chironomus circumdatus,8
S018,Chironomus nipponensis,1
S018,Cryptochironomus sp.,11
S018,Dicrotendipes septemmaculatus,4
S018,Glyptotendipes tokunagai,7
S018,Harnischia japonica,9
S018,Lipiniella moderata,5
S018,Microtendipes sp.,8
S018,Nilothauma sp.,9
S018,Parachironomus gracilior,9
S018,Paratanytarsus grimmii,3
S018,Paratanytarsus sp.,8
S018,Paratendipes albimanus,5
S018,Paratendipes sp.,11
S018,Polypedilum asakawaense,3
S018,Polypedilum cultellatum,10
S018,Polypedilum nubeculosum,3
S018,Polypedilum sp.,2
S018,Stictochironomus sp.,7
S018,Tanytarsus kiseogi,11
S018,Tanytarsus tamakutibasi,12
S018,Tanytarsus sp.,6
S018,Potthastia sp.,8
S018,Thienemanniella sp.,5
S018,Corynoneura sp.,12
S018,Cricotopus bicinctus,11
S018,Cricotopus sylvestris,2
S018,Cricotopus sp.,10
S018,Eukiefferiella sp.,7
S018,Hydrobaenus sp.,7
S018,Orthocladius sp.,7
S018,Paratrichocladius rufiventris,5
S018,Propsilocerus akamusi,7
S018,Ablabesmyia sp.,11
S018,Conchapelopia sp.,5
S018,Procladius choreus,8
S018,Saetheria tylus,10
S018,Chironomidae sp.,12
S018,Syrphidae sp.,3
S019,Anodonta woodiana,6
S019,Corbicula fluminea,6
S019,Musculium lacustre,10
S019,Bothrioneurum vejdoskynum,7
S019,Rhyacodrilus coccineus,10
S019,Tubifex tubifex,5
S019,Limnodrilus hoffmeisteri,11
S019,Limnodrilus udekimineanus,5
S019,Haplotaxis gordioides,14
S019,Chaetogaster limnaei,4
S019,Branchiodrilus hortensis,12
S019,Opidonais sp.,3
S019,Nais communis,4
S019,Slavina appendiculata,4
S019,Stylaria fossularis,11
S019,Pristina biserrata,8
S019,Lumbriculus variegatus,12
S019,Lamprotus orientalis,14
S019,Eisenia koreana,14
S019,Cyprididae sp.,12
S019,Gnorimosphaeroma sp.,7
S019,Cyathura higoensis,6
S019,Asellus sp.,7
S019,Gammarus sp.,6
S019,Collembola sp.,7
S019,Cloeon dipterum,10
S019,Procloeon pennulatum,9
S019,Choroterpes altioculus,4
S019,Potamanthus formosus,10
S019,Rhoenanthus coreanus,10
S019,Ephemera orientalis,7
S019,Serratella setigera,7
S019,Caenis sp.,5
S019,Psychoda sp.,11
S019,Ceratopogonidae sp.,8
S019,Chironomus circumdatus,12
S019,Chironomus nipponensis,8
S019,Chironomus sp.,17
S019,Cladotanytarsus vanderwulpi,16
S019,Cryptochironomus sp.,16
S019,Demicryptochironomus sp.,11
S019,Dicrotendipes pelochloris,6
S019,Dicrotendipes sp.,8
S019,Harnischia japonica,6
S019,Harnischiagumsanea,11
S019,Lipiniella moderata,10
S019,Microchironomus tener,3
S019,Microchironomus sp.,11
S019,Microtendipes sp.,7
S019,Parachironomus gracilior,10
S019,Paratanytarsus grimmii,4
S019,Paratanytarsus sp.,9
S019,Paratendipes sp.,8
S019,Polypedilum asakawaense,11
S019,Polypedilum pedestre,9
S019,Polypedilum masudai,8
S019,Polypedilum cultellatum,13
S019,Polypedilum sp.,14
S019,Stictochironomus sp.,9
S019,Tanytarsus takahashii,6
S019,Tanytarsus tamakutibasi,12
S019,Tanytarsus sp.,6
S019,Potthastia sp.,7
S019,Thienemanniella sp.,3
S019,Brillia japonica,5
S019,Cricotopus sylvestris,10
S019,Cricotopus triannulatus,7
S019,Cricotopus sp.,9
S019,Eukiefferiella sp.,7
S019,Hydrobaenus kondoi,8
S019,Hydrobaenus sp.,7
S019,Orthocladius sp.,5
S019,Propsilocerus akamusi,8
S019,Rheocricotopus sp.,7
S019,Ablabesmyia monilis,8
S019,Ablabesmyia prorasha,13
S019,Ablabesmyia sp.,6
S019,Conchapelopia sp.,8
S019,Hayesomyia tripunctata,3
S019,Procladius choreus,9
S019,Procladius nigriventris,7
S019,Procladius sp.,12
S019,Tanypus punctipennis,4
S019,Saetheria tylus,6
S019,Cladopelma virescens,9
S019,Chironomidae sp.,5
S019,Syrphidae sp.,8
S020,Anodonta woodiana,7
S020,Corbicula fluminea,11
S020,Musculium lacustre,12
S020,Bothrioneurum vejdoskynum,5
S020,Rhyacodrilus coccineus,10
S020,Tubifex tubifex,4
S020,Limnodrilus claparedeianus,13
S020,Limnodrilus udekimineanus,4
S020,Chaetogaster diaphanus,6
S020,Opidonais sp.,8
S020,Haemonais waldvogeli,4
S020,Pristina biserrata,9
S020,Pristina longiseta,5
S020,Mesenchytreanus sp.,3
S020,Lamprotus orientalis,6
S020,Eisenia koreana,10
S020,Erpobdella lineata,5
S020,Baetis fuscatus,15
S020,Cloeon dipterum,2
S020,Procloeon pennulatum,9
S020,Potamanthus formosus,8
S020,Rhoenanthus coreanus,5
S020,Ephemera orientalis,8
S020,Chironomus circumdatus,6
S020,Chironomus flaviplumus,5
S020,Chironomus nipponensis,7
S020,Cryptochironomus sp.,10
S020,Demicryptochironomus sp.,9
S020,Dicrotendipes septemmaculatus,2
S020,Harnischia japonica,1
S020,Microchironomus tener,4
S020,Microtendipes sp.,8
S020,Paratendipes albimanus,9
S020,Polypedilum pedestre,5
S020,Polypedilum sp.,6
S020,Stictochironomus sinsauensis,5
S020,Tanytarsus kiseogi,9
S020,Tanytarsus tamagotoi,7
S020,Tanytarsus tamakutibasi,6
S020,Potthastia sp.,8
S020,Corynoneura sp.,9
S020,Cricotopus bicinctus,3
S020,Cricotopus triannulatus,8
S020,Cricotopus sp.,8
S020,Hydrobaenus kondoi,9
S020,Hydrobaenus sp.,5
S020,Orthocladius sp.,7
S020,Ablabesmyia monilis,8
S020,Ablabesmyia sp.,5
S020,Procladius sp.,2
S020,Rheopelopia sp.,8
S020,Saetheria tylus,6
S020,Cladopelma edwardsi,2
S020,Chironomidae sp.,8
S021,Anodonta woodiana,6
S021,Corbicula fluminea,3
S021,Bothrioneurum vejdoskynum,6
S021,Rhyacodrilus coccineus,6
S021,Limnodrilus claparedeianus,3
S021,Chaetogaster diaphanus,3
S021,Opidonais sp.,8
S021,Amphichaeta asiatica,8
S021,Stylaria fossularis,1
S021,Pristina biserrata,10
S021,Pristina longiseta,7
S021,Procloeon maritimum,13
S021,Choroterpes altioculus,6
S021,Rhoenanthus coreanus,13
S021,Chironomus flaviplumus,4
S021,Cladotanytarsus vanderwulpi,7
S021,Glyptotendipes tokunagai,3
S021,Polypedilum asakawaense,1
S021,Polypedilum pedestre,12
S021,Polypedilum masudai,5
S021,Polypedilum cultellatum,6
S021,Polypedilum sp.,2
S021,Stictochironomus sinsauensis,6
S021,Tanytarsus kiseogi,15
S021,Tanytarsus tamagotoi,4
S021,Tanytarsus tamakutibasi,5
S021,Cricotopus bimaculatus,4
S021,Cricotopus triannulatus,8
S021,Cricotopus sp.,3
S021,Orthocladius sp.,7
S021,Rheocricotopus sp.,11
S021,Ablabesmyia monilis,6
S021,Rheopelopia sp.,5
S021,Cladopelma virescens,5
S022,Corbicula fluminea,4
S022,Hediste sp.,3
S022,Rhyacodrilus coccineus,5
S022,Limnodrilus hoffmeisteri,6
S022,Limnodrilus udekimineanus,9
S022,Haplotaxis gordioides,9
S022,Chaetogaster diaphanus,8
S022,Chaetogaster limnaei,6
S022,Branchiodrilus hortensis,4
S022,Amphichaeta asiatica,5
S022,Nais variabilis,8
S022,Nais communis,7
S022,Stylaria fossularis,9
S022,Pristina biserrata,11
S022,Henlea sp.,4
S022,Mesenchytreanus sp.,10
S022,Lumbriculus variegatus,9
S022,Lamprotus orientalis,8
S022,Erpobdella lineata,11
S022,Erpobdella sp.,5
S022,Asellus sp.,9
S022,Jesogammarus sp.,3
S022,Baetis fuscatus,9
S022,Labiobaetis atrebatinus,8
S022,Procloeon maritimum,10
S022,Procloeon pennulatum,9
S022,Choroterpes altioculus,10
S022,Potamanthus formosus,10
S022,Ephoron shigae,8
S022,Ephemera orientalis,9
S022,Serratella setigera,14
S022,Caenis sp.,3
S022,Psychoda sp.,11
S022,Dixidae sp.,7
S022,Chironomus flaviplumus,8
S022,Chironomus kiiensis,7
S022,Chironomus nipponensis,14
S022,Cryptochironomus sp.,15
S022,Demicryptochironomus sp.,9
S022,Dicrotendipes nervosus,7
S022,Dicrotendipes sp.,5
S022,Harnischia sp.,16
S022,Nilothauma sp.,11
S022,Parachironomus gracilior,6
S022,Paratanytarsus inopertus,11
S022,Paratanytarsus grimmii,7
S022,Paratanytarsus sp.,2
S022,Polypedilum pedestre,10
S022,Polypedilum nubifer,7
S022,Polypedilum decematoguttatum,8
S022,Polypedilum nubeculosum,5
S022,Stictochironomus sp.,8
S022,Tanytarsus kiseogi,10
S022,Tanytarsus tamagotoi,8
S022,Tanytarsus tamakutibasi,6
S022,Tanytarsus sp.,7
S022,Corynoneura sp.,7
S022,Cricotopus bicinctus,7
S022,Cricotopus sylvestris,8
S022,Cricotopus triannulatus,6
S022,Cricotopus sp.,8
S022,Eukiefferiella sp.,8
S022,Hydrobaenus kondoi,10
S022,Hydrobaenus sp.,5
S022,Paratrichocladius rufiventris,10
S022,Rheocricotopus sp.,4
S022,Ablabesmyia prorasha,10
S022,Ablabesmyia sp.,10
S022,Hayesomyia tripunctata,3
S022,Rheopelopia sp.,9
S022,Tanypus punctipennis,3
S022,Chironomidae sp.,6
S022,Ephydridae sp.,4
S023,Anodonta woodiana,10
S023,Corbicula fluminea,5
S023,Hediste sp.,7
S023,Tubifex tubifex,9
S023,Chaetogaster diaphanus,13
S023,Chaetogaster limnaei,13
S023,Branchiodrilus hortensis,11
S023,Opidonais sp.,10
S023,Amphichaeta asiatica,11
S023,Haemonais waldvogeli,6
S023,Nais variabilis,9
S023,Nais communis,7
S023,Slavina appendiculata,3
S023,Stylaria fossularis,5
S023,Pristina longiseta,11
S023,Henlea sp.,6
S023,Mesenchytreanus sp.,3
S023,Lumbriculus variegatus,14
S023,Eisenia koreana,5
S023,Helobdella stagnalis,4
S023,Erpobdella lineata,10
S023,Cyprididae sp.,8
S023,Cloeon dipterum,6
S023,Labiobaetis atrebatinus,6
S023,Procloeon pennulatum,6
S023,Potamanthus formosus,12
S023,Ephoron shigae,2
S023,Serratella setigera,5
S023,Caenis sp.,9
S023,Psychoda sp.,5
S023,Dixidae sp.,12
S023,Benthalia sp.,4
S023,Chironomus circumdatus,4
S023,Chironomus flaviplumus,12
S023,Chironomus nipponensis,12
S023,Cryptochironomus sp.,10
S023,Demicryptochironomus sp.,11
S023,Dicrotendipes septemmaculatus,6
S023,Dicrotendipes sp.,7
S023,Glyptotendipes tokunagai,5
S023,Harnischia japonica,8
S023,Harnischiagumsanea,12
S023,Harnischia sp.,3
S023,Lipiniella moderata,4
S023,Nilothauma sp.,14
S023,Parachironomus gracilior,8
S023,Paratanytarsus inopertus,7
S023,Paratanytarsus grimmii,8
S023,Paratanytarsus sp.,7
S023,Polypedilum pedestre,10
S023,Polypedilum nubifer,9
S023,Polypedilum masudai,9
S023,Stictochironomus sp.,9
S023,Tanytarsus kiseogi,8
S023,Tanytarsus takahashii,10
S023,Tanytarsus tamagotoi,8
S023,Tanytarsus tamakutibasi,9
S023,Tanytarsus formosanus,4
S023,Tanytarsus sp.,9
S023,Potthastia sp.,11
S023,Brillia japonica,9
S023,Corynoneura sp.,8
S023,Cricotopus bicinctus,11
S023,Cricotopus bimaculatus,7
S023,Cricotopus sylvestris,12
S023,Cricotopus sp.,17
S023,Eukiefferiella sp.,11
S023,Hydrobaenus sp.,8
S023,Limnophyes tamakitanaides,5
S023,Orthocladius sp.,4
S023,Propsilocerus akamusi,8
S023,Rheocricotopus sp.,4
S023,Ablabesmyia longistyla,10
S023,Ablabesmyia monilis,9
S023,Ablabesmyia prorasha,6
S023,Ablabesmyia sp.,11
S023,Conchapelopia sp.,8
S023,Hayesomyia tripunctata,4
S023,Procladius sp.,6
S023,Rheopelopia sp.,7
S023,Saetheria tylus,11
S023,Cladopelma virescens,8
S023,Syrphidae sp.,5
S023,Ephydridae sp.,2
S024,Anodonta woodiana,11
S024,Musculium lacustre,5
S024,Branchiura sowerbyi,6
S024,Rhyacodrilus coccineus,10
S024,Tubifex tubifex,11
S024,Limnodrilus claparedeianus,12
S024,Limnodrilus hoffmeisteri,10
S024,Haplotaxis gordioides,8
S024,Chaetogaster diaphanus,10
S024,Branchiodrilus hortensis,5
S024,Haemonais waldvogeli,9
S024,Nais variabilis,3
S024,Stylaria fossularis,7
S024,Pristina biserrata,8
S024,Henlea sp.,9
S024,Lamprotus orientalis,7
S024,Eisenia koreana,7
S024,Helobdella stagnalis,5
S024,Erpobdella lineata,3
S024,Gnorimosphaeroma sp.,5
S024,Asellus sp.,4
S024,Gammarus sp.,8
S024,Collembola sp.,12
S024,Baetis fuscatus,8
S024,Cloeon dipterum,9
S024,Procloeon maritimum,12
S024,Procloeon pennulatum,7
S024,Choroterpes altioculus,3
S024,Rhoenanthus coreanus,10
S024,Ephoron shigae,6
S024,Caenis sp.,9
S024,Psychoda sp.,6
S024,Benthalia sp.,6
S024,Chironomus edwardsi,4
S024,Cryptochironomus sp.,13
S024,Demicryptochironomus sp.,9
S024,Dicrotendipes nervosus,11
S024,Dicrotendipes septemmaculatus,2
S024,Glyptotendipes tokunagai,4
S024,Harnischia japonica,10
S024,Lipiniella moderata,10
S024,Microchironomus tener,10
S024,Microtendipes sp.,7
S024,Nilothauma sp.,9
S024,Parachironomus gracilior,10
S024,Paratendipes albimanus,11
S024,Paratendipes sp.,8
S024,Polypedilum pedestre,11
S024,Polypedilum nubifer,7
S024,Polypedilum masudai,9
S024,Polypedilum cultellatum,5
S024,Polypedilum nubeculosum,4
S024,Polypedilum sp.,6
S024,Stictochironomus sinsauensis,9
S024,Stictochironomus sp.,5
S024,Tanytarsus takahashii,10
S024,Tanytarsus tamagotoi,11
S024,Tanytarsus tamakutibasi,8
S024,Thienemanniella sp.,7
S024,Corynoneura sp.,7
S024,Cricotopus bicinctus,8
S024,Cricotopus bimaculatus,6
S024,Cricotopus triannulatus,9
S024,Cricotopus sp.,9
S024,Hydrobaenus sp.,7
S024,Orthocladius glabripennis,6
S024,Orthocladius sp.,8
S024,Propsilocerus akamusi,7
S024,Rheocricotopus sp.,8
S024,Ablabesmyia monilis,7
S024,Conchapelopia sp.,6
S024,Procladius sp.,5
S024,Rheopelopia sp.,7
S024,Saetheria tylus,13
S024,Cladopelma virescens,8
S024,Chironomidae sp.,4
S025,Anodonta woodiana,7
S025,Hediste sp.,7
S025,Rhyacodrilus coccineus,13
S025,Limnodrilus hoffmeisteri,5
S025,Limnodrilus udekimineanus,5
S025,Haplotaxis gordioides,7
S025,Chaetogaster diaphanus,7
S025,Chaetogaster limnaei,7
S025,Amphichaeta asiatica,10
S025,Nais variabilis,10
S025,Pristina biserrata,4
S025,Mesenchytreanus sp.,8
S025,Lumbriculus variegatus,14
S025,Cyprididae sp.,7
S025,Gnorimosphaeroma sp.,10
S025,Collembola sp.,9
S025,Baetis fuscatus,11
S025,Labiobaetis atrebatinus,8
S025,Procloeon maritimum,6
S025,Procloeon pennulatum,8
S025,Choroterpes altioculus,9
S025,Potamanthus formosus,11
S025,Ephoron shigae,9
S025,Serratella setigera,6
S025,Psychoda sp.,11
S025,Chironomus circumdatus,11
S025,Chironomus kiiensis,3
S025,Chironomus edwardsi,1
S025,Dicrotendipes nervosus,6
S025,Dicrotendipes pelochloris,3
S025,Glyptotendipes tokunagai,9
S025,Harnischiagumsanea,7
S025,Harnischia sp.,8
S025,Lipiniella moderata,8
S025,Microchironomus tener,6
S025,Microtendipes sp.,6
S025,Parachironomus gracilior,10
S025,Paratanytarsus sp.,14
S025,Paratendipes albimanus,6
S025,Polypedilum pedestre,2
S025,Polypedilum nubifer,6
S025,Polypedilum decematoguttatum,8
S025,Polypedilum cultellatum,10
S025,Stictochironomus sinsauensis,10
S025,Stictochironomus sp.,4
S025,Tanytarsus tamagotoi,14
S025,Tanytarsus tamakutibasi,13
S025,Tanytarsus formosanus,1
S025,Tanytarsus sp.,10
S025,Brillia japonica,8
S025,Corynoneura sp.,6
S025,Cricotopus bicinctus,6
S025,Cricotopus sylvestris,9
S025,Cricotopus sp.,12
S025,Eukiefferiella sp.,7
S025,Hydrobaenus kondoi,8
S025,Hydrobaenus sp.,9
S025,Limnophyes tamakitanaides,5
S025,Orthocladius glabripennis,5
S025,Propsilocerus akamusi,14
S025,Ablabesmyia monilis,5
S025,Ablabesmyia prorasha,6
S025,Ablabesmyia sp.,7
S025,Conchapelopia sp.,12
S025,Rheopelopia sp.,12
S025,Saetheria tylus,5
S025,Cladopelma edwardsi,8
S025,Cladopelma virescens,12
S025,Chironomidae sp.,4
S025,Syrphidae sp.,3
S026,Anodonta woodiana,10
S026,Branchiura sowerbyi,6
S026,Bothrioneurum vejdoskynum,9
S026,Rhyacodrilus coccineus,7
S026,Tubifex tubifex,4
S026,Limnodrilus hoffmeisteri,8
S026,Chaetogaster limnaei,9
S026,Opidonais sp.,4
S026,Nais variabilis,6
S026,Stylaria fossularis,10
S026,Lumbriculus variegatus,9
S026,Erpobdella lineata,5
S026,Cloeon dipterum,5
S026,Procloeon maritimum,8
S026,Procloeon pennulatum,8
S026,Choroterpes altioculus,3
S026,Potamanthus formosus,7
S026,Rhoenanthus coreanus,6
S026,Ephoron shigae,11
S026,Serratella setigera,3
S026,Caenis sp.,4
S026,Dixidae sp.,11
S026,Ceratopogonidae sp.,11
S026,Chironomus flaviplumus,9
S026,Chironomus edwardsi,1
S026,Chironomus sp.,3
S026,Demicryptochironomus sp.,15
S026,Dicrotendipes nervosus,7
S026,Harnischia japonica,5
S026,Harnischia sp.,2
S026,Parachironomus gracilior,7
S026,Parachironomus arcuatus,3
S026,Paratanytarsus sp.,7
S026,Paratendipes sp.,10
S026,Polypedilum nubifer,11
S026,Polypedilum masudai,1
S026,Polypedilum cultellatum,2
S026,Tanytarsus kiseogi,12
S026,Tanytarsus takahashii,8
S026,Tanytarsus tamakutibasi,7
S026,Potthastia sp.,7
S026,Thienemanniella sp.,7
S026,Brillia japonica,9
S026,Cricotopus bimaculatus,6
S026,Cricotopus sylvestris,6
S026,Eukiefferiella sp.,5
S026,Hydrobaenus kondoi,6
S026,Hydrobaenus sp.,8
S026,Orthocladius sp.,13
S026,Rheocricotopus sp.,4
S026,Ablabesmyia prorasha,4
S026,Procladius choreus,10
S026,Procladius sp.,4
S026,Saetheria tylus,9
S026,Cladopelma virescens,5
S027,Anodonta woodiana,13
S027,Hediste sp.,10
S027,Rhyacodrilus coccineus,11
S027,Tubifex tubifex,11
S027,Limnodrilus hoffmeisteri,8
S027,Chaetogaster diaphanus,8
S027,Chaetogaster limnaei,13
S027,Branchiodrilus hortensis,1
S027,Opidonais sp.,6
S027,Amphichaeta asiatica,9
S027,Haemonais waldvogeli,12
S027,Stylaria fossularis,1
S027,Pristina biserrata,12
S027,Pristina longiseta,12
S027,Henlea sp.,5
S027,Mesenchytreanus sp.,7
S027,Lumbriculus variegatus,10
S027,Lamprotus orientalis,7
S027,Gammarus sp.,4
S027,Collembola sp.,10
S027,Procloeon maritimum,8
S027,Procloeon pennulatum,10
S027,Potamanthus formosus,4
S027,Rhoenanthus coreanus,10
S027,Ephoron shigae,8
S027,Caenis sp.,10
S027,Ceratopogonidae sp.,9
S027,Chironomus kiiensis,3
S027,Cryptochironomus sp.,8
S027,Demicryptochironomus sp.,9
S027,Dicrotendipes nervosus,5
S027,Lipiniella moderata,11
S027,Microchironomus tener,6
S027,Microtendipes sp.,7
S027,Nilothauma sp.,10
S027,Parachironomus gracilior,11
S027,Paratanytarsus inopertus,4
S027,Paratanytarsus sp.,7
S027,Paratendipes sp.,8
S027,Polypedilum asakawaense,3
S027,Polypedilum pedestre,10
S027,Polypedilum decematoguttatum,11
S027,Polypedilum masudai,6
S027,Tanytarsus kiseogi,8
S027,Tanytarsus takahashii,10
S027,Tanytarsus tamakutibasi,5
S027,Tanytarsus sp.,6
S027,Potthastia sp.,6
S027,Brillia japonica,8
S027,Cricotopus sp.,7
S027,Eukiefferiella sp.,6
S027,Hydrobaenus kondoi,9
S027,Hydrobaenus sp.,6
S027,Orthocladius glabripennis,6
S027,Propsilocerus akamusi,7
S027,Rheocricotopus sp.,9
S027,Ablabesmyia monilis,8
S027,Ablabesmyia prorasha,10
S027,Ablabesmyia sp.,8
S027,Hayesomyia tripunctata,2
S027,Procladius choreus,10
S027,Procladius nigriventris,2
S027,Saetheria tylus,9
S027,Cladopelma virescens,11
S027,Chironomidae sp.,9
S027,Syrphidae sp.,1
S028,Branchiodrilus hortensis,1
S028,Henlea sp.,1
S028,Cloeon dipterum,1
S028,Potamanthus formosus,9
S028,Rhoenanthus coreanus,7
S028,Psychoda sp.,4
S028,Nilothauma sp.,2
S028,Polypedilum decematoguttatum,1
S028,Polypedilum masudai,2
S028,Saetheria tylus,1
S028,Cladopelma virescens,2
S029,Corbicula fluminea,5
S029,Musculium lacustre,7
S029,Hediste sp.,6
S029,Branchiura sowerbyi,8
S029,Rhyacodrilus coccineus,7
S029,Limnodrilus claparedeianus,10
S029,Limnodrilus hoffmeisteri,6
S029,Limnodrilus udekimineanus,3
S029,Haplotaxis gordioides,10
S029,Chaetogaster diaphanus,7
S029,Chaetogaster limnaei,11
S029,Branchiodrilus hortensis,3
S029,Opidonais sp.,5
S029,Haemonais waldvogeli,13
S029,Nais communis,3
S029,Stylaria fossularis,9
S029,Pristina biserrata,13
S029,Henlea sp.,10
S029,Mesenchytreanus sp.,3
S029,Lumbriculus variegatus,11
S029,Lamprotus orientalis,5
S029,Eisenia koreana,8
S029,Gnorimosphaeroma sp.,10
S029,Gammarus sp.,10
S029,Procloeon maritimum,8
S029,Choroterpes altioculus,8
S029,Potamanthus formosus,11
S029,Ephemera orientalis,8
S029,Serratella setigera,11
S029,Psychoda sp.,7
S029,Dixidae sp.,9
S029,Ceratopogonidae sp.,12
S029,Benthalia sp.,7
S029,Chironomus circumdatus,12
S029,Chironomus flaviplumus,6
S029,Chironomus kiiensis,6
S029,Chironomus nipponensis,13
S029,Cladotanytarsus vanderwulpi,9
S029,Cryptochironomus sp.,12
S029,Dicrotendipes nervosus,9
S029,Harnischia japonica,9
S029,Harnischia sp.,8
S029,Lipiniella moderata,10
S029,Microchironomus tener,5
S029,Microchironomus sp.,7
S029,Parachironomus gracilior,8
S029,Paratanytarsus inopertus,5
S029,Paratendipes sp.,9
S029,Polypedilum pedestre,7
S029,Polypedilum nubifer,15
S029,Polypedilum decematoguttatum,5
S029,Polypedilum masudai,10
S029,Polypedilum cultellatum,5
S029,Polypedilum sp.,7
S029,Stictochironomus sinsauensis,5
S029,Stictochironomus sp.,10
S029,Tanytarsus kiseogi,8
S029,Tanytarsus tamagotoi,6
S029,Tanytarsus tamakutibasi,10
S029,Potthastia sp.,8
S029,Thienemanniella sp.,5
S029,Brillia japonica,5
S029,Corynoneura sp.,13
S029,Cricotopus bicinctus,9
S029,Cricotopus bimaculatus,8
S029,Cricotopus sylvestris,8
S029,Cricotopus triannulatus,5
S029,Cricotopus sp.,8
S029,Eukiefferiella sp.,7
S029,Hydrobaenus kondoi,7
S029,Hydrobaenus sp.,7
S029,Limnophyes tamakitanaides,11
S029,Orthocladius glabripennis,7
S029,Orthocladius sp.,7
S029,Rheocricotopus sp.,10
S029,Ablabesmyia monilis,6
S029,Ablabesmyia prorasha,12
S029,Ablabesmyia sp.,9
S029,Conchapelopia sp.,8
S029,Procladius choreus,3
S029,Procladius sp.,8
S029,Cladopelma edwardsi,5
S029,Cladopelma virescens,9
S029,Chironomidae sp.,13
S030,Anodonta woodiana,5
S030,Rhyacodrilus coccineus,15
S030,Tubifex tubifex,2
S030,Limnodrilus claparedeianus,7
S030,Haplotaxis gordioides,6
S030,Chaetogaster diaphanus,5
S030,Chaetogaster limnaei,5
S030,Opidonais sp.,11
S030,Nais variabilis,1
S030,Stylaria fossularis,7
S030,Pristina biserrata,7
S030,Pristina longiseta,4
S030,Henlea sp.,1
S030,Lamprotus orientalis,4
S030,Helobdella stagnalis,3
S030,Gammarus sp.,3
S030,Baetis fuscatus,1
S030,Choroterpes altioculus,8
S030,Psychoda sp.,4
S030,Chironomus edwardsi,1
S030,Cladotanytarsus vanderwulpi,2
S030,Dicrotendipes nervosus,5
S030,Microchironomus tener,2
S030,Paratendipes sp.,5
S030,Polypedilum pedestre,7
S030,Polypedilum nubifer,6
S030,Tanytarsus kiseogi,3
S030,Corynoneura sp.,5
S030,Cricotopus bicinctus,8
S030,Cricotopus bimaculatus,7
S030,Propsilocerus akamusi,3
S030,Rheopelopia sp.,1
S030,Saetheria tylus,13
S030,Chironomidae sp.,10
S031,Anodonta woodiana,8
S031,Musculium lacustre,4
S031,Hediste sp.,3
S031,Rhyacodrilus coccineus,6
S031,Limnodrilus claparedeianus,9
S031,Chaetogaster limnaei,6
S031,Opidonais sp.,5
S031,Nais variabilis,3
S031,Pristina longiseta,6
S031,Lumbriculus variegatus,2
S031,Helobdella stagnalis,9
S031,Gnorimosphaeroma sp.,4
S031,Cloeon dipterum,5
S031,Procloeon maritimum,15
S031,Potamanthus formosus,11
S031,Rhoenanthus coreanus,6
S031,Ephoron shigae,8
S031,Serratella setigera,3
S031,Caenis sp.,7
S031,Chironomus nipponensis,4
S031,Microchironomus tener,2
S031,Microtendipes sp.,6
S031,Nilothauma sp.,5
S031,Parachironomus gracilior,12
S031,Paratanytarsus sp.,6
S031,Paratendipes sp.,10
S031,Polypedilum nubifer,7
S031,Polypedilum decematoguttatum,5
S031,Polypedilum cultellatum,1
S031,Polypedilum sp.,1
S031,Tanytarsus kiseogi,7
S031,Tanytarsus tamagotoi,7
S031,Tanytarsus tamakutibasi,5
S031,Cricotopus bimaculatus,11
S031,Cricotopus sylvestris,2
S031,Cricotopus sp.,4
S031,Hydrobaenus kondoi,5
S031,Orthocladius glabripennis,2
S031,Paratrichocladius rufiventris,1
S031,Propsilocerus akamusi,4
S031,Rheocricotopus sp.,10
S031,Ablabesmyia sp.,1
S031,Conchapelopia sp.,5
S031,Saetheria tylus,10
S031,Cladopelma virescens,5
S032,Corbicula fluminea,8
S032,Bothrioneurum vejdoskynum,6
S032,Rhyacodrilus coccineus,8
S032,Limnodrilus udekimineanus,1
S032,Pristina biserrata,10
S032,Pristina longiseta,8
S032,Eisenia koreana,6
S032,Erpobdella lineata,8
S032,Gnorimosphaeroma sp.,2
S032,Asellus sp.,2
S032,Gammarus sp.,4
S032,Collembola sp.,4
S032,Procloeon maritimum,5
S032,Procloeon pennulatum,7
S032,Choroterpes altioculus,8
S032,Ephoron shigae,7
S032,Ephemera orientalis,10
S032,Serratella setigera,1
S032,Caenis sp.,8
S032,Chironomus circumdatus,8
S032,Lipiniella moderata,4
S032,Nilothauma sp.,4
S032,Parachironomus gracilior,14
S032,Paratendipes albimanus,9
S032,Polypedilum pedestre,14
S032,Polypedilum nubifer,6
S032,Polypedilum decematoguttatum,2
S032,Tanytarsus kiseogi,10
S032,Tanytarsus takahashii,4
S032,Tanytarsus tamagotoi,8
S032,Tanytarsus tamakutibasi,8
S032,Thienemanniella sp.,9
S032,Cricotopus bicinctus,8
S032,Cricotopus triannulatus,4
S032,Hydrobaenus sp.,6
S032,Orthocladius sp.,8
S032,Ablabesmyia prorasha,7
S032,Ablabesmyia sp.,4
S032,Conchapelopia sp.,10
S032,Rheopelopia sp.,8
S032,Saetheria tylus,9
S032,Cladopelma virescens,4
S032,Chironomidae sp.,7
S033,Rhyacodrilus coccineus,1
S033,Collembola sp.,1
S033,Potamanthus formosus,4
S033,Ephoron shigae,5
S033,Caenis sp.,3
S033,Chironomus circumdatus,3
S033,Cryptochironomus sp.,3
S033,Paratendipes sp.,4
S033,Polypedilum pedestre,3
S033,Polypedilum nubifer,1
S033,Thienemanniella sp.,3
S033,Hydrobaenus kondoi,1
S033,Ablabesmyia prorasha,1
S033,Chironomidae sp.,4
S033,Ephydridae sp.,1
S034,Anodonta woodiana,4
S034,Rhyacodrilus coccineus,15
S034,Tubifex tubifex,3
S034,Limnodrilus claparedeianus,6
S034,Chaetogaster limnaei,9
S034,Opidonais sp.,11
S034,Pristina biserrata,9
S034,Lamprotus orientalis,8
S034,Procloeon maritimum,3
S034,Potamanthus formosus,7
S034,Rhoenanthus coreanus,10
S034,Chironomus circumdatus,5
S034,Cladotanytarsus vanderwulpi,4
S034,Dicrotendipes nervosus,4
S034,Microchironomus tener,6
S034,Paratendipes sp.,4
S034,Tanytarsus kiseogi,5
S034,Thienemanniella sp.,4
S034,Corynoneura sp.,4
S034,Eukiefferiella sp.,2
S034,Hydrobaenus sp.,1
S034,Orthocladius glabripennis,2
S034,Orthocladius sp.,3
S034,Ablabesmyia prorasha,8
S034,Conchapelopia sp.,4
S034,Saetheria tylus,13
S034,Ecnomus sp.,2
S035,Bothrioneurum vejdoskynum,3
S035,Rhyacodrilus coccineus,3
S035,Chaetogaster diaphanus,2
S035,Chaetogaster limnaei,9
S035,Opidonais sp.,4
S035,Stylaria fossularis,4
S035,Lumbriculus variegatus,6
S035,Choroterpes altioculus,3
S035,Rhoenanthus coreanus,13
S035,Chironomus circumdatus,11
S035,Cryptochironomus sp.,6
S035,Demicryptochironomus sp.,15
S035,Microchironomus sp.,1
S035,Paratendipes albimanus,6
S035,Stictochironomus sinsauensis,5
S035,Tanytarsus kiseogi,6
S035,Tanytarsus tamakutibasi,7
S035,Cricotopus bicinctus,8
S035,Eukiefferiella sp.,6
S035,Ablabesmyia prorasha,4
S035,Conchapelopia sp.,3
S035,Saetheria tylus,1
S035,Cladopelma virescens,8
S035,Ecnomus sp.,1
S036,Anodonta woodiana,8
S036,Corbicula fluminea,3
S036,Hediste sp.,4
S036,Branchiura sowerbyi,7
S036,Rhyacodrilus coccineus,9
S036,Tubifex tubifex,8
S036,Limnodrilus claparedeianus,6
S036,Limnodrilus udekimineanus,7
S036,Opidonais sp.,15
S036,Haemonais waldvogeli,5
S036,Nais variabilis,12
S036,Nais communis,10
S036,Stylaria fossularis,7
S036,Pristina biserrata,9
S036,Pristina longiseta,12
S036,Henlea sp.,5
S036,Mesenchytreanus sp.,2
S036,Lumbriculus variegatus,11
S036,Lamprotus orientalis,10
S036,Helobdella stagnalis,7
S036,Erpobdella lineata,8
S036,Asellus sp.,7
S036,Monocorophium sp.,7
S036,Collembola sp.,14
S036,Baetis fuscatus,8
S036,Cloeon dipterum,5
S036,Labiobaetis atrebatinus,11
S036,Procloeon pennulatum,8
S036,Choroterpes altioculus,8
S036,Ephoron shigae,12
S036,Ephemera orientalis,8
S036,Benthalia sp.,10
S036,Chironomus circumdatus,10
S036,Chironomus edwardsi,1
S036,Cladotanytarsus vanderwulpi,8
S036,Glyptotendipes tokunagai,8
S036,Harnischia japonica,9
S036,Microchironomus tener,5
S036,Microtendipes sp.,4
S036,Paratanytarsus grimmii,2
S036,Polypedilum asakawaense,4
S036,Polypedilum nubifer,7
S036,Polypedilum decematoguttatum,7
S036,Polypedilum cultellatum,9
S036,Polypedilum sp.,10
S036,Stictochironomus sinsauensis,6
S036,Stictochironomus sp.,3
S036,Tanytarsus kiseogi,7
S036,Tanytarsus takahashii,15
S036,Tanytarsus tamagotoi,6
S036,Tanytarsus tamakutibasi,11
S036,Thienemanniella sp.,3
S036,Brillia japonica,7
S036,Cricotopus bicinctus,7
S036,Cricotopus bimaculatus,9
S036,Cricotopus triannulatus,14
S036,Cricotopus sp.,8
S036,Hydrobaenus sp.,10
S036,Paratrichocladius rufiventris,9
S036,Propsilocerus akamusi,6
S036,Ablabesmyia sp.,11
S036,Procladius choreus,9
S036,Procladius sp.,8
S036,Rheopelopia sp.,12
S036,Cladopelma virescens,11
S036,Chironomidae sp.,3
S036,Syrphidae sp.,1
S037,Anodonta woodiana,7
S037,Corbicula fluminea,9
S037,Musculium lacustre,7
S037,Branchiura sowerbyi,3
S037,Limnodrilus hoffmeisteri,10
S037,Haplotaxis gordioides,7
S037,Chaetogaster limnaei,6
S037,Amphichaeta asiatica,6
S037,Nais communis,3
S037,Slavina appendiculata,3
S037,Pristina biserrata,7
S037,Mesenchytreanus sp.,4
S037,Lamprotus orientalis,9
S037,Helobdella stagnalis,5
S037,Cyprididae sp.,1
S037,Baetis fuscatus,10
S037,Procloeon maritimum,8
S037,Choroterpes altioculus,12
S037,Rhoenanthus coreanus,10
S037,Ephoron shigae,5
S037,Ephemera orientalis,8
S037,Serratella setigera,13
S037,Caenis sp.,7
S037,Dixidae sp.,9
S037,Ceratopogonidae sp.,14
S037,Chironomus circumdatus,4
S037,Chironomus flaviplumus,5
S037,Chironomus edwardsi,2
S037,Cladotanytarsus vanderwulpi,9
S037,Dicrotendipes nervosus,10
S037,Dicrotendipes septemmaculatus,1
S037,Harnischia sp.,4
S037,Lipiniella moderata,3
S037,Microchironomus tener,7
S037,Nilothauma sp.,10
S037,Parachironomus gracilior,11
S037,Parachironomus arcuatus,6
S037,Paratanytarsus inopertus,2
S037,Paratendipes sp.,10
S037,Polypedilum pedestre,5
S037,Polypedilum decematoguttatum,4
S037,Polypedilum masudai,6
S037,Polypedilum sp.,8
S037,Tanytarsus kiseogi,8
S037,Tanytarsus takahashii,4
S037,Tanytarsus tamakutibasi,9
S037,Tanytarsus formosanus,5
S037,Thienemanniella sp.,12
S037,Brillia japonica,4
S037,Corynoneura sp.,9
S037,Cricotopus bicinctus,8
S037,Cricotopus sp.,6
S037,Eukiefferiella sp.,8
S037,Hydrobaenus kondoi,4
S037,Hydrobaenus sp.,6
S037,Orthocladius sp.,2
S037,Paratrichocladius rufiventris,8
S037,Rheocricotopus sp.,15
S037,Ablabesmyia monilis,11
S037,Ablabesmyia prorasha,7
S037,Conchapelopia sp.,6
S037,Procladius choreus,12
S037,Cladopelma virescens,6
S038,Musculium lacustre,6
S038,Branchiura sowerbyi,6
S038,Rhyacodrilus coccineus,8
S038,Limnodrilus claparedeianus,8
S038,Haplotaxis gordioides,4
S038,Chaetogaster limnaei,10
S038,Branchiodrilus hortensis,1
S038,Lamprotus orientalis,11
S038,Erpobdella lineata,6
S038,Gnorimosphaeroma sp.,2
S038,Procloeon maritimum,12
S038,Procloeon pennulatum,4
S038,Rhoenanthus coreanus,5
S038,Ephoron shigae,9
S038,Ephemera orientalis,7
S038,Serratella setigera,2
S038,Caenis sp.,4
S038,Benthalia sp.,5
S038,Chironomus circumdatus,16
S038,Chironomus nipponensis,5
S038,Cladotanytarsus vanderwulpi,1
S038,Harnischiagumsanea,3
S038,Microchironomus tener,6
S038,Paratendipes albimanus,7
S038,Paratendipes sp.,4
S038,Polypedilum pedestre,12
S038,Polypedilum sp.,4
S038,Stictochironomus sinsauensis,6
S038,Tanytarsus kiseogi,8
S038,Tanytarsus tamagotoi,5
S038,Potthastia sp.,4
S038,Thienemanniella sp.,9
S038,Corynoneura sp.,7
S038,Cricotopus triannulatus,7
S038,Eukiefferiella sp.,11
S038,Hydrobaenus kondoi,1
S038,Hydrobaenus sp.,9
S038,Ablabesmyia prorasha,7
S038,Procladius choreus,9
S038,Cladopelma virescens,6
S039,Hediste sp.,8
S039,Branchiura sowerbyi,9
S039,Bothrioneurum vejdoskynum,5
S039,Rhyacodrilus coccineus,13
S039,Tubifex tubifex,7
S039,Limnodrilus claparedeianus,10
S039,Chaetogaster diaphanus,4
S039,Opidonais sp.,4
S039,Amphichaeta asiatica,12
S039,Haemonais waldvogeli,6
S039,Nais variabilis,12
S039,Pristina biserrata,4
S039,Henlea sp.,6
S039,Lumbriculus variegatus,9
S039,Lamprotus orientalis,13
S039,Helobdella stagnalis,12
S039,Cyprididae sp.,8
S039,Gnorimosphaeroma sp.,2
S039,Asellus sp.,2
S039,Jesogammarus sp.,1
S039,Collembola sp.,9
S039,Labiobaetis atrebatinus,4
S039,Procloeon maritimum,8
S039,Procloeon pennulatum,5
S039,Potamanthus formosus,10
S039,Ephoron shigae,11
S039,Ephemera orientalis,7
S039,Dixidae sp.,3
S039,Ceratopogonidae sp.,9
S039,Benthalia sp.,9
S039,Chironomus circumdatus,9
S039,Chironomus flaviplumus,10
S039,Chironomus kiiensis,2
S039,Chironomus nipponensis,7
S039,Chironomus edwardsi,8
S039,Cladotanytarsus vanderwulpi,6
S039,Cryptochironomus sp.,5
S039,Dicrotendipes nervosus,8
S039,Dicrotendipes sp.,8
S039,Glyptotendipes tokunagai,8
S039,Harnischia japonica,7
S039,Harnischiagumsanea,5
S039,Harnischia sp.,4
S039,Microtendipes sp.,4
S039,Nilothauma sp.,10
S039,Parachironomus gracilior,10
S039,Paratanytarsus inopertus,7
S039,Paratendipes sp.,7
S039,Polypedilum cultellatum,11
S039,Polypedilum sp.,4
S039,Stictochironomus sinsauensis,7
S039,Stictochironomus sp.,8
S039,Tanytarsus kiseogi,6
S039,Tanytarsus tamagotoi,11
S039,Tanytarsus tamakutibasi,11
S039,Potthastia sp.,10
S039,Thienemanniella sp.,18
S039,Cricotopus sp.,3
S039,Hydrobaenus kondoi,3
S039,Orthocladius glabripennis,1
S039,Orthocladius sp.,5
S039,Propsilocerus akamusi,7
S039,Rheocricotopus sp.,10
S039,Ablabesmyia monilis,2
S039,Ablabesmyia prorasha,6
S039,Procladius choreus,9
S039,Procladius sp.,8
S039,Tanypus punctipennis,2
S039,Cladopelma virescens,8
S039,Chironomidae sp.,11
S039,Ecnomus sp.,3
S040,Corbicula fluminea,3
S040,Branchiura sowerbyi,2
S040,Limnodrilus claparedeianus,7
S040,Chaetogaster diaphanus,5
S040,Opidonais sp.,9
S040,Amphichaeta asiatica,2
S040,Stylaria fossularis,12
S040,Pristina biserrata,5
S040,Pristina longiseta,6
S040,Erpobdella lineata,2
S040,Labiobaetis atrebatinus,1
S040,Choroterpes altioculus,4
S040,Potamanthus formosus,7
S040,Ephoron shigae,5
S040,Ephemera orientalis,4
S040,Psychoda sp.,2
S040,Chironomus circumdatus,8
S040,Chironomus nipponensis,3
S040,Demicryptochironomus sp.,8
S040,Microtendipes sp.,3
S040,Nilothauma sp.,8
S040,Paratendipes sp.,5
S040,Polypedilum nubifer,9
S040,Polypedilum decematoguttatum,3
S040,Polypedilum masudai,5
S040,Stictochironomus sinsauensis,5
S040,Tanytarsus kiseogi,7
S040,Tanytarsus takahashii,8
S040,Cricotopus bimaculatus,6
S040,Cricotopus sylvestris,1
S040,Cricotopus triannulatus,7
S040,Cricotopus sp.,4
S040,Propsilocerus akamusi,6
S040,Rheocricotopus sp.,8
S040,Cladopelma virescens,4
S040,Chironomidae sp.,3
S041,Limnodrilus claparedeianus,4
S041,Chaetogaster diaphanus,1
S041,Chaetogaster limnaei,4
S041,Opidonais sp.,5
S041,Labiobaetis atrebatinus,1
S041,Polypedilum pedestre,4
S042,Lamprotus orientalis,2
S042,Collembola sp.,1
S042,Benthalia sp.,1
S042,Chironomus circumdatus,4
S042,Cryptochironomus sp.,6
S042,Paratendipes albimanus,2
S042,Paratendipes sp.,4
S042,Polypedilum nubifer,4
S042,Stictochironomus sp.,1
S042,Tanytarsus kiseogi,10
S042,Tanytarsus formosanus,1
S042,Cricotopus bimaculatus,9
S042,Conchapelopia sp.,2
S042,Procladius sp.,2
S043,Chaetogaster diaphanus,5
S043,Pristina longiseta,7
S043,Lumbriculus variegatus,7
S043,Lamprotus orientalis,4
S043,Labiobaetis atrebatinus,3
S043,Procloeon maritimum,5
S043,Rhoenanthus coreanus,9
S043,Caenis sp.,6
S043,Chironomus circumdatus,10
S043,Cladotanytarsus vanderwulpi,2
S043,Nilothauma sp.,3
S043,Paratendipes sp.,6
S043,Polypedilum pedestre,10
S043,Stictochironomus sinsauensis,5
S043,Tanytarsus kiseogi,9
S043,Tanytarsus takahashii,9
S043,Tanytarsus tamagotoi,9
S043,Corynoneura sp.,7
S043,Cricotopus bimaculatus,7
S043,Cricotopus triannulatus,6
S043,Cricotopus sp.,5
S043,Hydrobaenus kondoi,4
S043,Orthocladius sp.,8
S043,Ablabesmyia prorasha,11
S043,Procladius choreus,5
S043,Procladius sp.,1
S043,Rheopelopia sp.,8
S043,Saetheria tylus,8
S043,Chironomidae sp.,3
S044,Anodonta woodiana,6
S044,Corbicula fluminea,12
S044,Musculium lacustre,3
S044,Bothrioneurum vejdoskynum,5
S044,Rhyacodrilus coccineus,9
S044,Limnodrilus claparedeianus,14
S044,Limnodrilus hoffmeisteri,5
S044,Haplotaxis gordioides,7
S044,Opidonais sp.,7
S044,Nais variabilis,1
S044,Stylaria fossularis,7
S044,Pristina biserrata,5
S044,Lumbriculus variegatus,9
S044,Lamprotus orientalis,7
S044,Helobdella stagnalis,7
S044,Erpobdella lineata,9
S044,Gnorimosphaeroma sp.,3
S044,Baetis fuscatus,6
S044,Procloeon maritimum,6
S044,Procloeon pennulatum,6
S044,Choroterpes altioculus,9
S044,Potamanthus formosus,7
S044,Ephoron shigae,9
S044,Ephemera orientalis,4
S044,Ceratopogonidae sp.,3
S044,Chironomus circumdatus,12
S044,Chironomus kiiensis,1
S044,Chironomus nipponensis,5
S044,Chironomus sp.,5
S044,Cryptochironomus sp.,7
S044,Demicryptochironomus sp.,10
S044,Dicrotendipes nervosus,6
S044,Harnischia japonica,5
S044,Lipiniella moderata,4
S044,Microtendipes sp.,4
S044,Nilothauma sp.,8
S044,Paratanytarsus inopertus,1
S044,Paratendipes albimanus,7
S044,Polypedilum pedestre,10
S044,Polypedilum masudai,7
S044,Polypedilum nubeculosum,3
S044,Stictochironomus sinsauensis,6
S044,Tanytarsus kiseogi,7
S044,Tanytarsus takahashii,7
S044,Tanytarsus tamagotoi,10
S044,Thienemanniella sp.,6
S044,Corynoneura sp.,5
S044,Cricotopus bicinctus,6
S044,Cricotopus bimaculatus,10
S044,Hydrobaenus kondoi,6
S044,Limnophyes tamakitanaides,3
S044,Orthocladius glabripennis,7
S044,Orthocladius sp.,5
S044,Paratrichocladius rufiventris,5
S044,Propsilocerus akamusi,8
S044,Ablabesmyia prorasha,13
S044,Conchapelopia sp.,9
S044,Procladius choreus,4
S044,Saetheria tylus,7
S044,Cladopelma virescens,6
S044,Chironomidae sp.,6
S044,Syrphidae sp.,4
S045,Corbicula fluminea,5
S045,Rhyacodrilus coccineus,10
S045,Limnodrilus claparedeianus,5
S045,Haplotaxis gordioides,5
S045,Amphichaeta asiatica,4
S045,Pristina biserrata,17
S045,Helobdella stagnalis,3
S045,Collembola sp.,1
S045,Baetis fuscatus,6
S045,Procloeon maritimum,6
S045,Procloeon pennulatum,5
S045,Rhoenanthus coreanus,6
S045,Caenis sp.,1
S045,Dixidae sp.,4
S045,Benthalia sp.,2
S045,Chironomus circumdatus,7
S045,Cladotanytarsus vanderwulpi,5
S045,Cryptochironomus sp.,5
S045,Microtendipes sp.,3
S045,Parachironomus gracilior,10
S045,Paratendipes albimanus,5
S045,Paratendipes sp.,8
S045,Polypedilum nubifer,6
S045,Polypedilum nubeculosum,1
S045,Tanytarsus takahashii,6
S045,Tanytarsus tamakutibasi,3
S045,Cricotopus triannulatus,3
S045,Eukiefferiella sp.,3
S045,Propsilocerus akamusi,8
S045,Ablabesmyia monilis,2
S045,Ablabesmyia prorasha,12
S045,Saetheria tylus,7
S045,Cladopelma virescens,5
S045,Chironomidae sp.,4
S046,Anodonta woodiana,6
S046,Corbicula fluminea,7
S046,Musculium lacustre,7
S046,Branchiura sowerbyi,8
S046,Rhyacodrilus coccineus,4
S046,Tubifex tubifex,7
S046,Limnodrilus claparedeianus,10
S046,Chaetogaster diaphanus,4
S046,Opidonais sp.,9
S046,Amphichaeta asiatica,5
S046,Stylaria fossularis,5
S046,Pristina biserrata,8
S046,Pristina longiseta,9
S046,Henlea sp.,4
S046,Lumbriculus variegatus,8
S046,Lamprotus orientalis,12
S046,Eisenia koreana,9
S046,Helobdella stagnalis,7
S046,Monocorophium sp.,1
S046,Baetis fuscatus,4
S046,Ephoron shigae,9
S046,Serratella setigera,2
S046,Caenis sp.,11
S046,Chironomus circumdatus,6
S046,Chironomus flaviplumus,5
S046,Cladotanytarsus vanderwulpi,8
S046,Cryptochironomus sp.,5
S046,Parachironomus gracilior,6
S046,Paratanytarsus sp.,12
S046,Polypedilum asakawaense,2
S046,Polypedilum nubifer,7
S046,Polypedilum nubeculosum,7
S046,Polypedilum sp.,3
S046,Stictochironomus sinsauensis,7
S046,Stictochironomus sp.,7
S046,Tanytarsus kiseogi,6
S046,Tanytarsus takahashii,9
S046,Tanytarsus tamagotoi,10
S046,Potthastia sp.,13
S046,Thienemanniella sp.,5
S046,Brillia japonica,4
S046,Corynoneura sp.,3
S046,Cricotopus bimaculatus,8
S046,Cricotopus triannulatus,9
S046,Cricotopus sp.,8
S046,Eukiefferiella sp.,10
S046,Hydrobaenus sp.,14
S046,Orthocladius sp.,6
S046,Propsilocerus akamusi,13
S046,Rheocricotopus sp.,7
S046,Ablabesmyia monilis,7
S046,Ablabesmyia prorasha,2
S046,Ablabesmyia sp.,8
S046,Procladius sp.,8
S046,Rheopelopia sp.,4
S046,Cladopelma virescens,10
S047,Rhyacodrilus coccineus,10
S047,Limnodrilus claparedeianus,11
S047,Opidonais sp.,8
S047,Pristina biserrata,9
S047,Pristina longiseta,4
S047,Gammarus sp.,1
S047,Choroterpes altioculus,6
S047,Potamanthus formosus,7
S047,Ephoron shigae,11
S047,Ceratopogonidae sp.,3
S047,Benthalia sp.,3
S047,Chironomus circumdatus,10
S047,Chironomus nipponensis,2
S047,Chironomus sp.,2
S047,Cryptochironomus sp.,8
S047,Demicryptochironomus sp.,4
S047,Microtendipes sp.,3
S047,Paratendipes sp.,10
S047,Polypedilum cultellatum,4
S047,Stictochironomus sinsauensis,5
S047,Tanytarsus kiseogi,12
S047,Tanytarsus takahashii,7
S047,Thienemanniella sp.,6
S047,Corynoneura sp.,9
S047,Cricotopus bicinctus,4
S047,Cricotopus bimaculatus,7
S047,Eukiefferiella sp.,6
S047,Orthocladius glabripennis,1
S047,Ablabesmyia prorasha,4
S048,Anodonta woodiana,9
S048,Corbicula fluminea,12
S048,Musculium lacustre,8
S048,Hediste sp.,11
S048,Tubifex tubifex,9
S048,Limnodrilus claparedeianus,9
S048,Limnodrilus hoffmeisteri,9
S048,Chaetogaster diaphanus,8
S048,Chaetogaster limnaei,10
S048,Branchiodrilus hortensis,7
S048,Opidonais sp.,10
S048,Amphichaeta asiatica,10
S048,Haemonais waldvogeli,7
S048,Nais variabilis,8
S048,Nais communis,3
S048,Stylaria fossularis,8
S048,Pristina biserrata,6
S048,Pristina longiseta,9
S048,Henlea sp.,6
S048,Lumbriculus variegatus,13
S048,Lamprotus orientalis,4
S048,Eisenia koreana,13
S048,Helobdella stagnalis,4
S048,Erpobdella lineata,6
S048,Gnorimosphaeroma sp.,9
S048,Gammarus sp.,9
S048,Monocorophium sp.,3
S048,Cloeon dipterum,10
S048,Labiobaetis atrebatinus,6
S048,Procloeon maritimum,11
S048,Procloeon pennulatum,11
S048,Choroterpes altioculus,6
S048,Rhoenanthus coreanus,6
S048,Ephoron shigae,10
S048,Serratella setigera,6
S048,Caenis sp.,7
S048,Psychoda sp.,8
S048,Dixidae sp.,7
S048,Ceratopogonidae sp.,13
S048,Chironomus circumdatus,10
S048,Chironomus flaviplumus,15
S048,Chironomus nipponensis,10
S048,Chironomus sp.,7
S048,Cladotanytarsus vanderwulpi,7
S048,Demicryptochironomus sp.,9
S048,Dicrotendipes nervosus,12
S048,Dicrotendipes septemmaculatus,12
S048,Harnischia japonica,7
S048,Harnischiagumsanea,11
S048,Harnischia sp.,8
S048,Lipiniella moderata,4
S048,Microchironomus sp.,4
S048,Microtendipes sp.,9
S048,Parachironomus arcuatus,7
S048,Paratanytarsus inopertus,3
S048,Paratendipes sp.,7
S048,Polypedilum asakawaense,4
S048,Polypedilum pedestre,6
S048,Polypedilum masudai,7
S048,Polypedilum sp.,10
S048,Stictochironomus sp.,8
S048,Tanytarsus kiseogi,8
S048,Tanytarsus tamagotoi,9
S048,Potthastia sp.,6
S048,Thienemanniella sp.,10
S048,Corynoneura sp.,5
S048,Cricotopus bicinctus,9
S048,Cricotopus bimaculatus,8
S048,Cricotopus sylvestris,4
S048,Cricotopus triannulatus,11
S048,Eukiefferiella sp.,10
S048,Hydrobaenus kondoi,7
S048,Hydrobaenus sp.,6
S048,Orthocladius sp.,4
S048,Paratrichocladius rufiventris,5
S048,Rheocricotopus sp.,10
S048,Ablabesmyia monilis,11
S048,Ablabesmyia prorasha,11
S048,Ablabesmyia sp.,13
S048,Conchapelopia sp.,12
S048,Procladius sp.,6
S048,Rheopelopia sp.,3
S048,Saetheria tylus,6
S048,Cladopelma edwardsi,7
S048,Chironomidae sp.,12
S048,Syrphidae sp.,7
S049,Bothrioneurum vejdoskynum,7
S049,Tubifex tubifex,1
S049,Limnodrilus claparedeianus,3
S049,Nais variabilis,1
S049,Stylaria fossularis,4
S049,Pristina biserrata,6
S049,Pristina longiseta,4
S049,Lamprotus orientalis,5
S049,Helobdella stagnalis,2
S049,Choroterpes altioculus,8
S049,Potamanthus formosus,12
S049,Ephemera orientalis,7
S049,Caenis sp.,7
S049,Chironomus circumdatus,8
S049,Chironomus flaviplumus,2
S049,Cladotanytarsus vanderwulpi,5
S049,Cryptochironomus sp.,3
S049,Dicrotendipes nervosus,6
S049,Harnischia japonica,1
S049,Microchironomus sp.,2
S049,Polypedilum nubifer,11
S049,Polypedilum masudai,8
S049,Tanytarsus kiseogi,15
S049,Tanytarsus tamagotoi,6
S049,Thienemanniella sp.,4
S049,Cricotopus bimaculatus,11
S049,Cricotopus triannulatus,4
S049,Cricotopus sp.,2
S049,Eukiefferiella sp.,7
S049,Hydrobaenus sp.,7
S049,Ablabesmyia prorasha,7
S049,Procladius choreus,5
S049,Rheopelopia sp.,7
S049,Cladopelma virescens,4
S049,Chironomidae sp.,6
S050,Musculium lacustre,2
S050,Chaetogaster diaphanus,3
S050,Opidonais sp.,1
S050,Pristina biserrata,5
S050,Pristina longiseta,7
S050,Eisenia koreana,1
S050,Choroterpes altioculus,5
S050,Rhoenanthus coreanus,4
S050,Ephemera orientalis,3
S050,Chironomus circumdatus,9
S050,Cryptochironomus sp.,4
S050,Dicrotendipes nervosus,2
S050,Parachironomus gracilior,3
S050,Polypedilum nubifer,4
S050,Polypedilum decematoguttatum,2
S050,Polypedilum cultellatum,1
S050,Thienemanniella sp.,3
S050,Brillia japonica,3
S050,Cricotopus bimaculatus,5
S050,Eukiefferiella sp.,6
S050,Ablabesmyia monilis,5
S050,Cladopelma virescens,2
S051,Corbicula fluminea,12
S051,Musculium lacustre,6
S051,Hediste sp.,4
S051,Branchiura sowerbyi,12
S051,Rhyacodrilus coccineus,10
S051,Limnodrilus claparedeianus,5
S051,Haplotaxis gordioides,8
S051,Chaetogaster limnaei,8
S051,Opidonais sp.,12
S051,Amphichaeta asiatica,9
S051,Haemonais waldvogeli,3
S051,Nais communis,1
S051,Stylaria fossularis,13
S051,Lumbriculus variegatus,8
S051,Lamprotus orientalis,10
S051,Eisenia koreana,11
S051,Helobdella stagnalis,5
S051,Gnorimosphaeroma sp.,8
S051,Asellus sp.,2
S051,Gammarus sp.,6
S051,Collembola sp.,4
S051,Labiobaetis atrebatinus,8
S051,Procloeon maritimum,7
S051,Potamanthus formosus,8
S051,Ephoron shigae,11
S051,Ephemera orientalis,8
S051,Caenis sp.,5
S051,Psychoda sp.,6
S051,Ceratopogonidae sp.,10
S051,Benthalia sp.,7
S051,Chironomus circumdatus,5
S051,Chironomus flaviplumus,4
S051,Chironomus nipponensis,4
S051,Chironomus edwardsi,3
S051,Cladotanytarsus vanderwulpi,14
S051,Demicryptochironomus sp.,8
S051,Dicrotendipes nervosus,5
S051,Dicrotendipes septemmaculatus,5
S051,Lipiniella moderata,5
S051,Microchironomus tener,9
S051,Microchironomus sp.,9
S051,Nilothauma sp.,7
S051,Parachironomus gracilior,5
S051,Parachironomus arcuatus,1
S051,Paratanytarsus grimmii,1
S051,Paratendipes albimanus,5
S051,Paratendipes sp.,7
S051,Polypedilum pedestre,9
S051,Polypedilum nubifer,11
S051,Polypedilum sp.,7
S051,Stictochironomus sp.,6
S051,Tanytarsus kiseogi,12
S051,Tanytarsus tamakutibasi,9
S051,Tanytarsus sp.,7
S051,Potthastia sp.,8
S051,Thienemanniella sp.,6
S051,Corynoneura sp.,11
S051,Cricotopus sylvestris,7
S051,Cricotopus triannulatus,8
S051,Cricotopus sp.,7
S051,Eukiefferiella sp.,7
S051,Hydrobaenus sp.,4
S051,Orthocladius glabripennis,3
S051,Orthocladius sp.,10
S051,Ablabesmyia monilis,12
S051,Ablabesmyia prorasha,10
S051,Conchapelopia sp.,12
S051,Procladius choreus,13
S051,Rheopelopia sp.,5
S051,Saetheria tylus,4
S051,Chironomidae sp.,10
S051,Syrphidae sp.,3
S052,Musculium lacustre,6
S052,Rhyacodrilus coccineus,6
S052,Limnodrilus claparedeianus,5
S052,Haplotaxis gordioides,4
S052,Chaetogaster diaphanus,6
S052,Opidonais sp.,8
S052,Slavina appendiculata,2
S052,Stylaria fossularis,6
S052,Pristina longiseta,2
S052,Mesenchytreanus sp.,1
S052,Lumbriculus variegatus,11
S052,Procloeon maritimum,8
S052,Ephoron shigae,7
S052,Ephemera orientalis,7
S052,Chironomus circumdatus,13
S052,Cryptochironomus sp.,6
S052,Demicryptochironomus sp.,6
S052,Harnischia japonica,2
S052,Microtendipes sp.,6
S052,Nilothauma sp.,7
S052,Parachironomus gracilior,7
S052,Polypedilum asakawaense,2
S052,Polypedilum masudai,1
S052,Polypedilum cultellatum,9
S052,Stictochironomus sinsauensis,8
S052,Tanytarsus kiseogi,11
S052,Tanytarsus tamakutibasi,7
S052,Thienemanniella sp.,4
S052,Corynoneura sp.,13
S052,Cricotopus bicinctus,5
S052,Cricotopus bimaculatus,6
S052,Cricotopus sp.,6
S052,Eukiefferiella sp.,10
S052,Hydrobaenus kondoi,7
S052,Rheocricotopus sp.,10
S052,Ablabesmyia prorasha,5
S052,Ablabesmyia sp.,5
S052,Procladius choreus,6
S052,Saetheria tylus,14
S052,Cladopelma virescens,2
S052,Ecnomus sp.,3
S053,Limnodrilus claparedeianus,7
S053,Haplotaxis gordioides,2
S053,Chaetogaster diaphanus,7
S053,Chaetogaster limnaei,10
S053,Labiobaetis atrebatinus,4
S053,Procloeon maritimum,6
S053,Procloeon pennulatum,8
S053,Choroterpes altioculus,11
S053,Potamanthus formosus,13
S053,Ephoron shigae,6
S053,Chironomus circumdatus,5
S053,Cryptochironomus sp.,8
S053,Demicryptochironomus sp.,3
S053,Dicrotendipes nervosus,3
S053,Paratanytarsus sp.,4
S053,Tanytarsus tamakutibasi,5
S053,Tanytarsus sp.,4
S053,Eukiefferiella sp.,5
S053,Propsilocerus akamusi,2
S053,Rheocricotopus sp.,4
S053,Procladius choreus,6
S053,Procladius nigriventris,2
S053,Rheopelopia sp.,6
S054,Haplotaxis gordioides,1
S054,Chaetogaster diaphanus,8
S054,Chaetogaster limnaei,9
S054,Nais communis,3
S054,Stylaria fossularis,7
S054,Pristina biserrata,9
S054,Pristina longiseta,11
S054,Erpobdella lineata,4
S054,Procloeon maritimum,8
S054,Potamanthus formosus,8
S054,Ephemera orientalis,11
S054,Caenis sp.,7
S054,Psychoda sp.,3
S054,Benthalia sp.,1
S054,Chironomus nipponensis,1
S054,Cladotanytarsus vanderwulpi,8
S054,Cryptochironomus sp.,9
S054,Paratendipes sp.,6
S054,Polypedilum pedestre,8
S054,Polypedilum nubifer,8
S054,Stictochironomus sp.,1
S054,Tanytarsus kiseogi,16
S054,Tanytarsus tamakutibasi,5
S054,Potthastia sp.,2
S054,Thienemanniella sp.,9
S054,Cricotopus bicinctus,8
S054,Eukiefferiella sp.,12
S054,Hydrobaenus kondoi,5
S054,Hydrobaenus sp.,5
S054,Propsilocerus akamusi,2
S054,Rheocricotopus sp.,4
S054,Ablabesmyia sp.,4
S054,Procladius choreus,4
S054,Rheopelopia sp.,6
S054,Saetheria tylus,4
S054,Cladopelma virescens,5
S054,Chironomidae sp.,7
S055,Anodonta woodiana,9
S055,Corbicula fluminea,12
S055,Musculium lacustre,8
S055,Branchiura sowerbyi,6
S055,Rhyacodrilus coccineus,7
S055,Limnodrilus claparedeianus,9
S055,Haplotaxis gordioides,12
S055,Chaetogaster diaphanus,16
S055,Opidonais sp.,12
S055,Amphichaeta asiatica,9
S055,Haemonais waldvogeli,8
S055,Nais communis,5
S055,Stylaria fossularis,9
S055,Pristina biserrata,7
S055,Pristina longiseta,9
S055,Lumbriculus variegatus,10
S055,Eisenia koreana,13
S055,Helobdella stagnalis,10
S055,Erpobdella lineata,6
S055,Gnorimosphaeroma sp.,8
S055,Gammarus sp.,7
S055,Baetis fuscatus,12
S055,Cloeon dipterum,8
S055,Procloeon maritimum,10
S055,Procloeon pennulatum,8
S055,Rhoenanthus coreanus,10
S055,Ephemera orientalis,9
S055,Dixidae sp.,10
S055,Chironomus circumdatus,6
S055,Chironomus kiiensis,2
S055,Chironomus sp.,3
S055,Cladotanytarsus vanderwulpi,9
S055,Dicrotendipes nervosus,5
S055,Glyptotendipes tokunagai,9
S055,Harnischia sp.,10
S055,Lipiniella moderata,7
S055,Microchironomus tener,6
S055,Microtendipes sp.,7
S055,Paratendipes sp.,2
S055,Polypedilum pedestre,10
S055,Polypedilum nubifer,7
S055,Polypedilum decematoguttatum,9
S055,Polypedilum masudai,4
S055,Polypedilum cultellatum,10
S055,Polypedilum sp.,6
S055,Stictochironomus sinsauensis,8
S055,Stictochironomus sp.,9
S055,Tanytarsus takahashii,8
S055,Tanytarsus tamagotoi,11
S055,Potthastia sp.,10
S055,Cricotopus bicinctus,7
S055,Cricotopus bimaculatus,7
S055,Cricotopus sylvestris,6
S055,Cricotopus sp.,5
S055,Eukiefferiella sp.,7
S055,Hydrobaenus kondoi,6
S055,Hydrobaenus sp.,3
S055,Orthocladius glabripennis,7
S055,Paratrichocladius rufiventris,5
S055,Propsilocerus akamusi,6
S055,Ablabesmyia monilis,9
S055,Ablabesmyia prorasha,6
S055,Ablabesmyia sp.,16
S055,Conchapelopia sp.,7
S055,Procladius sp.,6
S055,Rheopelopia sp.,6
S055,Tanypus punctipennis,2
S055,Saetheria tylus,8
S055,Cladopelma edwardsi,3
S055,Chironomidae sp.,8
S056,Corbicula fluminea,3
S056,Musculium lacustre,11
S056,Hediste sp.,9
S056,Bothrioneurum vejdoskynum,11
S056,Rhyacodrilus coccineus,11
S056,Tubifex tubifex,6
S056,Limnodrilus claparedeianus,11
S056,Chaetogaster diaphanus,6
S056,Chaetogaster limnaei,11
S056,Opidonais sp.,10
S056,Haemonais waldvogeli,5
S056,Nais variabilis,9
S056,Pristina longiseta,8
S056,Henlea sp.,11
S056,Mesenchytreanus sp.,4
S056,Eisenia koreana,4
S056,Helobdella stagnalis,10
S056,Erpobdella sp.,6
S056,Gnorimosphaeroma sp.,11
S056,Asellus sp.,8
S056,Gammarus sp.,10
S056,Jesogammarus sp.,5
S056,Monocorophium sp.,9
S056,Collembola sp.,10
S056,Procloeon pennulatum,8
S056,Choroterpes altioculus,5
S056,Potamanthus formosus,7
S056,Rhoenanthus coreanus,13
S056,Caenis sp.,7
S056,Dixidae sp.,9
S056,Ceratopogonidae sp.,8
S056,Benthalia sp.,10
S056,Chironomus circumdatus,5
S056,Chironomus flaviplumus,8
S056,Chironomus kiiensis,6
S056,Chironomus nipponensis,9
S056,Chironomus edwardsi,7
S056,Cryptochironomus sp.,8
S056,Dicrotendipes nervosus,7
S056,Dicrotendipes septemmaculatus,9
S056,Dicrotendipes sp.,7
S056,Glyptotendipes tokunagai,10
S056,Harnischia japonica,6
S056,Harnischia sp.,8
S056,Microchironomus tener,11
S056,Microchironomus sp.,11
S056,Microtendipes sp.,5
S056,Nilothauma sp.,11
S056,Parachironomus arcuatus,8
S056,Paratanytarsus inopertus,4
S056,Paratanytarsus grimmii,8
S056,Polypedilum pedestre,8
S056,Polypedilum decematoguttatum,5
S056,Polypedilum masudai,9
S056,Polypedilum cultellatum,7
S056,Polypedilum sp.,9
S056,Tanytarsus kiseogi,7
S056,Tanytarsus tamakutibasi,9
S056,Potthastia sp.,7
S056,Brillia japonica,6
S056,Corynoneura sp.,7
S056,Cricotopus bicinctus,11
S056,Cricotopus triannulatus,7
S056,Cricotopus sp.,9
S056,Hydrobaenus kondoi,12
S056,Hydrobaenus sp.,7
S056,Orthocladius glabripennis,10
S056,Orthocladius sp.,5
S056,Paratrichocladius rufiventris,9
S056,Ablabesmyia longistyla,7
S056,Ablabesmyia monilis,7
S056,Ablabesmyia prorasha,12
S056,Ablabesmyia sp.,10
S056,Procladius choreus,7
S056,Procladius sp.,6
S056,Chironomidae sp.,5
S057,Corbicula fluminea,7
S057,Musculium lacustre,7
S057,Branchiura sowerbyi,5
S057,Limnodrilus claparedeianus,3
S057,Limnodrilus hoffmeisteri,11
S057,Chaetogaster diaphanus,7
S057,Chaetogaster limnaei,10
S057,Amphichaeta asiatica,11
S057,Pristina biserrata,11
S057,Pristina longiseta,7
S057,Lumbriculus variegatus,11
S057,Lamprotus orientalis,7
S057,Eisenia koreana,7
S057,Gnorimosphaeroma sp.,9
S057,Monocorophium sp.,2
S057,Collembola sp.,8
S057,Baetis fuscatus,10
S057,Labiobaetis atrebatinus,9
S057,Procloeon pennulatum,3
S057,Potamanthus formosus,8
S057,Rhoenanthus coreanus,5
S057,Ephemera orientalis,9
S057,Caenis sp.,13
S057,Psychoda sp.,5
S057,Dixidae sp.,9
S057,Ceratopogonidae sp.,11
S057,Benthalia sp.,10
S057,Chironomus circumdatus,8
S057,Cladotanytarsus vanderwulpi,13
S057,Demicryptochironomus sp.,6
S057,Dicrotendipes nervosus,14
S057,Glyptotendipes tokunagai,2
S057,Microchironomus tener,4
S057,Microchironomus sp.,3
S057,Microtendipes sp.,11
S057,Parachironomus gracilior,4
S057,Paratanytarsus sp.,5
S057,Paratendipes albimanus,5
S057,Polypedilum asakawaense,5
S057,Polypedilum pedestre,6
S057,Polypedilum nubifer,8
S057,Polypedilum cultellatum,6
S057,Stictochironomus sp.,9
S057,Tanytarsus takahashii,5
S057,Tanytarsus tamakutibasi,5
S057,Tanytarsus sp.,12
S057,Potthastia sp.,4
S057,Corynoneura sp.,13
S057,Cricotopus bicinctus,10
S057,Cricotopus bimaculatus,5
S057,Cricotopus sp.,6
S057,Hydrobaenus sp.,6
S057,Limnophyes tamakitanaides,3
S057,Paratrichocladius rufiventris,6
S057,Ablabesmyia longistyla,5
S057,Procladius sp.,4
S057,Saetheria tylus,7
S057,Cladopelma edwardsi,6
S057,Cladopelma virescens,12
S058,Anodonta woodiana,5
S058,Haplotaxis gordioides,2
S058,Stylaria fossularis,1
S058,Pristina biserrata,9
S058,Lamprotus orientalis,7
S058,Helobdella stagnalis,4
S058,Procloeon maritimum,8
S058,Potamanthus formosus,10
S058,Rhoenanthus coreanus,4
S058,Ephoron shigae,13
S058,Ephemera orientalis,5
S058,Caenis sp.,7
S058,Chironomus circumdatus,14
S058,Cladotanytarsus vanderwulpi,2
S058,Parachironomus gracilior,13
S058,Paratanytarsus sp.,1
S058,Paratendipes albimanus,3
S058,Paratendipes sp.,3
S058,Polypedilum pedestre,12
S058,Polypedilum nubifer,8
S058,Tanytarsus kiseogi,5
S058,Tanytarsus tamakutibasi,9
S058,Potthastia sp.,1
S058,Thienemanniella sp.,10
S058,Corynoneura sp.,8
S058,Cricotopus bicinctus,4
S058,Cricotopus bimaculatus,9
S058,Cricotopus triannulatus,6
S058,Cricotopus sp.,4
S058,Eukiefferiella sp.,4
S058,Hydrobaenus sp.,3
S058,Rheocricotopus sp.,10
S058,Ablabesmyia prorasha,9
S058,Procladius choreus,5
S058,Saetheria tylus,12
S058,Cladopelma virescens,2
S059,Anodonta woodiana,14
S059,Corbicula fluminea,9
S059,Bothrioneurum vejdoskynum,10
S059,Rhyacodrilus coccineus,5
S059,Limnodrilus claparedeianus,4
S059,Limnodrilus udekimineanus,1
S059,Haplotaxis gordioides,3
S059,Chaetogaster diaphanus,5
S059,Chaetogaster limnaei,6
S059,Opidonais sp.,1
S059,Stylaria fossularis,6
S059,Pristina biserrata,5
S059,Pristina longiseta,7
S059,Mesenchytreanus sp.,6
S059,Gnorimosphaeroma sp.,8
S059,Collembola sp.,8
S059,Cloeon dipterum,7
S059,Procloeon maritimum,15
S059,Procloeon pennulatum,8
S059,Choroterpes altioculus,12
S059,Potamanthus formosus,4
S059,Rhoenanthus coreanus,5
S059,Ephemera orientalis,5
S059,Caenis sp.,7
S059,Psychoda sp.,8
S059,Chironomus circumdatus,6
S059,Chironomus nipponensis,5
S059,Cladotanytarsus vanderwulpi,3
S059,Paratanytarsus sp.,5
S059,Paratendipes sp.,14
S059,Polypedilum asakawaense,3
S059,Polypedilum pedestre,12
S059,Polypedilum nubifer,6
S059,Polypedilum masudai,3
S059,Polypedilum sp.,4
S059,Tanytarsus kiseogi,8
S059,Tanytarsus takahashii,4
S059,Thienemanniella sp.,5
S059,Cricotopus bimaculatus,5
S059,Cricotopus triannulatus,12
S059,Eukiefferiella sp.,12
S059,Hydrobaenus sp.,8
S059,Paratrichocladius rufiventris,2
S059,Rheocricotopus sp.,10
S059,Ablabesmyia prorasha,11
S059,Conchapelopia sp.,5
S059,Procladius choreus,8
S059,Procladius sp.,7
S059,Saetheria tylus,10
S059,Cladopelma virescens,4
S060,Corbicula fluminea,10
S060,Musculium lacustre,5
S060,Bothrioneurum vejdoskynum,7
S060,Rhyacodrilus coccineus,4
S060,Tubifex tubifex,10
S060,Limnodrilus hoffmeisteri,12
S060,Chaetogaster diaphanus,10
S060,Opidonais sp.,6
S060,Haemonais waldvogeli,7
S060,Nais variabilis,5
S060,Stylaria fossularis,7
S060,Pristina biserrata,6
S060,Henlea sp.,5
S060,Lumbriculus variegatus,8
S060,Eisenia koreana,4
S060,Helobdella stagnalis,5
S060,Asellus sp.,4
S060,Gammarus sp.,7
S060,Collembola sp.,7
S060,Baetis fuscatus,11
S060,Potamanthus formosus,10
S060,Rhoenanthus coreanus,14
S060,Ephoron shigae,13
S060,Ephemera orientalis,9
S060,Caenis sp.,8
S060,Psychoda sp.,6
S060,Dixidae sp.,6
S060,Ceratopogonidae sp.,10
S060,Chironomus circumdatus,7
S060,Chironomus flaviplumus,3
S060,Chironomus nipponensis,10
S060,Chironomus sp.,8
S060,Cladotanytarsus vanderwulpi,8
S060,Demicryptochironomus sp.,4
S060,Dicrotendipes nervosus,8
S060,Microchironomus tener,9
S060,Microchironomus sp.,2
S060,Microtendipes sp.,12
S060,Nilothauma sp.,8
S060,Parachironomus gracilior,9
S060,Polypedilum nubifer,4
S060,Polypedilum decematoguttatum,8
S060,Polypedilum masudai,5
S060,Polypedilum cultellatum,7
S060,Polypedilum sp.,7
S060,Tanytarsus takahashii,7
S060,Tanytarsus tamagotoi,7
S060,Tanytarsus tamakutibasi,8
S060,Tanytarsus sp.,11
S060,Thienemanniella sp.,8
S060,Brillia japonica,9
S060,Corynoneura sp.,7
S060,Cricotopus bicinctus,11
S060,Cricotopus bimaculatus,5
S060,Cricotopus sylvestris,6
S060,Eukiefferiella sp.,6
S060,Hydrobaenus sp.,5
S060,Limnophyes tamakitanaides,4
S060,Orthocladius glabripennis,3
S060,Paratrichocladius rufiventris,6
S060,Ablabesmyia monilis,5
S060,Ablabesmyia prorasha,7
S060,Ablabesmyia sp.,5
S060,Conchapelopia sp.,7
S060,Procladius choreus,11
S060,Procladius sp.,6
S060,Saetheria tylus,7
S060,Cladopelma virescens,6
S061,Anodonta woodiana,9
S061,Corbicula fluminea,10
S061,Musculium lacustre,13
S061,Hediste sp.,8
S061,Branchiura sowerbyi,7
S061,Bothrioneurum vejdoskynum,10
S061,Rhyacodrilus coccineus,11
S061,Limnodrilus claparedeianus,10
S061,Limnodrilus hoffmeisteri,8
S061,Haplotaxis gordioides,4
S061,Chaetogaster limnaei,12
S061,Opidonais sp.,8
S061,Amphichaeta asiatica,13
S061,Haemonais waldvogeli,3
S061,Nais variabilis,8
S061,Stylaria fossularis,7
S061,Pristina biserrata,8
S061,Pristina longiseta,4
S061,Henlea sp.,12
S061,Lamprotus orientalis,9
S061,Eisenia koreana,7
S061,Helobdella stagnalis,6
S061,Erpobdella lineata,10
S061,Cyathura higoensis,7
S061,Asellus sp.,7
S061,Gammarus sp.,10
S061,Baetis fuscatus,10
S061,Cloeon dipterum,7
S061,Labiobaetis atrebatinus,12
S061,Procloeon pennulatum,14
S061,Potamanthus formosus,16
S061,Rhoenanthus coreanus,4
S061,Ephoron shigae,8
S061,Ephemera orientalis,6
S061,Serratella setigera,7
S061,Caenis sp.,10
S061,Dixidae sp.,18
S061,Ceratopogonidae sp.,11
S061,Chironomus kiiensis,5
S061,Chironomus nipponensis,6
S061,Chironomus edwardsi,5
S061,Cladotanytarsus vanderwulpi,6
S061,Cryptochironomus sp.,10
S061,Demicryptochironomus sp.,5
S061,Dicrotendipes nervosus,7
S061,Dicrotendipes pelochloris,5
S061,Dicrotendipes sp.,9
S061,Harnischia japonica,9
S061,Harnischiagumsanea,5
S061,Nilothauma sp.,10
S061,Parachironomus gracilior,6
S061,Parachironomus arcuatus,9
S061,Paratanytarsus inopertus,9
S061,Paratanytarsus sp.,15
S061,Paratendipes sp.,6
S061,Polypedilum asakawaense,7
S061,Polypedilum decematoguttatum,7
S061,Polypedilum masudai,5
S061,Polypedilum cultellatum,9
S061,Tanytarsus kiseogi,9
S061,Tanytarsus tamagotoi,10
S061,Thienemanniella sp.,6
S061,Cricotopus bicinctus,8
S061,Cricotopus bimaculatus,10
S061,Cricotopus sylvestris,6
S061,Cricotopus sp.,5
S061,Eukiefferiella sp.,6
S061,Hydrobaenus kondoi,10
S061,Hydrobaenus sp.,9
S061,Limnophyes tamakitanaides,9
S061,Orthocladius sp.,9
S061,Paratrichocladius rufiventris,6
S061,Propsilocerus akamusi,14
S061,Rheocricotopus sp.,14
S061,Ablabesmyia longistyla,2
S061,Ablabesmyia monilis,7
S061,Ablabesmyia sp.,12
S061,Conchapelopia sp.,6
S061,Procladius choreus,11
S061,Rheopelopia sp.,8
S061,Cladopelma edwardsi,6
S061,Cladopelma virescens,9
S061,Chironomidae sp.,8
S062,Procloeon maritimum,2
S062,Potamanthus formosus,1
S062,Ephoron shigae,4
S062,Dicrotendipes nervosus,3
S062,Glyptotendipes tokunagai,1
S062,Harnischiagumsanea,4
S062,Tanytarsus takahashii,4
S062,Thienemanniella sp.,2
S062,Orthocladius sp.,1
S062,Saetheria tylus,3
S062,Ecnomus sp.,3
S063,Anodonta woodiana,4
S063,Branchiura sowerbyi,2
S063,Rhyacodrilus coccineus,8
S063,Tubifex tubifex,5
S063,Limnodrilus claparedeianus,9
S063,Chaetogaster diaphanus,4
S063,Opidonais sp.,13
S063,Pristina biserrata,6
S063,Pristina longiseta,7
S063,Eisenia koreana,3
S063,Gnorimosphaeroma sp.,1
S063,Gammarus sp.,2
S063,Cloeon dipterum,3
S063,Procloeon maritimum,6
S063,Choroterpes altioculus,9
S063,Potamanthus formosus,8
S063,Dixidae sp.,1
S063,Chironomus circumdatus,4
S063,Cladotanytarsus vanderwulpi,5
S063,Cryptochironomus sp.,5
S063,Demicryptochironomus sp.,6
S063,Harnischiagumsanea,3
S063,Paratendipes sp.,8
S063,Polypedilum pedestre,5
S063,Stictochironomus sinsauensis,4
S063,Tanytarsus takahashii,5
S063,Tanytarsus tamagotoi,8
S063,Tanytarsus tamakutibasi,10
S063,Thienemanniella sp.,6
S063,Brillia japonica,1
S063,Cricotopus bimaculatus,7
S063,Hydrobaenus kondoi,4
S063,Propsilocerus akamusi,6
S063,Ablabesmyia monilis,6
S063,Ablabesmyia prorasha,8
S063,Conchapelopia sp.,4
S063,Rheopelopia sp.,1
S064,Corbicula fluminea,10
S064,Bothrioneurum vejdoskynum,6
S064,Rhyacodrilus coccineus,7
S064,Tubifex tubifex,5
S064,Limnodrilus claparedeianus,9
S064,Limnodrilus udekimineanus,3
S064,Haplotaxis gordioides,7
S064,Chaetogaster diaphanus,5
S064,Chaetogaster limnaei,6
S064,Opidonais sp.,11
S064,Haemonais waldvogeli,9
S064,Nais communis,3
S064,Pristina longiseta,9
S064,Mesenchytreanus sp.,4
S064,Lumbriculus variegatus,8
S064,Lamprotus orientalis,9
S064,Erpobdella lineata,11
S064,Cyprididae sp.,5
S064,Cyathura higoensis,8
S064,Asellus sp.,3
S064,Collembola sp.,8
S064,Procloeon maritimum,14
S064,Choroterpes altioculus,5
S064,Ephoron shigae,10
S064,Ephemera orientalis,15
S064,Psychoda sp.,8
S064,Chironomus circumdatus,19
S064,Chironomus flaviplumus,8
S064,Chironomus sp.,9
S064,Demicryptochironomus sp.,7
S064,Dicrotendipes sp.,6
S064,Harnischia japonica,9
S064,Harnischiagumsanea,6
S064,Lipiniella moderata,8
S064,Microchironomus tener,8
S064,Parachironomus gracilior,10
S064,Paratendipes albimanus,8
S064,Polypedilum pedestre,9
S064,Polypedilum decematoguttatum,7
S064,Polypedilum nubeculosum,9
S064,Polypedilum sp.,9
S064,Tanytarsus tamakutibasi,8
S064,Tanytarsus sp.,10
S064,Potthastia sp.,10
S064,Thienemanniella sp.,11
S064,Corynoneura sp.,3
S064,Cricotopus bicinctus,9
S064,Cricotopus sylvestris,7
S064,Cricotopus triannulatus,9
S064,Cricotopus sp.,7
S064,Hydrobaenus sp.,5
S064,Orthocladius sp.,7
S064,Paratrichocladius rufiventris,5
S064,Propsilocerus akamusi,4
S064,Rheocricotopus sp.,5
S064,Procladius choreus,8
S064,Procladius sp.,9
S064,Rheopelopia sp.,8
S064,Cladopelma virescens,12
S064,Syrphidae sp.,2
S065,Musculium lacustre,3
S065,Hediste sp.,6
S065,Branchiura sowerbyi,6
S065,Bothrioneurum vejdoskynum,9
S065,Rhyacodrilus coccineus,11
S065,Limnodrilus claparedeianus,9
S065,Chaetogaster diaphanus,6
S065,Branchiodrilus hortensis,4
S065,Amphichaeta asiatica,6
S065,Nais variabilis,6
S065,Nais communis,1
S065,Slavina appendiculata,5
S065,Pristina biserrata,12
S065,Pristina longiseta,10
S065,Henlea sp.,8
S065,Lamprotus orientalis,5
S065,Erpobdella lineata,7
S065,Collembola sp.,8
S065,Choroterpes altioculus,10
S065,Rhoenanthus coreanus,9
S065,Ephoron shigae,8
S065,Ephemera orientalis,7
S065,Serratella setigera,5
S065,Dixidae sp.,8
S065,Benthalia sp.,5
S065,Chironomus circumdatus,11
S065,Chironomus edwardsi,4
S065,Cladotanytarsus vanderwulpi,8
S065,Cryptochironomus sp.,10
S065,Glyptotendipes tokunagai,7
S065,Lipiniella moderata,5
S065,Microchironomus tener,8
S065,Microchironomus sp.,4
S065,Nilothauma sp.,8
S065,Paratendipes albimanus,12
S065,Polypedilum pedestre,11
S065,Polypedilum nubifer,10
S065,Polypedilum decematoguttatum,9
S065,Polypedilum masudai,7
S065,Polypedilum cultellatum,5
S065,Polypedilum sp.,8
S065,Stictochironomus sp.,6
S065,Tanytarsus kiseogi,10
S065,Tanytarsus takahashii,10
S065,Tanytarsus tamagotoi,7
S065,Tanytarsus sp.,11
S065,Brillia japonica,2
S065,Cricotopus sp.,6
S065,Eukiefferiella sp.,5
S065,Hydrobaenus kondoi,9
S065,Hydrobaenus sp.,5
S065,Limnophyes tamakitanaides,7
S065,Orthocladius sp.,17
S065,Ablabesmyia monilis,8
S065,Ablabesmyia prorasha,10
S065,Ablabesmyia sp.,6
S065,Procladius choreus,8
S065,Saetheria tylus,7
S065,Cladopelma virescens,7
S065,Chironomidae sp.,7
S065,Ecnomus sp.,2
S066,Anodonta woodiana,4
S066,Bothrioneurum vejdoskynum,5
S066,Rhyacodrilus coccineus,9
S066,Tubifex tubifex,5
S066,Limnodrilus claparedeianus,13
S066,Nais variabilis,3
S066,Pristina longiseta,13
S066,Lumbriculus variegatus,3
S066,Lamprotus orientalis,5
S066,Gammarus sp.,4
S066,Procloeon maritimum,5
S066,Procloeon pennulatum,7
S066,Choroterpes altioculus,5
S066,Potamanthus formosus,5
S066,Rhoenanthus coreanus,9
S066,Ephoron shigae,5
S066,Ceratopogonidae sp.,3
S066,Chironomus circumdatus,4
S066,Demicryptochironomus sp.,1
S066,Lipiniella moderata,4
S066,Parachironomus gracilior,7
S066,Paratanytarsus sp.,3
S066,Paratendipes albimanus,6
S066,Polypedilum pedestre,9
S066,Polypedilum nubifer,1
S066,Tanytarsus kiseogi,9
S066,Tanytarsus takahashii,2
S066,Tanytarsus tamakutibasi,8
S066,Thienemanniella sp.,6
S066,Corynoneura sp.,3
S066,Cricotopus bicinctus,7
S066,Cricotopus triannulatus,6
S066,Cricotopus sp.,2
S066,Eukiefferiella sp.,5
S066,Orthocladius sp.,11
S066,Propsilocerus akamusi,6
S066,Ablabesmyia prorasha,8
S066,Conchapelopia sp.,4
S066,Rheopelopia sp.,7
S066,Saetheria tylus,6
S066,Cladopelma virescens,8
S066,Chironomidae sp.,11
S067,Anodonta woodiana,6
S067,Rhyacodrilus coccineus,10
S067,Haplotaxis gordioides,1
S067,Chaetogaster diaphanus,11
S067,Chaetogaster limnaei,5
S067,Pristina biserrata,5
S067,Lumbriculus variegatus,10
S067,Eisenia koreana,8
S067,Erpobdella lineata,1
S067,Gammarus sp.,2
S067,Procloeon maritimum,8
S067,Procloeon pennulatum,5
S067,Dixidae sp.,6
S067,Benthalia sp.,6
S067,Cladotanytarsus vanderwulpi,8
S067,Cryptochironomus sp.,8
S067,Demicryptochironomus sp.,5
S067,Microchironomus tener,2
S067,Paratendipes albimanus,3
S067,Paratendipes sp.,6
S067,Polypedilum cultellatum,3
S067,Tanytarsus kiseogi,4
S067,Tanytarsus tamakutibasi,3
S067,Potthastia sp.,3
S067,Thienemanniella sp.,9
S067,Corynoneura sp.,7
S067,Cricotopus bimaculatus,6
S067,Cricotopus triannulatus,4
S067,Paratrichocladius rufiventris,3
S067,Rheocricotopus sp.,10
S067,Ablabesmyia monilis,4
S067,Procladius sp.,1
S068,Anodonta woodiana,7
S068,Corbicula fluminea,6
S068,Rhyacodrilus coccineus,7
S068,Tubifex tubifex,3
S068,Limnodrilus claparedeianus,15
S068,Haplotaxis gordioides,5
S068,Amphichaeta asiatica,7
S068,Haemonais waldvogeli,2
S068,Nais variabilis,4
S068,Henlea sp.,5
S068,Lumbriculus variegatus,7
S068,Gnorimosphaeroma sp.,4
S068,Labiobaetis atrebatinus,2
S068,Procloeon maritimum,8
S068,Choroterpes altioculus,12
S068,Potamanthus formosus,5
S068,Rhoenanthus coreanus,5
S068,Ephoron shigae,6
S068,Ceratopogonidae sp.,1
S068,Chironomus circumdatus,5
S068,Chironomus flaviplumus,1
S068,Cryptochironomus sp.,9
S068,Dicrotendipes septemmaculatus,4
S068,Nilothauma sp.,2
S068,Parachironomus gracilior,5
S068,Paratendipes albimanus,16
S068,Paratendipes sp.,6
S068,Stictochironomus sinsauensis,10
S068,Tanytarsus kiseogi,6
S068,Tanytarsus tamagotoi,3
S068,Tanytarsus sp.,3
S068,Corynoneura sp.,6
S068,Cricotopus bicinctus,9
S068,Cricotopus bimaculatus,8
S068,Cricotopus triannulatus,4
S068,Eukiefferiella sp.,8
S068,Orthocladius sp.,4
S068,Ablabesmyia prorasha,8
S068,Ablabesmyia sp.,4
S068,Rheopelopia sp.,5
S068,Saetheria tylus,11
S068,Cladopelma virescens,4
S069,Anodonta woodiana,8
S069,Branchiura sowerbyi,6
S069,Bothrioneurum vejdoskynum,6
S069,Rhyacodrilus coccineus,9
S069,Tubifex tubifex,7
S069,Limnodrilus hoffmeisteri,8
S069,Haplotaxis gordioides,12
S069,Chaetogaster diaphanus,7
S069,Chaetogaster limnaei,4
S069,Opidonais sp.,10
S069,Haemonais waldvogeli,6
S069,Henlea sp.,4
S069,Lumbriculus variegatus,10
S069,Lamprotus orientalis,10
S069,Erpobdella lineata,10
S069,Cyprididae sp.,7
S069,Asellus sp.,6
S069,Gammarus sp.,5
S069,Monocorophium sp.,1
S069,Baetis fuscatus,8
S069,Labiobaetis atrebatinus,15
S069,Procloeon pennulatum,10
S069,Choroterpes altioculus,7
S069,Potamanthus formosus,5
S069,Rhoenanthus coreanus,4
S069,Ephoron shigae,9
S069,Ephemera orientalis,9
S069,Serratella setigera,6
S069,Caenis sp.,5
S069,Psychoda sp.,10
S069,Dixidae sp.,11
S069,Chironomus circumdatus,7
S069,Chironomus flaviplumus,12
S069,Cryptochironomus sp.,8
S069,Demicryptochironomus sp.,13
S069,Dicrotendipes nervosus,2
S069,Dicrotendipes septemmaculatus,6
S069,Harnischia japonica,7
S069,Harnischia sp.,5
S069,Lipiniella moderata,5
S069,Paratanytarsus sp.,4
S069,Paratendipes sp.,7
S069,Polypedilum asakawaense,3
S069,Polypedilum nubifer,6
S069,Polypedilum decematoguttatum,9
S069,Polypedilum masudai,9
S069,Polypedilum cultellatum,11
S069,Polypedilum nubeculosum,7
S069,Stictochironomus sinsauensis,6
S069,Tanytarsus kiseogi,5
S069,Tanytarsus takahashii,9
S069,Tanytarsus tamagotoi,6
S069,Thienemanniella sp.,6
S069,Brillia japonica,7
S069,Cricotopus bimaculatus,11
S069,Cricotopus triannulatus,7
S069,Cricotopus sp.,8
S069,Eukiefferiella sp.,13
S069,Hydrobaenus kondoi,8
S069,Hydrobaenus sp.,11
S069,Orthocladius sp.,3
S069,Paratrichocladius rufiventris,5
S069,Ablabesmyia monilis,10
S069,Ablabesmyia sp.,8
S069,Conchapelopia sp.,2
S069,Rheopelopia sp.,11
S069,Saetheria tylus,10
S069,Ephydridae sp.,5
S070,Anodonta woodiana,9
S070,Corbicula fluminea,6
S070,Tubifex tubifex,4
S070,Limnodrilus hoffmeisteri,5
S070,Haplotaxis gordioides,8
S070,Chaetogaster limnaei,3
S070,Amphichaeta asiatica,15
S070,Haemonais waldvogeli,13
S070,Pristina biserrata,13
S070,Pristina longiseta,9
S070,Mesenchytreanus sp.,7
S070,Lamprotus orientalis,7
S070,Eisenia koreana,11
S070,Helobdella stagnalis,7
S070,Cyprididae sp.,5
S070,Baetis fuscatus,12
S070,Procloeon maritimum,12
S070,Procloeon pennulatum,8
S070,Choroterpes altioculus,7
S070,Potamanthus formosus,8
S070,Rhoenanthus coreanus,11
S070,Ephoron shigae,8
S070,Ephemera orientalis,8
S070,Serratella setigera,6
S070,Caenis sp.,7
S070,Psychoda sp.,11
S070,Chironomus circumdatus,10
S070,Chironomus nipponensis,7
S070,Chironomus sp.,6
S070,Cryptochironomus sp.,7
S070,Dicrotendipes nervosus,8
S070,Dicrotendipes septemmaculatus,7
S070,Dicrotendipes sp.,5
S070,Lipiniella moderata,6
S070,Microchironomus tener,11
S070,Microchironomus sp.,3
S070,Microtendipes sp.,5
S070,Nilothauma sp.,5
S070,Parachironomus gracilior,14
S070,Paratanytarsus sp.,8
S070,Paratendipes albimanus,8
S070,Paratendipes sp.,13
S070,Polypedilum decematoguttatum,7
S070,Polypedilum cultellatum,7
S070,Stictochironomus sinsauensis,7
S070,Tanytarsus kiseogi,6
S070,Tanytarsus tamagotoi,11
S070,Tanytarsus formosanus,3
S070,Tanytarsus sp.,9
S070,Thienemanniella sp.,4
S070,Brillia japonica,7
S070,Corynoneura sp.,11
S070,Cricotopus bicinctus,10
S070,Cricotopus sylvestris,10
S070,Cricotopus sp.,9
S070,Hydrobaenus kondoi,5
S070,Hydrobaenus sp.,6
S070,Orthocladius glabripennis,8
S070,Orthocladius sp.,11
S070,Propsilocerus akamusi,9
S070,Rheocricotopus sp.,13
S070,Ablabesmyia prorasha,8
S070,Procladius choreus,5
S070,Saetheria tylus,7
S070,Cladopelma virescens,9
S070,Chironomidae sp.,11
S070,Ecnomus sp.,3
S071,Anodonta woodiana,5
S071,Bothrioneurum vejdoskynum,5
S071,Rhyacodrilus coccineus,4
S071,Limnodrilus hoffmeisteri,6
S071,Haplotaxis gordioides,4
S071,Chaetogaster limnaei,9
S071,Opidonais sp.,9
S071,Haemonais waldvogeli,3
S071,Pristina biserrata,6
S071,Pristina longiseta,8
S071,Henlea sp.,2
S071,Lumbriculus variegatus,6
S071,Lamprotus orientalis,8
S071,Gammarus sp.,7
S071,Cloeon dipterum,1
S071,Procloeon maritimum,6
S071,Choroterpes altioculus,12
S071,Potamanthus formosus,12
S071,Rhoenanthus coreanus,12
S071,Ephoron shigae,11
S071,Ephemera orientalis,9
S071,Benthalia sp.,3
S071,Chironomus circumdatus,7
S071,Chironomus flaviplumus,1
S071,Cladotanytarsus vanderwulpi,6
S071,Demicryptochironomus sp.,4
S071,Harnischia sp.,1
S071,Lipiniella moderata,4
S071,Microchironomus tener,4
S071,Paratendipes albimanus,6
S071,Paratendipes sp.,9
S071,Polypedilum pedestre,14
S071,Polypedilum masudai,5
S071,Polypedilum cultellatum,4
S071,Stictochironomus sinsauensis,9
S071,Tanytarsus kiseogi,4
S071,Tanytarsus takahashii,8
S071,Corynoneura sp.,7
S071,Cricotopus bimaculatus,9
S071,Cricotopus sylvestris,2
S071,Orthocladius glabripennis,2
S071,Orthocladius sp.,7
S071,Propsilocerus akamusi,14
S071,Rheocricotopus sp.,15
S071,Ablabesmyia sp.,3
S071,Procladius choreus,6
S071,Procladius sp.,4
S071,Cladopelma virescens,7
S072,Limnodrilus claparedeianus,8
S072,Chaetogaster limnaei,5
S072,Opidonais sp.,7
S072,Monocorophium sp.,1
S072,Procloeon maritimum,7
S072,Rhoenanthus coreanus,6
S072,Psychoda sp.,2
S072,Chironomus circumdatus,9
S072,Polypedilum nubifer,1
S072,Polypedilum cultellatum,1
S072,Cricotopus bimaculatus,7
S072,Eukiefferiella sp.,4
S072,Limnophyes tamakitanaides,2
S072,Orthocladius sp.,6
S073,Corbicula fluminea,13
S073,Musculium lacustre,7
S073,Branchiura sowerbyi,5
S073,Rhyacodrilus coccineus,8
S073,Tubifex tubifex,3
S073,Limnodrilus claparedeianus,7
S073,Limnodrilus hoffmeisteri,4
S073,Chaetogaster limnaei,3
S073,Haemonais waldvogeli,6
S073,Nais communis,4
S073,Pristina longiseta,8
S073,Lumbriculus variegatus,8
S073,Erpobdella lineata,10
S073,Gnorimosphaeroma sp.,10
S073,Asellus sp.,4
S073,Collembola sp.,6
S073,Baetis fuscatus,6
S073,Cloeon dipterum,4
S073,Procloeon maritimum,5
S073,Procloeon pennulatum,7
S073,Choroterpes altioculus,7
S073,Rhoenanthus coreanus,16
S073,Ephoron shigae,8
S073,Ephemera orientalis,8
S073,Psychoda sp.,5
S073,Dixidae sp.,7
S073,Chironomus circumdatus,9
S073,Cladotanytarsus vanderwulpi,7
S073,Cryptochironomus sp.,10
S073,Dicrotendipes nervosus,5
S073,Harnischia japonica,8
S073,Microchironomus tener,7
S073,Parachironomus gracilior,11
S073,Paratanytarsus sp.,9
S073,Paratendipes sp.,8
S073,Polypedilum nubifer,9
S073,Polypedilum masudai,8
S073,Polypedilum cultellatum,8
S073,Polypedilum sp.,7
S073,Stictochironomus sinsauensis,7
S073,Stictochironomus sp.,8
S073,Tanytarsus takahashii,6
S073,Tanytarsus tamagotoi,9
S073,Potthastia sp.,6
S073,Corynoneura sp.,6
S073,Cricotopus bicinctus,9
S073,Cricotopus triannulatus,8
S073,Cricotopus sp.,8
S073,Eukiefferiella sp.,7
S073,Orthocladius sp.,7
S073,Paratrichocladius rufiventris,1
S073,Propsilocerus akamusi,6
S073,Ablabesmyia monilis,6
S073,Procladius sp.,5
S073,Rheopelopia sp.,8
S073,Saetheria tylus,4
S073,Cladopelma edwardsi,1
S073,Cladopelma virescens,11
S073,Chironomidae sp.,9
S074,Corbicula fluminea,7
S074,Musculium lacustre,7
S074,Hediste sp.,7
S074,Branchiura sowerbyi,13
S074,Bothrioneurum vejdoskynum,7
S074,Tubifex tubifex,5
S074,Limnodrilus hoffmeisteri,13
S074,Haplotaxis gordioides,6
S074,Chaetogaster limnaei,9
S074,Opidonais sp.,7
S074,Amphichaeta asiatica,10
S074,Nais variabilis,6
S074,Nais communis,11
S074,Stylaria fossularis,10
S074,Pristina biserrata,7
S074,Pristina longiseta,5
S074,Henlea sp.,9
S074,Lamprotus orientalis,5
S074,Helobdella stagnalis,8
S074,Erpobdella sp.,4
S074,Gnorimosphaeroma sp.,7
S074,Asellus sp.,2
S074,Gammarus sp.,12
S074,Jesogammarus sp.,4
S074,Cloeon dipterum,10
S074,Labiobaetis atrebatinus,6
S074,Procloeon maritimum,5
S074,Potamanthus formosus,10
S074,Rhoenanthus coreanus,11
S074,Ephoron shigae,9
S074,Ephemera orientalis,4
S074,Serratella setigera,4
S074,Caenis sp.,9
S074,Psychoda sp.,4
S074,Ceratopogonidae sp.,8
S074,Chironomus kiiensis,7
S074,Cladotanytarsus vanderwulpi,5
S074,Demicryptochironomus sp.,12
S074,Dicrotendipes nervosus,4
S074,Dicrotendipes sp.,10
S074,Glyptotendipes tokunagai,9
S074,Harnischia japonica,9
S074,Microtendipes sp.,12
S074,Nilothauma sp.,13
S074,Parachironomus gracilior,4
S074,Parachironomus arcuatus,6
S074,Paratendipes albimanus,8
S074,Paratendipes sp.,11
S074,Polypedilum asakawaense,10
S074,Polypedilum nubifer,6
S074,Polypedilum decematoguttatum,11
S074,Polypedilum cultellatum,8
S074,Polypedilum nubeculosum,7
S074,Stictochironomus sinsauensis,7
S074,Stictochironomus sp.,5
S074,Tanytarsus takahashii,11
S074,Tanytarsus sp.,9
S074,Potthastia sp.,8
S074,Brillia japonica,10
S074,Cricotopus bicinctus,10
S074,Cricotopus bimaculatus,12
S074,Cricotopus sylvestris,7
S074,Cricotopus triannulatus,7
S074,Cricotopus sp.,9
S074,Hydrobaenus kondoi,9
S074,Hydrobaenus sp.,7
S074,Limnophyes tamakitanaides,9
S074,Orthocladius glabripennis,8
S074,Orthocladius sp.,12
S074,Rheocricotopus sp.,13
S074,Ablabesmyia monilis,7
S074,Ablabesmyia prorasha,14
S074,Ablabesmyia sp.,9
S074,Conchapelopia sp.,14
S074,Procladius choreus,5
S074,Rheopelopia sp.,6
S074,Tanypus punctipennis,1
S074,Cladopelma virescens,6
S074,Chironomidae sp.,7
S074,Ephydridae sp.,1
S074,Ecnomus sp.,6
S075,Anodonta woodiana,3
S075,Branchiura sowerbyi,2
S075,Bothrioneurum vejdoskynum,3
S075,Tubifex tubifex,4
S075,Limnodrilus claparedeianus,5
S075,Chaetogaster limnaei,10
S075,Opidonais sp.,5
S075,Amphichaeta asiatica,7
S075,Erpobdella lineata,7
S075,Gnorimosphaeroma sp.,3
S075,Baetis fuscatus,4
S075,Labiobaetis atrebatinus,3
S075,Procloeon maritimum,6
S075,Procloeon pennulatum,4
S075,Potamanthus formosus,5
S075,Ephoron shigae,11
S075,Ephemera orientalis,4
S075,Serratella setigera,2
S075,Chironomus circumdatus,10
S075,Cryptochironomus sp.,10
S075,Nilothauma sp.,7
S075,Parachironomus gracilior,5
S075,Paratendipes albimanus,5
S075,Paratendipes sp.,8
S075,Polypedilum pedestre,5
S075,Polypedilum decematoguttatum,8
S075,Polypedilum sp.,3
S075,Tanytarsus takahashii,9
S075,Tanytarsus tamakutibasi,6
S075,Thienemanniella sp.,6
S075,Corynoneura sp.,7
S075,Cricotopus bicinctus,6
S075,Cricotopus bimaculatus,10
S075,Eukiefferiella sp.,7
S075,Orthocladius sp.,9
S075,Propsilocerus akamusi,8
S075,Ablabesmyia monilis,6
S075,Ablabesmyia sp.,5
S075,Saetheria tylus,5
S076,Anodonta woodiana,7
S076,Corbicula fluminea,7
S076,Hediste sp.,5
S076,Branchiura sowerbyi,5
S076,Bothrioneurum vejdoskynum,6
S076,Tubifex tubifex,7
S076,Limnodrilus claparedeianus,5
S076,Limnodrilus hoffmeisteri,5
S076,Haplotaxis gordioides,12
S076,Chaetogaster limnaei,7
S076,Nais variabilis,8
S076,Nais communis,6
S076,Stylaria fossularis,7
S076,Pristina biserrata,13
S076,Lamprotus orientalis,7
S076,Eisenia koreana,9
S076,Erpobdella lineata,14
S076,Gammarus sp.,4
S076,Collembola sp.,8
S076,Baetis fuscatus,6
S076,Cloeon dipterum,9
S076,Labiobaetis atrebatinus,6
S076,Procloeon maritimum,9
S076,Procloeon pennulatum,7
S076,Choroterpes altioculus,7
S076,Potamanthus formosus,9
S076,Ephemera orientalis,5
S076,Serratella setigera,9
S076,Caenis sp.,7
S076,Dixidae sp.,8
S076,Ceratopogonidae sp.,5
S076,Benthalia sp.,9
S076,Chironomus circumdatus,6
S076,Chironomus flaviplumus,8
S076,Cladotanytarsus vanderwulpi,8
S076,Cryptochironomus sp.,7
S076,Dicrotendipes nervosus,10
S076,Dicrotendipes sp.,6
S076,Glyptotendipes tokunagai,7
S076,Harnischia japonica,7
S076,Lipiniella moderata,7
S076,Microchironomus tener,13
S076,Microchironomus sp.,1
S076,Nilothauma sp.,7
S076,Parachironomus gracilior,10
S076,Paratanytarsus grimmii,1
S076,Paratendipes albimanus,6
S076,Polypedilum pedestre,9
S076,Polypedilum nubifer,6
S076,Polypedilum sp.,7
S076,Stictochironomus sinsauensis,7
S076,Tanytarsus kiseogi,14
S076,Tanytarsus tamakutibasi,11
S076,Tanytarsus sp.,4
S076,Brillia japonica,13
S076,Cricotopus bimaculatus,10
S076,Cricotopus sp.,11
S076,Hydrobaenus kondoi,8
S076,Hydrobaenus sp.,6
S076,Orthocladius sp.,11
S076,Ablabesmyia monilis,11
S076,Ablabesmyia prorasha,8
S076,Procladius choreus,6
S076,Procladius sp.,8
S076,Rheopelopia sp.,10
S076,Saetheria tylus,9
S076,Chironomidae sp.,17
S077,Limnodrilus claparedeianus,12
S077,Chaetogaster limnaei,5
S077,Opidonais sp.,8
S077,Stylaria fossularis,1
S077,Pristina longiseta,6
S077,Lamprotus orientalis,6
S077,Erpobdella lineata,4
S077,Gnorimosphaeroma sp.,3
S077,Gammarus sp.,1
S077,Procloeon maritimum,12
S077,Procloeon pennulatum,5
S077,Choroterpes altioculus,8
S077,Dixidae sp.,8
S077,Cladotanytarsus vanderwulpi,10
S077,Demicryptochironomus sp.,6
S077,Microtendipes sp.,3
S077,Parachironomus gracilior,6
S077,Paratanytarsus sp.,8
S077,Paratendipes albimanus,7
S077,Paratendipes sp.,12
S077,Polypedilum asakawaense,1
S077,Polypedilum pedestre,13
S077,Polypedilum nubifer,7
S077,Polypedilum decematoguttatum,2
S077,Stictochironomus sp.,1
S077,Tanytarsus kiseogi,6
S077,Tanytarsus tamakutibasi,2
S077,Potthastia sp.,2
S077,Corynoneura sp.,8
S077,Cricotopus bicinctus,6
S077,Cricotopus sylvestris,1
S077,Eukiefferiella sp.,6
S077,Hydrobaenus sp.,3
S077,Rheocricotopus sp.,8
S077,Ablabesmyia prorasha,7
S077,Saetheria tylus,8
S078,Anodonta woodiana,8
S078,Corbicula fluminea,9
S078,Hediste sp.,2
S078,Bothrioneurum vejdoskynum,6
S078,Rhyacodrilus coccineus,8
S078,Limnodrilus udekimineanus,10
S078,Haplotaxis gordioides,11
S078,Chaetogaster diaphanus,7
S078,Chaetogaster limnaei,9
S078,Branchiodrilus hortensis,3
S078,Haemonais waldvogeli,5
S078,Nais variabilis,10
S078,Slavina appendiculata,8
S078,Pristina biserrata,7
S078,Pristina longiseta,8
S078,Mesenchytreanus sp.,10
S078,Lumbriculus variegatus,7
S078,Erpobdella lineata,14
S078,Gnorimosphaeroma sp.,12
S078,Asellus sp.,8
S078,Procloeon pennulatum,8
S078,Choroterpes altioculus,11
S078,Potamanthus formosus,9
S078,Rhoenanthus coreanus,6
S078,Ephoron shigae,8
S078,Caenis sp.,9
S078,Psychoda sp.,8
S078,Dixidae sp.,6
S078,Chironomus nipponensis,10
S078,Chironomus edwardsi,7
S078,Chironomus sp.,5
S078,Cladotanytarsus vanderwulpi,11
S078,Cryptochironomus sp.,8
S078,Demicryptochironomus sp.,4
S078,Dicrotendipes nervosus,8
S078,Microchironomus tener,8
S078,Microtendipes sp.,10
S078,Nilothauma sp.,11
S078,Parachironomus arcuatus,6
S078,Paratanytarsus sp.,12
S078,Paratendipes albimanus,6
S078,Polypedilum nubifer,6
S078,Polypedilum decematoguttatum,7
S078,Polypedilum masudai,11
S078,Polypedilum cultellatum,6
S078,Polypedilum nubeculosum,6
S078,Stictochironomus sinsauensis,5
S078,Stictochironomus sp.,5
S078,Tanytarsus kiseogi,8
S078,Tanytarsus takahashii,8
S078,Tanytarsus tamagotoi,10
S078,Tanytarsus sp.,5
S078,Thienemanniella sp.,9
S078,Brillia japonica,7
S078,Corynoneura sp.,7
S078,Cricotopus bimaculatus,6
S078,Cricotopus triannulatus,8
S078,Hydrobaenus kondoi,8
S078,Limnophyes tamakitanaides,4
S078,Orthocladius glabripennis,4
S078,Orthocladius sp.,11
S078,Rheocricotopus sp.,9
S078,Ablabesmyia longistyla,7
S078,Ablabesmyia monilis,5
S078,Ablabesmyia prorasha,8
S078,Ablabesmyia sp.,9
S078,Conchapelopia sp.,9
S078,Procladius choreus,10
S078,Procladius sp.,9
S078,Rheopelopia sp.,12
S078,Saetheria tylus,7
S078,Chironomidae sp.,7
S079,Corbicula fluminea,8
S079,Musculium lacustre,11
S079,Hediste sp.,9
S079,Branchiura sowerbyi,5
S079,Bothrioneurum vejdoskynum,5
S079,Tubifex tubifex,9
S079,Limnodrilus claparedeianus,6
S079,Limnodrilus hoffmeisteri,3
S079,Limnodrilus udekimineanus,3
S079,Haplotaxis gordioides,13
S079,Chaetogaster diaphanus,7
S079,Chaetogaster limnaei,8
S079,Opidonais sp.,7
S079,Pristina longiseta,7
S079,Henlea sp.,13
S079,Lumbriculus variegatus,9
S079,Eisenia koreana,4
S079,Erpobdella lineata,8
S079,Gnorimosphaeroma sp.,8
S079,Asellus sp.,2
S079,Monocorophium sp.,3
S079,Baetis fuscatus,10
S079,Rhoenanthus coreanus,7
S079,Ephoron shigae,14
S079,Caenis sp.,9
S079,Psychoda sp.,11
S079,Dixidae sp.,7
S079,Ceratopogonidae sp.,11
S079,Benthalia sp.,7
S079,Chironomus circumdatus,2
S079,Chironomus flaviplumus,15
S079,Cladotanytarsus vanderwulpi,10
S079,Cryptochironomus sp.,9
S079,Demicryptochironomus sp.,9
S079,Dicrotendipes nervosus,8
S079,Dicrotendipes sp.,5
S079,Harnischia japonica,8
S079,Harnischia sp.,9
S079,Lipiniella moderata,4
S079,Microchironomus tener,10
S079,Nilothauma sp.,6
S079,Paratanytarsus inopertus,5
S079,Paratanytarsus sp.,7
S079,Paratendipes sp.,5
S079,Polypedilum pedestre,7
S079,Polypedilum decematoguttatum,10
S079,Polypedilum cultellatum,14
S079,Polypedilum nubeculosum,5
S079,Polypedilum sp.,11
S079,Stictochironomus sinsauensis,11
S079,Stictochironomus sp.,11
S079,Tanytarsus kiseogi,7
S079,Tanytarsus takahashii,9
S079,Tanytarsus tamagotoi,11
S079,Tanytarsus tamakutibasi,4
S079,Potthastia sp.,8
S079,Thienemanniella sp.,5
S079,Cricotopus bimaculatus,3
S079,Cricotopus sylvestris,11
S079,Cricotopus triannulatus,7
S079,Cricotopus sp.,5
S079,Hydrobaenus kondoi,9
S079,Hydrobaenus sp.,5
S079,Orthocladius glabripennis,6
S079,Orthocladius sp.,7
S079,Rheocricotopus sp.,14
S079,Ablabesmyia monilis,11
S079,Ablabesmyia prorasha,9
S079,Conchapelopia sp.,13
S079,Hayesomyia tripunctata,2
S079,Procladius choreus,10
S079,Procladius sp.,6
S079,Saetheria tylus,6
S079,Cladopelma virescens,6
S079,Chironomidae sp.,8
S079,Syrphidae sp.,6
S080,Corbicula fluminea,4
S080,Branchiura sowerbyi,1
S080,Bothrioneurum vejdoskynum,2
S080,Rhyacodrilus coccineus,10
S080,Haplotaxis gordioides,5
S080,Pristina biserrata,11
S080,Mesenchytreanus sp.,1
S080,Lumbriculus variegatus,1
S080,Lamprotus orientalis,5
S080,Baetis fuscatus,6
S080,Procloeon maritimum,12
S080,Potamanthus formosus,11
S080,Rhoenanthus coreanus,9
S080,Ephoron shigae,6
S080,Ephemera orientalis,7
S080,Chironomus circumdatus,8
S080,Cladotanytarsus vanderwulpi,5
S080,Demicryptochironomus sp.,7
S080,Dicrotendipes nervosus,3
S080,Microchironomus tener,6
S080,Paratendipes albimanus,5
S080,Polypedilum pedestre,9
S080,Stictochironomus sinsauensis,1
S080,Tanytarsus kiseogi,10
S080,Tanytarsus tamagotoi,3
S080,Potthastia sp.,3
S080,Limnophyes tamakitanaides,2
S080,Orthocladius sp.,6
S080,Propsilocerus akamusi,7
S080,Ablabesmyia monilis,5
S080,Ablabesmyia prorasha,8
S080,Conchapelopia sp.,4
S080,Hayesomyia tripunctata,1
S080,Procladius choreus,7
S080,Saetheria tylus,6
S080,Cladopelma virescens,3
S081,Corbicula fluminea,1
S081,Branchiura sowerbyi,2
S081,Bothrioneurum vejdoskynum,8
S081,Haplotaxis gordioides,4
S081,Chaetogaster diaphanus,6
S081,Stylaria fossularis,7
S081,Lamprotus orientalis,4
S081,Eisenia koreana,4
S081,Erpobdella lineata,4
S081,Baetis fuscatus,6
S081,Procloeon pennulatum,2
S081,Rhoenanthus coreanus,7
S081,Ephoron shigae,7
S081,Ephemera orientalis,6
S081,Cladotanytarsus vanderwulpi,3
S081,Demicryptochironomus sp.,6
S081,Nilothauma sp.,1
S081,Parachironomus arcuatus,1
S081,Paratanytarsus sp.,6
S081,Paratendipes albimanus,4
S081,Paratendipes sp.,8
S081,Polypedilum sp.,4
S081,Stictochironomus sinsauensis,6
S081,Tanytarsus tamagotoi,8
S081,Tanytarsus tamakutibasi,3
S081,Cricotopus bicinctus,8
S081,Paratrichocladius rufiventris,2
S081,Propsilocerus akamusi,4
S081,Ablabesmyia longistyla,4
S081,Ablabesmyia prorasha,5
S081,Conchapelopia sp.,4
S082,Anodonta woodiana,5
S082,Rhyacodrilus coccineus,9
S082,Limnodrilus claparedeianus,10
S082,Haplotaxis gordioides,6
S082,Chaetogaster diaphanus,8
S082,Chaetogaster limnaei,8
S082,Stylaria fossularis,4
S082,Lamprotus orientalis,8
S082,Eisenia koreana,4
S082,Cyprididae sp.,1
S082,Gammarus sp.,6
S082,Choroterpes altioculus,7
S082,Ephoron shigae,11
S082,Ephemera orientalis,14
S082,Serratella setigera,3
S082,Caenis sp.,5
S082,Psychoda sp.,6
S082,Ceratopogonidae sp.,3
S082,Chironomus circumdatus,8
S082,Cladotanytarsus vanderwulpi,10
S082,Cryptochironomus sp.,5
S082,Harnischia japonica,7
S082,Microchironomus tener,6
S082,Microtendipes sp.,5
S082,Parachironomus gracilior,8
S082,Paratendipes sp.,4
S082,Polypedilum nubifer,9
S082,Polypedilum decematoguttatum,8
S082,Polypedilum cultellatum,7
S082,Polypedilum sp.,6
S082,Stictochironomus sinsauensis,3
S082,Stictochironomus sp.,3
S082,Tanytarsus kiseogi,8
S082,Tanytarsus tamagotoi,8
S082,Corynoneura sp.,10
S082,Cricotopus bicinctus,5
S082,Cricotopus triannulatus,6
S082,Cricotopus sp.,6
S082,Hydrobaenus sp.,2
S082,Orthocladius sp.,10
S082,Ablabesmyia sp.,4
S082,Conchapelopia sp.,11
S082,Saetheria tylus,7
S082,Cladopelma virescens,9
S082,Chironomidae sp.,10
S082,Syrphidae sp.,3
S083,Cricotopus bimaculatus,1
S083,Rheopelopia sp.,1
S084,Anodonta woodiana,3
S084,Corbicula fluminea,1
S084,Branchiura sowerbyi,2
S084,Limnodrilus hoffmeisteri,2
S084,Limnodrilus udekimineanus,1
S084,Chaetogaster limnaei,6
S084,Opidonais sp.,7
S084,Amphichaeta asiatica,2
S084,Haemonais waldvogeli,1
S084,Choroterpes altioculus,10
S084,Potamanthus formosus,8
S084,Ephoron shigae,4
S084,Microchironomus tener,1
S084,Paratendipes sp.,10
S084,Polypedilum nubifer,5
S084,Tanytarsus tamagotoi,4
S084,Brillia japonica,3
S084,Cricotopus bicinctus,5
S084,Cricotopus sp.,1
S084,Propsilocerus akamusi,1
S084,Ablabesmyia prorasha,6
S084,Saetheria tylus,9
S084,Cladopelma virescens,4
S084,Chironomidae sp.,6
S085,Musculium lacustre,9
S085,Branchiura sowerbyi,6
S085,Bothrioneurum vejdoskynum,5
S085,Tubifex tubifex,4
S085,Limnodrilus claparedeianus,11
S085,Limnodrilus hoffmeisteri,8
S085,Limnodrilus udekimineanus,5
S085,Haplotaxis gordioides,7
S085,Chaetogaster diaphanus,5
S085,Chaetogaster limnaei,6
S085,Opidonais sp.,8
S085,Amphichaeta asiatica,8
S085,Nais variabilis,3
S085,Stylaria fossularis,14
S085,Pristina biserrata,17
S085,Eisenia koreana,3
S085,Helobdella stagnalis,4
S085,Asellus sp.,4
S085,Gammarus sp.,6
S085,Collembola sp.,6
S085,Cloeon dipterum,6
S085,Procloeon maritimum,9
S085,Procloeon pennulatum,10
S085,Rhoenanthus coreanus,6
S085,Ephemera orientalis,7
S085,Caenis sp.,9
S085,Dixidae sp.,7
S085,Chironomus flaviplumus,7
S085,Chironomus nipponensis,8
S085,Chironomus sp.,3
S085,Cladotanytarsus vanderwulpi,6
S085,Cryptochironomus sp.,8
S085,Dicrotendipes nervosus,8
S085,Microtendipes sp.,2
S085,Nilothauma sp.,5
S085,Parachironomus gracilior,9
S085,Paratanytarsus sp.,4
S085,Paratendipes albimanus,8
S085,Polypedilum pedestre,6
S085,Polypedilum cultellatum,9
S085,Stictochironomus sp.,6
S085,Tanytarsus kiseogi,9
S085,Tanytarsus takahashii,8
S085,Tanytarsus tamakutibasi,6
S085,Brillia japonica,4
S085,Corynoneura sp.,9
S085,Cricotopus bicinctus,11
S085,Cricotopus bimaculatus,7
S085,Cricotopus sylvestris,7
S085,Cricotopus triannulatus,10
S085,Hydrobaenus sp.,8
S085,Orthocladius glabripennis,7
S085,Orthocladius sp.,3
S085,Propsilocerus akamusi,9
S085,Rheocricotopus sp.,11
S085,Ablabesmyia prorasha,7
S085,Conchapelopia sp.,4
S085,Procladius sp.,5
S085,Cladopelma edwardsi,3
S085,Chironomidae sp.,1
S086,Anodonta woodiana,9
S086,Corbicula fluminea,9
S086,Musculium lacustre,10
S086,Branchiura sowerbyi,6
S086,Bothrioneurum vejdoskynum,7
S086,Rhyacodrilus coccineus,10
S086,Tubifex tubifex,7
S086,Limnodrilus hoffmeisteri,7
S086,Chaetogaster limnaei,10
S086,Opidonais sp.,10
S086,Nais variabilis,4
S086,Lumbriculus variegatus,7
S086,Lamprotus orientalis,5
S086,Eisenia koreana,6
S086,Asellus sp.,1
S086,Baetis fuscatus,9
S086,Procloeon maritimum,10
S086,Procloeon pennulatum,8
S086,Potamanthus formosus,4
S086,Ephoron shigae,6
S086,Ephemera orientalis,9
S086,Serratella setigera,5
S086,Psychoda sp.,6
S086,Dixidae sp.,6
S086,Ceratopogonidae sp.,7
S086,Benthalia sp.,6
S086,Chironomus flaviplumus,1
S086,Nilothauma sp.,3
S086,Parachironomus gracilior,9
S086,Paratanytarsus sp.,7
S086,Polypedilum cultellatum,7
S086,Polypedilum sp.,7
S086,Stictochironomus sinsauensis,7
S086,Stictochironomus sp.,4
S086,Tanytarsus takahashii,11
S086,Tanytarsus tamagotoi,4
S086,Tanytarsus tamakutibasi,9
S086,Potthastia sp.,3
S086,Thienemanniella sp.,11
S086,Brillia japonica,7
S086,Corynoneura sp.,11
S086,Eukiefferiella sp.,7
S086,Hydrobaenus kondoi,7
S086,Hydrobaenus sp.,4
S086,Orthocladius glabripennis,4
S086,Rheocricotopus sp.,8
S086,Ablabesmyia monilis,8
S086,Ablabesmyia sp.,6
S086,Cladopelma edwardsi,3
S087,Anodonta woodiana,7
S087,Corbicula fluminea,7
S087,Bothrioneurum vejdoskynum,2
S087,Rhyacodrilus coccineus,10
S087,Limnodrilus udekimineanus,2
S087,Chaetogaster limnaei,11
S087,Opidonais sp.,6
S087,Nais communis,1
S087,Pristina biserrata,6
S087,Pristina longiseta,8
S087,Lamprotus orientalis,6
S087,Collembola sp.,3
S087,Cloeon dipterum,2
S087,Procloeon pennulatum,7
S087,Choroterpes altioculus,8
S087,Rhoenanthus coreanus,8
S087,Ephemera orientalis,6
S087,Cladotanytarsus vanderwulpi,2
S087,Dicrotendipes nervosus,2
S087,Microchironomus tener,8
S087,Paratanytarsus sp.,3
S087,Paratendipes albimanus,8
S087,Polypedilum pedestre,5
S087,Polypedilum sp.,3
S087,Tanytarsus kiseogi,4
S087,Tanytarsus takahashii,11
S087,Tanytarsus tamakutibasi,4
S087,Corynoneura sp.,3
S087,Cricotopus bicinctus,7
S087,Cricotopus bimaculatus,6
S087,Cricotopus sp.,3
S087,Eukiefferiella sp.,8
S087,Rheocricotopus sp.,10
S087,Conchapelopia sp.,1
S087,Procladius choreus,4
S087,Procladius sp.,2
S087,Cladopelma edwardsi,1
S088,Limnodrilus claparedeianus,6
S088,Chaetogaster limnaei,7
S088,Potamanthus formosus,4
S088,Rhoenanthus coreanus,8
S088,Dixidae sp.,2
S088,Ceratopogonidae sp.,3
S088,Chironomus flaviplumus,1
S088,Microtendipes sp.,4
S088,Polypedilum pedestre,2
S088,Polypedilum nubifer,4
S088,Stictochironomus sinsauensis,4
S088,Tanytarsus kiseogi,4
S088,Tanytarsus tamagotoi,3
S088,Thienemanniella sp.,1
S088,Corynoneura sp.,10
S088,Cricotopus bicinctus,6
S088,Ablabesmyia prorasha,5
S089,Anodonta woodiana,3
S089,Corbicula fluminea,8
S089,Rhyacodrilus coccineus,4
S089,Limnodrilus claparedeianus,3
S089,Haplotaxis gordioides,9
S089,Chaetogaster diaphanus,4
S089,Branchiodrilus hortensis,1
S089,Opidonais sp.,8
S089,Pristina longiseta,5
S089,Lumbriculus variegatus,8
S089,Eisenia koreana,6
S089,Erpobdella lineata,10
S089,Gammarus sp.,11
S089,Collembola sp.,4
S089,Potamanthus formosus,9
S089,Rhoenanthus coreanus,6
S089,Ephemera orientalis,8
S089,Caenis sp.,10
S089,Psychoda sp.,8
S089,Dixidae sp.,8
S089,Ceratopogonidae sp.,5
S089,Chironomus circumdatus,7
S089,Chironomus nipponensis,10
S089,Demicryptochironomus sp.,9
S089,Microtendipes sp.,8
S089,Parachironomus gracilior,10
S089,Paratanytarsus sp.,6
S089,Paratendipes albimanus,7
S089,Paratendipes sp.,10
S089,Polypedilum pedestre,4
S089,Polypedilum sp.,2
S089,Tanytarsus kiseogi,6
S089,Tanytarsus takahashii,10
S089,Tanytarsus tamagotoi,8
S089,Brillia japonica,3
S089,Cricotopus bicinctus,2
S089,Cricotopus bimaculatus,9
S089,Cricotopus triannulatus,11
S089,Cricotopus sp.,6
S089,Eukiefferiella sp.,8
S089,Hydrobaenus kondoi,6
S089,Hydrobaenus sp.,5
S089,Orthocladius sp.,13
S089,Propsilocerus akamusi,13
S089,Rheocricotopus sp.,6
S089,Ablabesmyia monilis,9
S089,Ablabesmyia prorasha,5
S089,Ablabesmyia sp.,5
S089,Saetheria tylus,10
S089,Cladopelma edwardsi,1
S090,Anodonta woodiana,7
S090,Branchiura sowerbyi,8
S090,Rhyacodrilus coccineus,8
S090,Limnodrilus claparedeianus,4
S090,Limnodrilus hoffmeisteri,10
S090,Haplotaxis gordioides,6
S090,Chaetogaster limnaei,7
S090,Branchiodrilus hortensis,5
S090,Opidonais sp.,11
S090,Haemonais waldvogeli,8
S090,Nais variabilis,4
S090,Slavina appendiculata,7
S090,Stylaria fossularis,15
S090,Pristina longiseta,11
S090,Henlea sp.,7
S090,Lumbriculus variegatus,10
S090,Lamprotus orientalis,5
S090,Helobdella stagnalis,9
S090,Erpobdella lineata,9
S090,Cyprididae sp.,2
S090,Cyathura higoensis,1
S090,Asellus sp.,12
S090,Gammarus sp.,6
S090,Baetis fuscatus,13
S090,Labiobaetis atrebatinus,6
S090,Procloeon pennulatum,11
S090,Potamanthus formosus,9
S090,Rhoenanthus coreanus,7
S090,Ephoron shigae,11
S090,Ephemera orientalis,6
S090,Serratella setigera,11
S090,Caenis sp.,3
S090,Psychoda sp.,5
S090,Ceratopogonidae sp.,4
S090,Chironomus circumdatus,4
S090,Chironomus flaviplumus,8
S090,Chironomus nipponensis,8
S090,Cladotanytarsus vanderwulpi,8
S090,Demicryptochironomus sp.,6
S090,Harnischia japonica,7
S090,Lipiniella moderata,14
S090,Microtendipes sp.,10
S090,Nilothauma sp.,10
S090,Parachironomus gracilior,10
S090,Paratanytarsus inopertus,7
S090,Paratanytarsus sp.,4
S090,Paratendipes albimanus,8
S090,Polypedilum pedestre,7
S090,Polypedilum nubeculosum,10
S090,Stictochironomus sinsauensis,7
S090,Tanytarsus kiseogi,7
S090,Tanytarsus tamagotoi,7
S090,Tanytarsus tamakutibasi,11
S090,Potthastia sp.,6
S090,Thienemanniella sp.,12
S090,Corynoneura sp.,7
S090,Cricotopus bicinctus,5
S090,Cricotopus bimaculatus,10
S090,Cricotopus sp.,12
S090,Eukiefferiella sp.,3
S090,Hydrobaenus kondoi,9
S090,Limnophyes tamakitanaides,10
S090,Propsilocerus akamusi,9
S090,Rheocricotopus sp.,9
S090,Ablabesmyia longistyla,7
S090,Ablabesmyia monilis,9
S090,Conchapelopia sp.,9
S090,Procladius choreus,4
S090,Procladius sp.,6
S090,Tanypus punctipennis,4
S090,Cladopelma edwardsi,7
S090,Cladopelma virescens,4
S090,Syrphidae sp.,10
S091,Musculium lacustre,7
S091,Tubifex tubifex,8
S091,Limnodrilus claparedeianus,18
S091,Chaetogaster diaphanus,15
S091,Amphichaeta asiatica,7
S091,Haemonais waldvogeli,7
S091,Nais variabilis,7
S091,Stylaria fossularis,5
S091,Henlea sp.,6
S091,Lamprotus orientalis,5
S091,Helobdella stagnalis,3
S091,Gammarus sp.,8
S091,Collembola sp.,6
S091,Baetis fuscatus,9
S091,Cloeon dipterum,8
S091,Labiobaetis atrebatinus,10
S091,Choroterpes altioculus,14
S091,Potamanthus formosus,8
S091,Rhoenanthus coreanus,12
S091,Ephoron shigae,6
S091,Serratella setigera,3
S091,Ceratopogonidae sp.,7
S091,Benthalia sp.,8
S091,Chironomus circumdatus,13
S091,Chironomus flaviplumus,7
S091,Chironomus nipponensis,6
S091,Cladotanytarsus vanderwulpi,8
S091,Cryptochironomus sp.,8
S091,Demicryptochironomus sp.,7
S091,Dicrotendipes septemmaculatus,4
S091,Dicrotendipes sp.,4
S091,Harnischia japonica,4
S091,Harnischia sp.,5
S091,Microchironomus tener,9
S091,Microtendipes sp.,9
S091,Nilothauma sp.,6
S091,Paratendipes albimanus,12
S091,Paratendipes sp.,7
S091,Polypedilum pedestre,7
S091,Polypedilum masudai,6
S091,Polypedilum cultellatum,12
S091,Stictochironomus sp.,4
S091,Tanytarsus kiseogi,10
S091,Tanytarsus takahashii,13
S091,Tanytarsus tamagotoi,9
S091,Tanytarsus tamakutibasi,8
S091,Tanytarsus sp.,6
S091,Thienemanniella sp.,8
S091,Brillia japonica,7
S091,Corynoneura sp.,9
S091,Hydrobaenus sp.,8
S091,Limnophyes tamakitanaides,3
S091,Orthocladius sp.,6
S091,Paratrichocladius rufiventris,1
S091,Rheocricotopus sp.,5
S091,Ablabesmyia prorasha,9
S091,Conchapelopia sp.,8
S091,Procladius choreus,12
S091,Procladius sp.,6
S091,Cladopelma edwardsi,3
S091,Cladopelma virescens,12
S091,Chironomidae sp.,8
S092,Corbicula fluminea,8
S092,Hediste sp.,11
S092,Branchiura sowerbyi,13
S092,Bothrioneurum vejdoskynum,9
S092,Rhyacodrilus coccineus,5
S092,Tubifex tubifex,8
S092,Haplotaxis gordioides,11
S092,Chaetogaster diaphanus,11
S092,Opidonais sp.,8
S092,Amphichaeta asiatica,9
S092,Haemonais waldvogeli,8
S092,Nais variabilis,3
S092,Nais communis,9
S092,Slavina appendiculata,9
S092,Stylaria fossularis,9
S092,Pristina longiseta,9
S092,Mesenchytreanus sp.,4
S092,Lumbriculus variegatus,6
S092,Lamprotus orientalis,9
S092,Eisenia koreana,8
S092,Erpobdella sp.,4
S092,Cyprididae sp.,7
S092,Gnorimosphaeroma sp.,11
S092,Gammarus sp.,10
S092,Monocorophium sp.,4
S092,Cloeon dipterum,12
S092,Procloeon maritimum,12
S092,Procloeon pennulatum,8
S092,Rhoenanthus coreanus,8
S092,Caenis sp.,5
S092,Dixidae sp.,14
S092,Ceratopogonidae sp.,6
S092,Benthalia sp.,5
S092,Chironomus circumdatus,7
S092,Chironomus flaviplumus,4
S092,Chironomus nipponensis,9
S092,Chironomus sp.,8
S092,Cryptochironomus sp.,11
S092,Demicryptochironomus sp.,16
S092,Dicrotendipes septemmaculatus,14
S092,Glyptotendipes tokunagai,12
S092,Harnischia japonica,19
S092,Harnischia sp.,9
S092,Microchironomus sp.,5
S092,Nilothauma sp.,7
S092,Paratanytarsus grimmii,7
S092,Paratanytarsus sp.,15
S092,Paratendipes sp.,9
S092,Polypedilum pedestre,10
S092,Polypedilum masudai,8
S092,Polypedilum nubeculosum,6
S092,Polypedilum sp.,9
S092,Stictochironomus sinsauensis,10
S092,Stictochironomus sp.,9
S092,Tanytarsus kiseogi,13
S092,Tanytarsus tamakutibasi,9
S092,Thienemanniella sp.,12
S092,Brillia japonica,11
S092,Corynoneura sp.,7
S092,Cricotopus bicinctus,11
S092,Cricotopus bimaculatus,4
S092,Cricotopus sylvestris,6
S092,Cricotopus triannulatus,5
S092,Hydrobaenus kondoi,7
S092,Hydrobaenus sp.,6
S092,Orthocladius glabripennis,8
S092,Orthocladius sp.,12
S092,Paratrichocladius rufiventris,10
S092,Propsilocerus akamusi,9
S092,Ablabesmyia longistyla,4
S092,Ablabesmyia monilis,8
S092,Ablabesmyia prorasha,6
S092,Ablabesmyia sp.,9
S092,Procladius choreus,12
S092,Procladius nigriventris,1
S092,Procladius sp.,14
S092,Rheopelopia sp.,4
S092,Tanypus punctipennis,4
S092,Cladopelma edwardsi,4
S092,Chironomidae sp.,10
S093,Musculium lacustre,6
S093,Haplotaxis gordioides,4
S093,Chaetogaster limnaei,7
S093,Nais variabilis,3
S093,Asellus sp.,4
S093,Gammarus sp.,5
S093,Jesogammarus sp.,1
S093,Baetis fuscatus,8
S093,Ephoron shigae,12
S093,Ephemera orientalis,7
S093,Dixidae sp.,4
S093,Chironomus circumdatus,6
S093,Chironomus edwardsi,3
S093,Polypedilum pedestre,3
S093,Polypedilum nubifer,6
S093,Tanytarsus kiseogi,8
S093,Tanytarsus takahashii,5
S093,Thienemanniella sp.,7
S093,Cricotopus bimaculatus,12
S093,Eukiefferiella sp.,7
S093,Hydrobaenus sp.,6
S093,Ablabesmyia prorasha,4
S093,Conchapelopia sp.,3
S093,Rheopelopia sp.,5
S093,Saetheria tylus,8
S093,Chironomidae sp.,4
S094,Corbicula fluminea,7
S094,Musculium lacustre,3
S094,Rhyacodrilus coccineus,9
S094,Tubifex tubifex,1
S094,Limnodrilus claparedeianus,7
S094,Limnodrilus hoffmeisteri,2
S094,Chaetogaster limnaei,14
S094,Opidonais sp.,7
S094,Lamprotus orientalis,8
S094,Cyathura higoensis,1
S094,Procloeon maritimum,13
S094,Choroterpes altioculus,8
S094,Potamanthus formosus,8
S094,Rhoenanthus coreanus,8
S094,Ephoron shigae,5
S094,Dixidae sp.,8
S094,Chironomus nipponensis,2
S094,Cryptochironomus sp.,8
S094,Demicryptochironomus sp.,9
S094,Polypedilum nubifer,7
S094,Polypedilum cultellatum,1
S094,Tanytarsus takahashii,7
S094,Tanytarsus tamakutibasi,11
S094,Tanytarsus sp.,1
S094,Potthastia sp.,3
S094,Thienemanniella sp.,5
S094,Brillia japonica,1
S094,Cricotopus bicinctus,2
S094,Cricotopus bimaculatus,3
S094,Cricotopus sp.,4
S094,Eukiefferiella sp.,11
S094,Orthocladius sp.,4
S094,Rheocricotopus sp.,4
S094,Ablabesmyia prorasha,4
S094,Saetheria tylus,6
S094,Cladopelma virescens,4
S095,Anodonta woodiana,6
S095,Musculium lacustre,3
S095,Hediste sp.,4
S095,Branchiura sowerbyi,3
S095,Bothrioneurum vejdoskynum,4
S095,Tubifex tubifex,4
S095,Chaetogaster diaphanus,3
S095,Chaetogaster limnaei,10
S095,Opidonais sp.,12
S095,Nais communis,3
S095,Pristina biserrata,10
S095,Henlea sp.,7
S095,Lumbriculus variegatus,7
S095,Eisenia koreana,4
S095,Helobdella stagnalis,2
S095,Gnorimosphaeroma sp.,7
S095,Procloeon maritimum,8
S095,Procloeon pennulatum,13
S095,Choroterpes altioculus,8
S095,Rhoenanthus coreanus,12
S095,Ephoron shigae,10
S095,Ephemera orientalis,13
S095,Serratella setigera,3
S095,Psychoda sp.,5
S095,Benthalia sp.,9
S095,Chironomus circumdatus,8
S095,Chironomus nipponensis,8
S095,Cryptochironomus sp.,11
S095,Demicryptochironomus sp.,8
S095,Microchironomus tener,7
S095,Microtendipes sp.,5
S095,Nilothauma sp.,9
S095,Parachironomus gracilior,8
S095,Parachironomus arcuatus,3
S095,Paratanytarsus grimmii,1
S095,Paratendipes albimanus,9
S095,Polypedilum pedestre,13
S095,Polypedilum nubifer,6
S095,Polypedilum decematoguttatum,6
S095,Polypedilum cultellatum,6
S095,Polypedilum nubeculosum,5
S095,Stictochironomus sinsauensis,12
S095,Tanytarsus kiseogi,13
S095,Tanytarsus takahashii,10
S095,Tanytarsus tamakutibasi,9
S095,Tanytarsus sp.,6
S095,Corynoneura sp.,8
S095,Cricotopus bicinctus,11
S095,Cricotopus bimaculatus,5
S095,Cricotopus triannulatus,16
S095,Orthocladius sp.,5
S095,Propsilocerus akamusi,8
S095,Ablabesmyia longistyla,1
S095,Ablabesmyia monilis,7
S095,Conchapelopia sp.,8
S095,Rheopelopia sp.,8
S095,Saetheria tylus,7
S095,Cladopelma virescens,7
S095,Ecnomus sp.,3
S096,Corbicula fluminea,4
S096,Rhyacodrilus coccineus,16
S096,Tubifex tubifex,3
S096,Limnodrilus claparedeianus,11
S096,Chaetogaster limnaei,8
S096,Stylaria fossularis,7
S096,Pristina biserrata,13
S096,Pristina longiseta,7
S096,Lumbriculus variegatus,6
S096,Lamprotus orientalis,11
S096,Erpobdella lineata,5
S096,Asellus sp.,4
S096,Baetis fuscatus,5
S096,Procloeon maritimum,12
S096,Choroterpes altioculus,10
S096,Potamanthus formosus,14
S096,Ephoron shigae,7
S096,Ephemera orientalis,6
S096,Caenis sp.,4
S096,Chironomus circumdatus,13
S096,Chironomus flaviplumus,1
S096,Cladotanytarsus vanderwulpi,3
S096,Cryptochironomus sp.,6
S096,Dicrotendipes septemmaculatus,1
S096,Microchironomus tener,5
S096,Parachironomus gracilior,7
S096,Paratanytarsus sp.,7
S096,Paratendipes albimanus,9
S096,Polypedilum pedestre,11
S096,Polypedilum nubifer,11
S096,Polypedilum masudai,4
S096,Polypedilum nubeculosum,3
S096,Polypedilum sp.,7
S096,Stictochironomus sinsauensis,4
S096,Tanytarsus takahashii,8
S096,Tanytarsus tamakutibasi,3
S096,Tanytarsus sp.,5
S096,Potthastia sp.,5
S096,Corynoneura sp.,10
S096,Cricotopus bicinctus,2
S096,Eukiefferiella sp.,12
S096,Hydrobaenus kondoi,7
S096,Hydrobaenus sp.,4
S096,Paratrichocladius rufiventris,2
S096,Ablabesmyia prorasha,10
S096,Procladius choreus,12
S096,Procladius sp.,2
S096,Rheopelopia sp.,3
S096,Chironomidae sp.,19
S097,Musculium lacustre,5
S097,Branchiura sowerbyi,7
S097,Bothrioneurum vejdoskynum,8
S097,Rhyacodrilus coccineus,13
S097,Limnodrilus claparedeianus,9
S097,Chaetogaster diaphanus,8
S097,Chaetogaster limnaei,15
S097,Nais variabilis,5
S097,Stylaria fossularis,6
S097,Pristina biserrata,10
S097,Pristina longiseta,10
S097,Henlea sp.,7
S097,Mesenchytreanus sp.,4
S097,Lamprotus orientalis,7
S097,Erpobdella lineata,6
S097,Erpobdella sp.,7
S097,Gnorimosphaeroma sp.,3
S097,Asellus sp.,6
S097,Gammarus sp.,6
S097,Baetis fuscatus,15
S097,Cloeon dipterum,7
S097,Labiobaetis atrebatinus,7
S097,Procloeon maritimum,6
S097,Procloeon pennulatum,7
S097,Choroterpes altioculus,13
S097,Rhoenanthus coreanus,9
S097,Ephoron shigae,7
S097,Ephemera orientalis,9
S097,Caenis sp.,8
S097,Dixidae sp.,4
S097,Chironomus sp.,6
S097,Cladotanytarsus vanderwulpi,7
S097,Cryptochironomus sp.,5
S097,Demicryptochironomus sp.,6
S097,Dicrotendipes septemmaculatus,5
S097,Dicrotendipes sp.,3
S097,Glyptotendipes tokunagai,4
S097,Lipiniella moderata,6
S097,Nilothauma sp.,7
S097,Parachironomus gracilior,14
S097,Paratanytarsus grimmii,1
S097,Paratanytarsus sp.,7
S097,Paratendipes albimanus,10
S097,Paratendipes sp.,8
S097,Polypedilum pedestre,10
S097,Polypedilum nubifer,14
S097,Tanytarsus sp.,7
S097,Potthastia sp.,6
S097,Thienemanniella sp.,8
S097,Brillia japonica,5
S097,Corynoneura sp.,11
S097,Cricotopus bimaculatus,7
S097,Cricotopus sylvestris,3
S097,Eukiefferiella sp.,11
S097,Hydrobaenus sp.,6
S097,Limnophyes tamakitanaides,7
S097,Orthocladius glabripennis,6
S097,Orthocladius sp.,11
S097,Propsilocerus akamusi,6
S097,Rheocricotopus sp.,11
S097,Ablabesmyia monilis,9
S097,Ablabesmyia prorasha,3
S097,Conchapelopia sp.,8
S097,Procladius choreus,5
S097,Procladius sp.,5
S097,Saetheria tylus,7
S097,Cladopelma virescens,3
S097,Chironomidae sp.,8
S097,Syrphidae sp.,5
S098,Cricotopus bicinctus,2
S098,Eukiefferiella sp.,2
S099,Rhyacodrilus coccineus,5
S099,Amphichaeta asiatica,2
S099,Lamprotus orientalis,3
S099,Erpobdella sp.,1
S099,Procloeon pennulatum,3
S099,Ephoron shigae,5
S099,Chironomus circumdatus,11
S099,Demicryptochironomus sp.,8
S099,Tanytarsus tamakutibasi,4
S099,Cricotopus bimaculatus,5
S099,Eukiefferiella sp.,7
S099,Ablabesmyia prorasha,5
S099,Ablabesmyia sp.,1
S099,Conchapelopia sp.,2
S099,Procladius choreus,3
S099,Saetheria tylus,7
S100,Rhyacodrilus coccineus,4
S100,Limnodrilus claparedeianus,2
S100,Potamanthus formosus,9
S100,Ephoron shigae,5
S100,Chironomus circumdatus,3
S100,Parachironomus arcuatus,1
S100,Polypedilum pedestre,2
S100,Polypedilum sp.,1
S100,Cricotopus bimaculatus,4
S100,Ablabesmyia monilis,1
S100,Chironomidae sp.,3
S101,Musculium lacustre,2
S101,Bothrioneurum vejdoskynum,4
S101,Rhyacodrilus coccineus,5
S101,Lamprotus orientalis,7
S101,Procloeon maritimum,4
S101,Rhoenanthus coreanus,6
S101,Chironomus circumdatus,8
S101,Cryptochironomus sp.,3
S101,Parachironomus gracilior,2
S101,Paratendipes sp.,6
S101,Polypedilum asakawaense,2
S101,Polypedilum pedestre,8
S101,Tanytarsus kiseogi,7
S101,Cricotopus bicinctus,3
S101,Cricotopus bimaculatus,7
S101,Cricotopus triannulatus,1
S101,Eukiefferiella sp.,4
S101,Limnophyes tamakitanaides,1
S101,Rheocricotopus sp.,5
S101,Procladius choreus,3
S101,Rheopelopia sp.,3
S101,Saetheria tylus,9
S102,Rhyacodrilus coccineus,6
S102,Chaetogaster diaphanus,5
S102,Chaetogaster limnaei,6
S102,Opidonais sp.,4
S102,Pristina biserrata,8
S102,Collembola sp.,1
S102,Procloeon maritimum,3
S102,Potamanthus formosus,6
S102,Rhoenanthus coreanus,10
S102,Dicrotendipes nervosus,1
S102,Dicrotendipes sp.,1
S102,Microtendipes sp.,1
S102,Tanytarsus kiseogi,5
S102,Tanytarsus sp.,3
S102,Cricotopus triannulatus,5
S102,Ablabesmyia prorasha,8
S103,Anodonta woodiana,1
S103,Corbicula fluminea,5
S103,Musculium lacustre,6
S103,Hediste sp.,6
S103,Rhyacodrilus coccineus,4
S103,Limnodrilus claparedeianus,4
S103,Limnodrilus udekimineanus,5
S103,Haplotaxis gordioides,14
S103,Chaetogaster limnaei,12
S103,Opidonais sp.,10
S103,Amphichaeta asiatica,7
S103,Nais communis,8
S103,Slavina appendiculata,10
S103,Stylaria fossularis,12
S103,Pristina longiseta,12
S103,Henlea sp.,5
S103,Lamprotus orientalis,12
S103,Erpobdella lineata,13
S103,Erpobdella sp.,7
S103,Gnorimosphaeroma sp.,3
S103,Cyathura higoensis,6
S103,Jesogammarus sp.,6
S103,Monocorophium sp.,5
S103,Baetis fuscatus,5
S103,Cloeon dipterum,10
S103,Labiobaetis atrebatinus,9
S103,Procloeon maritimum,8
S103,Procloeon pennulatum,8
S103,Choroterpes altioculus,9
S103,Potamanthus formosus,16
S103,Rhoenanthus coreanus,10
S103,Ephoron shigae,8
S103,Ephemera orientalis,13
S103,Caenis sp.,13
S103,Psychoda sp.,7
S103,Dixidae sp.,9
S103,Benthalia sp.,9
S103,Chironomus circumdatus,6
S103,Chironomus nipponensis,9
S103,Chironomus edwardsi,15
S103,Chironomus sp.,8
S103,Cladotanytarsus vanderwulpi,2
S103,Cryptochironomus sp.,10
S103,Demicryptochironomus sp.,11
S103,Dicrotendipes nervosus,10
S103,Dicrotendipes sp.,9
S103,Glyptotendipes tokunagai,4
S103,Harnischiagumsanea,8
S103,Lipiniella moderata,12
S103,Microchironomus tener,5
S103,Microchironomus sp.,17
S103,Microtendipes sp.,9
S103,Parachironomus gracilior,7
S103,Parachironomus arcuatus,7
S103,Paratendipes sp.,17
S103,Polypedilum nubifer,12
S103,Polypedilum decematoguttatum,11
S103,Polypedilum cultellatum,8
S103,Polypedilum nubeculosum,12
S103,Stictochironomus sp.,8
S103,Tanytarsus kiseogi,12
S103,Tanytarsus takahashii,11
S103,Tanytarsus tamagotoi,8
S103,Tanytarsus tamakutibasi,11
S103,Tanytarsus formosanus,6
S103,Tanytarsus sp.,9
S103,Thienemanniella sp.,8
S103,Brillia japonica,7
S103,Corynoneura sp.,6
S103,Cricotopus bicinctus,10
S103,Cricotopus bimaculatus,8
S103,Cricotopus sylvestris,7
S103,Hydrobaenus kondoi,10
S103,Hydrobaenus sp.,5
S103,Limnophyes tamakitanaides,7
S103,Orthocladius glabripennis,8
S103,Orthocladius sp.,6
S103,Paratrichocladius rufiventris,13
S103,Propsilocerus akamusi,8
S103,Rheocricotopus sp.,7
S103,Ablabesmyia monilis,15
S103,Ablabesmyia sp.,10
S103,Procladius choreus,7
S103,Procladius nigriventris,6
S103,Procladius sp.,8
S103,Rheopelopia sp.,9
S103,Tanypus punctipennis,6
S103,Cladopelma edwardsi,4
S103,Chironomidae sp.,6
S103,Ephydridae sp.,8
S104,Corbicula fluminea,2
S104,Haplotaxis gordioides,3
S104,Amphichaeta asiatica,4
S104,Henlea sp.,1
S104,Procloeon maritimum,9
S104,Rhoenanthus coreanus,9
S104,Chironomus flaviplumus,1
S104,Demicryptochironomus sp.,9
S104,Harnischia sp.,1
S104,Nilothauma sp.,1
S104,Parachironomus gracilior,6
S104,Paratendipes albimanus,3
S104,Polypedilum masudai,2
S104,Polypedilum nubeculosum,2
S104,Cricotopus bicinctus,6
S104,Cricotopus bimaculatus,8
S104,Eukiefferiella sp.,6
S104,Hydrobaenus kondoi,2
S104,Orthocladius sp.,6
S104,Ablabesmyia prorasha,4
S104,Saetheria tylus,6
S104,Syrphidae sp.,3
S105,Musculium lacustre,3
S105,Branchiura sowerbyi,6
S105,Rhyacodrilus coccineus,5
S105,Tubifex tubifex,2
S105,Chaetogaster diaphanus,4
S105,Amphichaeta asiatica,5
S105,Pristina biserrata,4
S105,Helobdella stagnalis,2
S105,Gnorimosphaeroma sp.,9
S105,Asellus sp.,2
S105,Jesogammarus sp.,1
S105,Baetis fuscatus,7
S105,Cloeon dipterum,3
S105,Procloeon maritimum,3
S105,Potamanthus formosus,14
S105,Ephoron shigae,10
S105,Ephemera orientalis,7
S105,Chironomus circumdatus,2
S105,Cryptochironomus sp.,8
S105,Glyptotendipes tokunagai,2
S105,Lipiniella moderata,5
S105,Microtendipes sp.,6
S105,Parachironomus gracilior,13
S105,Paratanytarsus sp.,3
S105,Paratendipes albimanus,6
S105,Paratendipes sp.,6
S105,Polypedilum pedestre,8
S105,Polypedilum masudai,4
S105,Stictochironomus sinsauensis,5
S105,Stictochironomus sp.,5
S105,Tanytarsus kiseogi,7
S105,Tanytarsus sp.,7
S105,Potthastia sp.,4
S105,Thienemanniella sp.,11
S105,Brillia japonica,4
S105,Corynoneura sp.,4
S105,Cricotopus bimaculatus,7
S105,Eukiefferiella sp.,9
S105,Hydrobaenus sp.,8
S105,Orthocladius sp.,8
S105,Ablabesmyia prorasha,11
S105,Conchapelopia sp.,5
S105,Procladius choreus,5
S105,Rheopelopia sp.,2
S105,Cladopelma virescens,9
S105,Chironomidae sp.,5
S106,Corbicula fluminea,12
S106,Hediste sp.,1
S106,Branchiura sowerbyi,6
S106,Bothrioneurum vejdoskynum,7
S106,Limnodrilus hoffmeisteri,5
S106,Haplotaxis gordioides,6
S106,Chaetogaster limnaei,5
S106,Opidonais sp.,5
S106,Amphichaeta asiatica,7
S106,Nais variabilis,7
S106,Stylaria fossularis,5
S106,Pristina biserrata,8
S106,Pristina longiseta,4
S106,Lumbriculus variegatus,13
S106,Eisenia koreana,10
S106,Gnorimosphaeroma sp.,6
S106,Gammarus sp.,3
S106,Choroterpes altioculus,11
S106,Ephoron shigae,9
S106,Caenis sp.,14
S106,Ceratopogonidae sp.,3
S106,Chironomus circumdatus,10
S106,Chironomus nipponensis,12
S106,Demicryptochironomus sp.,8
S106,Glyptotendipes tokunagai,5
S106,Microtendipes sp.,4
S106,Nilothauma sp.,11
S106,Paratendipes albimanus,10
S106,Paratendipes sp.,9
S106,Polypedilum nubifer,9
S106,Polypedilum decematoguttatum,5
S106,Polypedilum cultellatum,4
S106,Polypedilum nubeculosum,6
S106,Polypedilum sp.,5
S106,Stictochironomus sp.,3
S106,Tanytarsus kiseogi,11
S106,Tanytarsus takahashii,8
S106,Potthastia sp.,10
S106,Cricotopus bimaculatus,7
S106,Cricotopus sylvestris,6
S106,Cricotopus triannulatus,6
S106,Hydrobaenus kondoi,5
S106,Hydrobaenus sp.,12
S106,Limnophyes tamakitanaides,4
S106,Orthocladius sp.,11
S106,Paratrichocladius rufiventris,4
S106,Propsilocerus akamusi,8
S106,Rheocricotopus sp.,5
S106,Ablabesmyia monilis,10
S106,Ablabesmyia prorasha,6
S106,Ablabesmyia sp.,10
S106,Conchapelopia sp.,9
S106,Procladius choreus,7
S106,Procladius sp.,6
S106,Cladopelma edwardsi,5
S106,Cladopelma virescens,5
S106,Chironomidae sp.,13
S107,Anodonta woodiana,7
S107,Corbicula fluminea,9
S107,Hediste sp.,3
S107,Branchiura sowerbyi,12
S107,Bothrioneurum vejdoskynum,9
S107,Rhyacodrilus coccineus,8
S107,Limnodrilus claparedeianus,5
S107,Haplotaxis gordioides,12
S107,Chaetogaster limnaei,8
S107,Haemonais waldvogeli,7
S107,Stylaria fossularis,9
S107,Pristina biserrata,10
S107,Pristina longiseta,10
S107,Henlea sp.,3
S107,Lamprotus orientalis,7
S107,Erpobdella lineata,3
S107,Jesogammarus sp.,1
S107,Collembola sp.,10
S107,Baetis fuscatus,8
S107,Labiobaetis atrebatinus,9
S107,Procloeon maritimum,13
S107,Choroterpes altioculus,10
S107,Potamanthus formosus,7
S107,Rhoenanthus coreanus,7
S107,Serratella setigera,12
S107,Dixidae sp.,6
S107,Ceratopogonidae sp.,7
S107,Chironomus nipponensis,5
S107,Cladotanytarsus vanderwulpi,7
S107,Cryptochironomus sp.,5
S107,Demicryptochironomus sp.,5
S107,Dicrotendipes pelochloris,3
S107,Dicrotendipes sp.,4
S107,Glyptotendipes tokunagai,9
S107,Microchironomus tener,7
S107,Microtendipes sp.,9
S107,Nilothauma sp.,6
S107,Parachironomus gracilior,9
S107,Parachironomus arcuatus,8
S107,Paratanytarsus sp.,1
S107,Polypedilum asakawaense,7
S107,Polypedilum pedestre,5
S107,Polypedilum nubifer,11
S107,Polypedilum sp.,10
S107,Stictochironomus sp.,8
S107,Tanytarsus kiseogi,5
S107,Tanytarsus takahashii,9
S107,Tanytarsus tamakutibasi,8
S107,Tanytarsus sp.,11
S107,Potthastia sp.,8
S107,Thienemanniella sp.,11
S107,Brillia japonica,7
S107,Corynoneura sp.,8
S107,Cricotopus bicinctus,6
S107,Cricotopus bimaculatus,12
S107,Cricotopus sylvestris,11
S107,Eukiefferiella sp.,11
S107,Hydrobaenus sp.,12
S107,Orthocladius glabripennis,8
S107,Orthocladius sp.,4
S107,Rheocricotopus sp.,6
S107,Ablabesmyia monilis,6
S107,Ablabesmyia prorasha,10
S107,Conchapelopia sp.,9
S107,Procladius choreus,11
S107,Saetheria tylus,7
S107,Cladopelma virescens,11
S107,Chironomidae sp.,13
S107,Syrphidae sp.,8
S107,Ecnomus sp.,3
S108,Anodonta woodiana,4
S108,Tubifex tubifex,3
S108,Limnodrilus hoffmeisteri,5
S108,Chaetogaster diaphanus,9
S108,Opidonais sp.,11
S108,Haemonais waldvogeli,9
S108,Nais communis,1
S108,Lamprotus orientalis,10
S108,Helobdella stagnalis,7
S108,Gammarus sp.,5
S108,Collembola sp.,5
S108,Baetis fuscatus,10
S108,Choroterpes altioculus,9
S108,Potamanthus formosus,19
S108,Rhoenanthus coreanus,9
S108,Ephoron shigae,11
S108,Caenis sp.,7
S108,Dixidae sp.,10
S108,Ceratopogonidae sp.,3
S108,Cladotanytarsus vanderwulpi,7
S108,Cryptochironomus sp.,9
S108,Dicrotendipes nervosus,4
S108,Dicrotendipes sp.,1
S108,Glyptotendipes tokunagai,3
S108,Harnischia japonica,2
S108,Microchironomus tener,5
S108,Nilothauma sp.,10
S108,Parachironomus gracilior,1
S108,Polypedilum nubifer,6
S108,Polypedilum decematoguttatum,6
S108,Polypedilum masudai,6
S108,Polypedilum cultellatum,8
S108,Polypedilum sp.,7
S108,Stictochironomus sinsauensis,3
S108,Stictochironomus sp.,3
S108,Tanytarsus kiseogi,11
S108,Tanytarsus takahashii,10
S108,Tanytarsus tamagotoi,8
S108,Tanytarsus tamakutibasi,2
S108,Brillia japonica,4
S108,Cricotopus triannulatus,4
S108,Cricotopus sp.,7
S108,Eukiefferiella sp.,8
S108,Hydrobaenus kondoi,13
S108,Hydrobaenus sp.,6
S108,Orthocladius glabripennis,1
S108,Orthocladius sp.,7
S108,Rheocricotopus sp.,11
S108,Ablabesmyia monilis,4
S108,Conchapelopia sp.,3
S108,Procladius choreus,6
S108,Chironomidae sp.,9
S109,Haemonais waldvogeli,3
S109,Lamprotus orientalis,6
S109,Procloeon maritimum,4
S109,Potamanthus formosus,4
S109,Rhoenanthus coreanus,9
S109,Ephoron shigae,6
S109,Caenis sp.,1
S109,Dixidae sp.,3
S109,Nilothauma sp.,3
S109,Parachironomus gracilior,3
S109,Paratendipes albimanus,5
S109,Paratendipes sp.,6
S109,Polypedilum pedestre,5
S109,Stictochironomus sinsauensis,4
S109,Tanytarsus kiseogi,6
S109,Cricotopus triannulatus,4
S109,Eukiefferiella sp.,4
S109,Ablabesmyia prorasha,10
S109,Saetheria tylus,7
S110,Rhyacodrilus coccineus,4
S110,Tubifex tubifex,7
S110,Limnodrilus claparedeianus,4
S110,Chaetogaster limnaei,8
S110,Opidonais sp.,4
S110,Henlea sp.,1
S110,Erpobdella lineata,2
S110,Gnorimosphaeroma sp.,3
S110,Psychoda sp.,1
S110,Chironomus circumdatus,7
S110,Cladotanytarsus vanderwulpi,3
S110,Demicryptochironomus sp.,6
S110,Dicrotendipes nervosus,3
S110,Paratendipes albimanus,6
S110,Polypedilum nubifer,9
S110,Polypedilum cultellatum,7
S110,Tanytarsus tamakutibasi,3
S110,Hydrobaenus kondoi,2
S110,Ablabesmyia sp.,1
S110,Saetheria tylus,7
S111,Hediste sp.,1
S111,Opidonais sp.,2
S111,Amphichaeta asiatica,1
S111,Lamprotus orientalis,3
S111,Procloeon maritimum,4
S111,Choroterpes altioculus,1
S111,Dixidae sp.,1
S111,Microchironomus tener,1
S111,Paratendipes sp.,5
S111,Polypedilum pedestre,4
S111,Thienemanniella sp.,3
S111,Cricotopus sp.,1
S111,Ablabesmyia prorasha,3
S112,Anodonta woodiana,11
S112,Hediste sp.,10
S112,Branchiura sowerbyi,9
S112,Bothrioneurum vejdoskynum,7
S112,Rhyacodrilus coccineus,9
S112,Tubifex tubifex,7
S112,Limnodrilus claparedeianus,7
S112,Limnodrilus hoffmeisteri,8
S112,Haplotaxis gordioides,10
S112,Branchiodrilus hortensis,3
S112,Opidonais sp.,8
S112,Amphichaeta asiatica,5
S112,Haemonais waldvogeli,4
S112,Nais communis,6
S112,Stylaria fossularis,7
S112,Pristina biserrata,5
S112,Pristina longiseta,13
S112,Henlea sp.,13
S112,Mesenchytreanus sp.,4
S112,Lumbriculus variegatus,7
S112,Lamprotus orientalis,7
S112,Helobdella stagnalis,6
S112,Erpobdella lineata,8
S112,Cyprididae sp.,10
S112,Cyathura higoensis,6
S112,Monocorophium sp.,7
S112,Collembola sp.,15
S112,Baetis fuscatus,6
S112,Cloeon dipterum,7
S112,Labiobaetis atrebatinus,6
S112,Choroterpes altioculus,10
S112,Rhoenanthus coreanus,6
S112,Ephoron shigae,13
S112,Ephemera orientalis,12
S112,Caenis sp.,14
S112,Psychoda sp.,9
S112,Ceratopogonidae sp.,6
S112,Benthalia sp.,9
S112,Chironomus circumdatus,9
S112,Chironomus kiiensis,12
S112,Chironomus sp.,8
S112,Cladotanytarsus vanderwulpi,8
S112,Cryptochironomus sp.,10
S112,Demicryptochironomus sp.,7
S112,Dicrotendipes nervosus,8
S112,Dicrotendipes pelochloris,7
S112,Dicrotendipes sp.,11
S112,Glyptotendipes tokunagai,9
S112,Harnischia japonica,7
S112,Harnischiagumsanea,9
S112,Harnischia sp.,10
S112,Lipiniella moderata,13
S112,Microchironomus tener,10
S112,Microtendipes sp.,9
S112,Parachironomus gracilior,10
S112,Paratanytarsus inopertus,9
S112,Paratanytarsus sp.,5
S112,Paratendipes albimanus,14
S112,Paratendipes sp.,10
S112,Polypedilum asakawaense,9
S112,Polypedilum decematoguttatum,6
S112,Polypedilum sp.,6
S112,Stictochironomus sp.,6
S112,Tanytarsus kiseogi,5
S112,Tanytarsus takahashii,9
S112,Tanytarsus tamakutibasi,16
S112,Tanytarsus sp.,12
S112,Potthastia sp.,8
S112,Thienemanniella sp.,12
S112,Brillia japonica,9
S112,Cricotopus bicinctus,10
S112,Cricotopus sylvestris,5
S112,Eukiefferiella sp.,15
S112,Hydrobaenus sp.,7
S112,Orthocladius sp.,9
S112,Propsilocerus akamusi,8
S112,Rheocricotopus sp.,9
S112,Ablabesmyia prorasha,9
S112,Ablabesmyia sp.,5
S112,Conchapelopia sp.,5
S112,Procladius choreus,11
S112,Procladius nigriventris,4
S112,Procladius sp.,12
S112,Saetheria tylus,6
S112,Cladopelma edwardsi,7
S112,Cladopelma virescens,7
S112,Ephydridae sp.,3
S113,Chaetogaster limnaei,9
S113,Opidonais sp.,9
S113,Pristina biserrata,10
S113,Pristina longiseta,3
S113,Eisenia koreana,1
S113,Gammarus sp.,1
S113,Labiobaetis atrebatinus,1
S113,Procloeon maritimum,3
S113,Choroterpes altioculus,4
S113,Potamanthus formosus,9
S113,Rhoenanthus coreanus,3
S113,Ephoron shigae,12
S113,Dixidae sp.,5
S113,Ceratopogonidae sp.,1
S113,Chironomus circumdatus,3
S113,Microchironomus tener,5
S113,Microtendipes sp.,1
S113,Parachironomus gracilior,5
S113,Polypedilum nubifer,4
S113,Tanytarsus tamagotoi,1
S113,Corynoneura sp.,4
S113,Cricotopus bimaculatus,7
S113,Eukiefferiella sp.,4
S113,Orthocladius glabripennis,3
S113,Rheocricotopus sp.,12
S113,Ablabesmyia prorasha,4
S113,Cladopelma virescens,1
S113,Chironomidae sp.,4
S114,Anodonta woodiana,1
S114,Corbicula fluminea,9
S114,Musculium lacustre,9
S114,Hediste sp.,10
S114,Bothrioneurum vejdoskynum,7
S114,Rhyacodrilus coccineus,9
S114,Chaetogaster diaphanus,13
S114,Branchiodrilus hortensis,8
S114,Opidonais sp.,8
S114,Amphichaeta asiatica,6
S114,Haemonais waldvogeli,8
S114,Nais communis,8
S114,Slavina appendiculata,8
S114,Stylaria fossularis,10
S114,Pristina biserrata,10
S114,Pristina longiseta,10
S114,Henlea sp.,14
S114,Lumbriculus variegatus,8
S114,Lamprotus orientalis,11
S114,Eisenia koreana,9
S114,Erpobdella lineata,10
S114,Erpobdella sp.,10
S114,Cyprididae sp.,8
S114,Asellus sp.,4
S114,Gammarus sp.,12
S114,Jesogammarus sp.,5
S114,Monocorophium sp.,7
S114,Collembola sp.,11
S114,Cloeon dipterum,10
S114,Labiobaetis atrebatinus,8
S114,Procloeon maritimum,6
S114,Choroterpes altioculus,12
S114,Potamanthus formosus,8
S114,Ephemera orientalis,7
S114,Dixidae sp.,7
S114,Ceratopogonidae sp.,5
S114,Chironomus circumdatus,3
S114,Chironomus flaviplumus,10
S114,Chironomus kiiensis,7
S114,Chironomus nipponensis,13
S114,Chironomus edwardsi,5
S114,Chironomus sp.,10
S114,Cryptochironomus sp.,11
S114,Demicryptochironomus sp.,14
S114,Dicrotendipes septemmaculatus,10
S114,Dicrotendipes sp.,7
S114,Harnischia japonica,11
S114,Harnischia sp.,9
S114,Lipiniella moderata,6
S114,Microtendipes sp.,10
S114,Paratanytarsus inopertus,10
S114,Paratanytarsus sp.,9
S114,Paratendipes albimanus,9
S114,Polypedilum asakawaense,13
S114,Polypedilum pedestre,5
S114,Polypedilum nubifer,6
S114,Polypedilum masudai,9
S114,Polypedilum cultellatum,5
S114,Polypedilum nubeculosum,9
S114,Polypedilum sp.,6
S114,Stictochironomus sinsauensis,14
S114,Stictochironomus sp.,8
S114,Tanytarsus takahashii,8
S114,Tanytarsus tamagotoi,10
S114,Tanytarsus tamakutibasi,10
S114,Tanytarsus formosanus,10
S114,Thienemanniella sp.,7
S114,Corynoneura sp.,8
S114,Cricotopus bicinctus,10
S114,Cricotopus bimaculatus,12
S114,Cricotopus triannulatus,8
S114,Cricotopus sp.,6
S114,Hydrobaenus sp.,11
S114,Paratrichocladius rufiventris,5
S114,Rheocricotopus sp.,9
S114,Ablabesmyia longistyla,5
S114,Ablabesmyia monilis,11
S114,Ablabesmyia prorasha,11
S114,Ablabesmyia sp.,5
S114,Procladius nigriventris,9
S114,Procladius sp.,5
S114,Tanypus punctipennis,15
S114,Saetheria tylus,12
S114,Chironomidae sp.,7
S114,Ephydridae sp.,9
S114,Ecnomus sp.,8
S115,Hediste sp.,1
S115,Branchiodrilus hortensis,2
S115,Opidonais sp.,8
S115,Lamprotus orientalis,2
S115,Monocorophium sp.,1
S115,Procloeon pennulatum,4
S115,Choroterpes altioculus,5
S115,Ephemera orientalis,1
S115,Dixidae sp.,1
S115,Cryptochironomus sp.,4
S115,Dicrotendipes septemmaculatus,3
S115,Polypedilum pedestre,6
S115,Polypedilum nubifer,4
S115,Polypedilum nubeculosum,1
S115,Stictochironomus sinsauensis,4
S115,Tanytarsus kiseogi,5
S115,Tanytarsus tamakutibasi,2
S115,Corynoneura sp.,7
S115,Eukiefferiella sp.,3
S115,Rheocricotopus sp.,6
S116,Musculium lacustre,2
S116,Bothrioneurum vejdoskynum,7
S116,Limnodrilus udekimineanus,2
S116,Chaetogaster diaphanus,8
S116,Pristina longiseta,9
S116,Lumbriculus variegatus,3
S116,Lamprotus orientalis,10
S116,Labiobaetis atrebatinus,1
S116,Choroterpes altioculus,7
S116,Potamanthus formosus,12
S116,Rhoenanthus coreanus,8
S116,Ephemera orientalis,2
S116,Polypedilum masudai,1
S116,Tanytarsus kiseogi,8
S116,Tanytarsus sp.,1
S116,Thienemanniella sp.,8
S116,Cricotopus bimaculatus,6
S116,Cricotopus triannulatus,3
S116,Propsilocerus akamusi,2
S116,Rheocricotopus sp.,5
S116,Ablabesmyia monilis,3
S116,Procladius choreus,7
S116,Chironomidae sp.,10
S117,Anodonta woodiana,1
S117,Rhyacodrilus coccineus,6
S117,Limnodrilus claparedeianus,3
S117,Chaetogaster diaphanus,5
S117,Opidonais sp.,7
S117,Pristina longiseta,3
S117,Lumbriculus variegatus,2
S117,Cyprididae sp.,1
S117,Procloeon maritimum,6
S117,Rhoenanthus coreanus,10
S117,Ceratopogonidae sp.,3
S117,Chironomus circumdatus,4
S117,Lipiniella moderata,3
S117,Nilothauma sp.,2
S117,Paratendipes albimanus,6
S117,Polypedilum nubifer,5
S117,Tanytarsus kiseogi,7
S117,Brillia japonica,4
S117,Cricotopus bimaculatus,7
S117,Eukiefferiella sp.,7
S117,Orthocladius sp.,8
S117,Rheocricotopus sp.,7
S118,Anodonta woodiana,12
S118,Corbicula fluminea,6
S118,Hediste sp.,3
S118,Limnodrilus claparedeianus,11
S118,Haplotaxis gordioides,3
S118,Chaetogaster diaphanus,6
S118,Chaetogaster limnaei,12
S118,Branchiodrilus hortensis,1
S118,Nais communis,1
S118,Pristina biserrata,13
S118,Pristina longiseta,4
S118,Lamprotus orientalis,3
S118,Eisenia koreana,7
S118,Helobdella stagnalis,4
S118,Labiobaetis atrebatinus,7
S118,Procloeon maritimum,7
S118,Procloeon pennulatum,4
S118,Rhoenanthus coreanus,7
S118,Cladotanytarsus vanderwulpi,3
S118,Cryptochironomus sp.,9
S118,Demicryptochironomus sp.,8
S118,Dicrotendipes sp.,2
S118,Microchironomus tener,8
S118,Nilothauma sp.,1
S118,Parachironomus gracilior,5
S118,Paratanytarsus sp.,3
S118,Paratendipes albimanus,4
S118,Paratendipes sp.,10
S118,Polypedilum decematoguttatum,6
S118,Polypedilum masudai,5
S118,Polypedilum sp.,5
S118,Tanytarsus takahashii,5
S118,Tanytarsus tamakutibasi,6
S118,Tanytarsus sp.,3
S118,Thienemanniella sp.,6
S118,Corynoneura sp.,10
S118,Cricotopus bicinctus,6
S118,Cricotopus triannulatus,7
S118,Eukiefferiella sp.,13
S118,Orthocladius sp.,7
S118,Ablabesmyia prorasha,2
S118,Conchapelopia sp.,8
S118,Procladius sp.,3
S118,Rheopelopia sp.,6
S118,Saetheria tylus,3
S118,Cladopelma virescens,5
S119,Rhyacodrilus coccineus,9
S119,Chaetogaster limnaei,16
S119,Stylaria fossularis,6
S119,Procloeon pennulatum,1
S119,Rhoenanthus coreanus,9
S119,Dixidae sp.,3
S119,Lipiniella moderata,1
S119,Polypedilum pedestre,4
S119,Polypedilum nubifer,11
S119,Thienemanniella sp.,4
S119,Corynoneura sp.,6
S119,Cricotopus bimaculatus,6
S119,Orthocladius sp.,7
S119,Saetheria tylus,6
S120,Gnorimosphaeroma sp.,8
S120,Collembola sp.,3
S120,Procloeon maritimum,5
S120,Chironomus circumdatus,5
S120,Cladotanytarsus vanderwulpi,1
S120,Demicryptochironomus sp.,2
S120,Paratendipes albimanus,6
S120,Polypedilum pedestre,6
S120,Tanytarsus kiseogi,4
S120,Tanytarsus takahashii,2
S120,Tanytarsus tamakutibasi,3
S120,Potthastia sp.,3
S120,Corynoneura sp.,2
S120,Cricotopus bimaculatus,7
S120,Hydrobaenus kondoi,2
S120,Hydrobaenus sp.,4
S120,Procladius choreus,4
S120,Cladopelma virescens,2
S121,Corbicula fluminea,2
S121,Rhyacodrilus coccineus,10
S121,Tubifex tubifex,4
S121,Limnodrilus claparedeianus,7
S121,Limnodrilus udekimineanus,1
S121,Chaetogaster diaphanus,6
S121,Chaetogaster limnaei,7
S121,Pristina biserrata,6
S121,Eisenia koreana,4
S121,Procloeon maritimum,9
S121,Choroterpes altioculus,2
S121,Ephoron shigae,4
S121,Caenis sp.,2
S121,Chironomus flaviplumus,1
S121,Chironomus sp.,2
S121,Cladotanytarsus vanderwulpi,1
S121,Cryptochironomus sp.,5
S121,Lipiniella moderata,3
S121,Nilothauma sp.,1
S121,Parachironomus gracilior,3
S121,Paratendipes sp.,7
S121,Polypedilum nubifer,2
S121,Polypedilum decematoguttatum,2
S121,Tanytarsus sp.,5
S121,Cricotopus bimaculatus,7
S121,Propsilocerus akamusi,2
S121,Conchapelopia sp.,2
S121,Procladius choreus,6
S122,Rhyacodrilus coccineus,6
S122,Chaetogaster diaphanus,3
S122,Chaetogaster limnaei,15
S122,Stylaria fossularis,5
S122,Pristina biserrata,10
S122,Pristina longiseta,9
S122,Lamprotus orientalis,6
S122,Cyprididae sp.,2
S122,Gnorimosphaeroma sp.,1
S122,Labiobaetis atrebatinus,4
S122,Procloeon maritimum,12
S122,Choroterpes altioculus,3
S122,Potamanthus formosus,3
S122,Rhoenanthus coreanus,9
S122,Ephoron shigae,6
S122,Ephemera orientalis,4
S122,Dixidae sp.,10
S122,Chironomus circumdatus,3
S122,Chironomus nipponensis,3
S122,Cryptochironomus sp.,3
S122,Demicryptochironomus sp.,9
S122,Dicrotendipes nervosus,2
S122,Dicrotendipes sp.,2
S122,Harnischia japonica,1
S122,Paratendipes sp.,11
S122,Tanytarsus kiseogi,11
S122,Tanytarsus tamakutibasi,8
S122,Potthastia sp.,4
S122,Thienemanniella sp.,5
S122,Cricotopus bicinctus,6
S122,Cricotopus bimaculatus,5
S122,Cricotopus sp.,3
S122,Eukiefferiella sp.,7
S122,Orthocladius sp.,8
S122,Rheocricotopus sp.,4
S122,Conchapelopia sp.,4
S122,Procladius choreus,7
S122,Saetheria tylus,5
S122,Syrphidae sp.,1
S123,Rhyacodrilus coccineus,10
S123,Limnodrilus claparedeianus,13
S123,Haplotaxis gordioides,9
S123,Chaetogaster limnaei,9
S123,Opidonais sp.,7
S123,Pristina longiseta,6
S123,Henlea sp.,5
S123,Helobdella stagnalis,2
S123,Erpobdella lineata,2
S123,Gammarus sp.,2
S123,Collembola sp.,3
S123,Cloeon dipterum,3
S123,Procloeon maritimum,10
S123,Choroterpes altioculus,6
S123,Ephoron shigae,7
S123,Caenis sp.,10
S123,Benthalia sp.,2
S123,Chironomus flaviplumus,7
S123,Chironomus nipponensis,5
S123,Cladotanytarsus vanderwulpi,5
S123,Cryptochironomus sp.,11
S123,Demicryptochironomus sp.,8
S123,Paratanytarsus sp.,3
S123,Paratendipes albimanus,7
S123,Paratendipes sp.,2
S123,Polypedilum pedestre,11
S123,Polypedilum nubifer,8
S123,Polypedilum masudai,8
S123,Polypedilum cultellatum,4
S123,Tanytarsus kiseogi,7
S123,Tanytarsus takahashii,9
S123,Tanytarsus tamakutibasi,8
S123,Cricotopus bicinctus,6
S123,Cricotopus bimaculatus,11
S123,Cricotopus sylvestris,2
S123,Eukiefferiella sp.,9
S123,Hydrobaenus kondoi,6
S123,Hydrobaenus sp.,4
S123,Ablabesmyia sp.,5
S123,Procladius nigriventris,2
S123,Rheopelopia sp.,9
S123,Cladopelma virescens,7
S124,Anodonta woodiana,11
S124,Corbicula fluminea,14
S124,Bothrioneurum vejdoskynum,11
S124,Rhyacodrilus coccineus,9
S124,Limnodrilus claparedeianus,11
S124,Limnodrilus udekimineanus,5
S124,Haplotaxis gordioides,5
S124,Chaetogaster diaphanus,7
S124,Chaetogaster limnaei,2
S124,Opidonais sp.,4
S124,Amphichaeta asiatica,11
S124,Nais communis,10
S124,Stylaria fossularis,10
S124,Henlea sp.,9
S124,Lumbriculus variegatus,12
S124,Eisenia koreana,7
S124,Helobdella stagnalis,7
S124,Erpobdella sp.,15
S124,Cyprididae sp.,10
S124,Cyathura higoensis,9
S124,Asellus sp.,10
S124,Gammarus sp.,10
S124,Jesogammarus sp.,9
S124,Monocorophium sp.,8
S124,Collembola sp.,11
S124,Baetis fuscatus,9
S124,Potamanthus formosus,8
S124,Rhoenanthus coreanus,3
S124,Serratella setigera,10
S124,Chironomus circumdatus,9
S124,Chironomus nipponensis,10
S124,Cladotanytarsus vanderwulpi,8
S124,Cryptochironomus sp.,17
S124,Demicryptochironomus sp.,8
S124,Dicrotendipes sp.,7
S124,Harnischia japonica,5
S124,Harnischia sp.,9
S124,Lipiniella moderata,9
S124,Microchironomus tener,12
S124,Microtendipes sp.,15
S124,Nilothauma sp.,5
S124,Parachironomus arcuatus,13
S124,Paratanytarsus inopertus,9
S124,Paratanytarsus grimmii,13
S124,Paratanytarsus sp.,11
S124,Paratendipes albimanus,10
S124,Paratendipes sp.,8
S124,Polypedilum asakawaense,11
S124,Polypedilum pedestre,6
S124,Polypedilum masudai,10
S124,Polypedilum nubeculosum,7
S124,Polypedilum sp.,3
S124,Stictochironomus sinsauensis,12
S124,Stictochironomus sp.,11
S124,Tanytarsus kiseogi,12
S124,Tanytarsus takahashii,10
S124,Tanytarsus sp.,9
S124,Potthastia sp.,9
S124,Thienemanniella sp.,6
S124,Brillia japonica,11
S124,Cricotopus bimaculatus,7
S124,Cricotopus sylvestris,9
S124,Eukiefferiella sp.,5
S124,Hydrobaenus sp.,11
S124,Limnophyes tamakitanaides,12
S124,Orthocladius glabripennis,8
S124,Paratrichocladius rufiventris,11
S124,Propsilocerus akamusi,2
S124,Ablabesmyia monilis,8
S124,Ablabesmyia prorasha,6
S124,Ablabesmyia sp.,6
S124,Procladius nigriventris,17
S124,Procladius sp.,9
S124,Rheopelopia sp.,8
S124,Tanypus punctipennis,6
S124,Saetheria tylus,10
S124,Cladopelma virescens,5
S124,Ephydridae sp.,9
S124,Ecnomus sp.,8
S125,Anodonta woodiana,6
S125,Limnodrilus claparedeianus,9
S125,Chaetogaster diaphanus,5
S125,Branchiodrilus hortensis,8
S125,Opidonais sp.,12
S125,Haemonais waldvogeli,8
S125,Nais variabilis,7
S125,Nais communis,6
S125,Stylaria fossularis,14
S125,Pristina biserrata,9
S125,Lamprotus orientalis,8
S125,Helobdella stagnalis,6
S125,Erpobdella lineata,8
S125,Cyprididae sp.,9
S125,Gnorimosphaeroma sp.,5
S125,Cyathura higoensis,5
S125,Asellus sp.,6
S125,Gammarus sp.,8
S125,Collembola sp.,10
S125,Baetis fuscatus,9
S125,Labiobaetis atrebatinus,9
S125,Procloeon pennulatum,10
S125,Potamanthus formosus,4
S125,Serratella setigera,4
S125,Caenis sp.,8
S125,Psychoda sp.,9
S125,Dixidae sp.,10
S125,Ceratopogonidae sp.,5
S125,Chironomus flaviplumus,8
S125,Cladotanytarsus vanderwulpi,11
S125,Demicryptochironomus sp.,8
S125,Dicrotendipes nervosus,8
S125,Glyptotendipes tokunagai,5
S125,Harnischia japonica,5
S125,Harnischiagumsanea,6
S125,Nilothauma sp.,12
S125,Paratanytarsus sp.,6
S125,Paratendipes albimanus,8
S125,Paratendipes sp.,6
S125,Polypedilum asakawaense,7
S125,Polypedilum pedestre,12
S125,Polypedilum nubifer,11
S125,Polypedilum decematoguttatum,4
S125,Polypedilum masudai,3
S125,Polypedilum nubeculosum,8
S125,Polypedilum sp.,5
S125,Stictochironomus sinsauensis,14
S125,Tanytarsus tamakutibasi,13
S125,Potthastia sp.,8
S125,Brillia japonica,5
S125,Cricotopus bicinctus,11
S125,Cricotopus triannulatus,11
S125,Hydrobaenus kondoi,11
S125,Hydrobaenus sp.,7
S125,Limnophyes tamakitanaides,8
S125,Orthocladius glabripennis,4
S125,Orthocladius sp.,9
S125,Rheocricotopus sp.,11
S125,Ablabesmyia monilis,11
S125,Ablabesmyia sp.,9
S125,Conchapelopia sp.,7
S125,Procladius sp.,11
S125,Saetheria tylus,12
S125,Cladopelma edwardsi,3
S125,Cladopelma virescens,6
S125,Chironomidae sp.,7
S126,Hediste sp.,6
S126,Branchiura sowerbyi,4
S126,Bothrioneurum vejdoskynum,4
S126,Haplotaxis gordioides,10
S126,Chaetogaster diaphanus,10
S126,Nais variabilis,7
S126,Pristina biserrata,8
S126,Pristina longiseta,13
S126,Henlea sp.,5
S126,Eisenia koreana,9
S126,Erpobdella lineata,3
S126,Erpobdella sp.,4
S126,Asellus sp.,2
S126,Gammarus sp.,6
S126,Collembola sp.,5
S126,Baetis fuscatus,11
S126,Cloeon dipterum,8
S126,Procloeon maritimum,12
S126,Potamanthus formosus,8
S126,Rhoenanthus coreanus,10
S126,Ephoron shigae,10
S126,Ephemera orientalis,9
S126,Dixidae sp.,5
S126,Benthalia sp.,7
S126,Chironomus circumdatus,8
S126,Chironomus kiiensis,2
S126,Chironomus sp.,6
S126,Dicrotendipes nervosus,3
S126,Glyptotendipes tokunagai,6
S126,Harnischia japonica,9
S126,Lipiniella moderata,10
S126,Microchironomus tener,4
S126,Microchironomus sp.,1
S126,Microtendipes sp.,9
S126,Parachironomus gracilior,6
S126,Paratanytarsus sp.,13
S126,Paratendipes albimanus,11
S126,Polypedilum decematoguttatum,10
S126,Polypedilum sp.,6
S126,Stictochironomus sinsauensis,6
S126,Tanytarsus kiseogi,7
S126,Tanytarsus tamagotoi,5
S126,Tanytarsus tamakutibasi,9
S126,Tanytarsus sp.,5
S126,Thienemanniella sp.,2
S126,Brillia japonica,12
S126,Corynoneura sp.,6
S126,Cricotopus bicinctus,11
S126,Cricotopus bimaculatus,10
S126,Cricotopus sylvestris,4
S126,Cricotopus sp.,1
S126,Eukiefferiella sp.,5
S126,Hydrobaenus sp.,8
S126,Limnophyes tamakitanaides,2
S126,Orthocladius sp.,4
S126,Rheocricotopus sp.,7
S126,Ablabesmyia monilis,10
S126,Ablabesmyia prorasha,11
S126,Procladius choreus,2
S126,Saetheria tylus,8
S126,Cladopelma edwardsi,7
S126,Chironomidae sp.,12
S126,Ecnomus sp.,3
S127,Corbicula fluminea,3
S127,Rhyacodrilus coccineus,4
S127,Opidonais sp.,9
S127,Pristina biserrata,5
S127,Gnorimosphaeroma sp.,1
S127,Procloeon pennulatum,4
S127,Potamanthus formosus,13
S127,Rhoenanthus coreanus,5
S127,Ephoron shigae,4
S127,Ephemera orientalis,6
S127,Chironomus circumdatus,9
S127,Cryptochironomus sp.,5
S127,Demicryptochironomus sp.,6
S127,Dicrotendipes nervosus,4
S127,Polypedilum asakawaense,1
S127,Polypedilum pedestre,9
S127,Polypedilum nubifer,8
S127,Stictochironomus sinsauensis,2
S127,Tanytarsus kiseogi,6
S127,Potthastia sp.,4
S127,Thienemanniella sp.,9
S127,Corynoneura sp.,1
S127,Cricotopus bimaculatus,7
S127,Cricotopus triannulatus,7
S127,Eukiefferiella sp.,6
S127,Hydrobaenus kondoi,2
S127,Hydrobaenus sp.,5
S127,Paratrichocladius rufiventris,3
S127,Rheocricotopus sp.,5
S127,Ablabesmyia prorasha,12
S127,Procladius choreus,8
S127,Saetheria tylus,6
S127,Chironomidae sp.,10
S128,Corbicula fluminea,6
S128,Branchiura sowerbyi,9
S128,Bothrioneurum vejdoskynum,9
S128,Rhyacodrilus coccineus,8
S128,Tubifex tubifex,12
S128,Limnodrilus udekimineanus,10
S128,Haplotaxis gordioides,5
S128,Branchiodrilus hortensis,10
S128,Amphichaeta asiatica,15
S128,Haemonais waldvogeli,9
S128,Nais variabilis,4
S128,Slavina appendiculata,13
S128,Pristina biserrata,5
S128,Henlea sp.,9
S128,Lumbriculus variegatus,10
S128,Lamprotus orientalis,11
S128,Eisenia koreana,11
S128,Helobdella stagnalis,10
S128,Cyprididae sp.,3
S128,Gnorimosphaeroma sp.,10
S128,Gammarus sp.,6
S128,Jesogammarus sp.,10
S128,Monocorophium sp.,6
S128,Collembola sp.,9
S128,Cloeon dipterum,8
S128,Labiobaetis atrebatinus,7
S128,Procloeon pennulatum,9
S128,Choroterpes altioculus,4
S128,Potamanthus formosus,13
S128,Ephoron shigae,6
S128,Ephemera orientalis,11
S128,Psychoda sp.,5
S128,Benthalia sp.,11
S128,Chironomus circumdatus,10
S128,Chironomus flaviplumus,7
S128,Chironomus nipponensis,9
S128,Chironomus edwardsi,17
S128,Chironomus sp.,7
S128,Cladotanytarsus vanderwulpi,11
S128,Demicryptochironomus sp.,9
S128,Dicrotendipes nervosus,8
S128,Glyptotendipes tokunagai,5
S128,Harnischia japonica,12
S128,Harnischia sp.,4
S128,Microchironomus tener,9
S128,Parachironomus gracilior,8
S128,Parachironomus arcuatus,8
S128,Paratanytarsus inopertus,6
S128,Paratanytarsus grimmii,9
S128,Paratendipes albimanus,12
S128,Paratendipes sp.,9
S128,Polypedilum asakawaense,8
S128,Polypedilum pedestre,7
S128,Polypedilum decematoguttatum,6
S128,Polypedilum masudai,12
S128,Polypedilum cultellatum,12
S128,Stictochironomus sp.,12
S128,Tanytarsus kiseogi,9
S128,Tanytarsus tamagotoi,9
S128,Tanytarsus tamakutibasi,5
S128,Tanytarsus sp.,11
S128,Thienemanniella sp.,6
S128,Cricotopus bicinctus,6
S128,Cricotopus sylvestris,10
S128,Cricotopus triannulatus,6
S128,Eukiefferiella sp.,9
S128,Hydrobaenus kondoi,10
S128,Limnophyes tamakitanaides,11
S128,Orthocladius sp.,9
S128,Paratrichocladius rufiventris,6
S128,Rheocricotopus sp.,12
S128,Ablabesmyia longistyla,5
S128,Ablabesmyia monilis,4
S128,Ablabesmyia prorasha,12
S128,Ablabesmyia sp.,4
S128,Rheopelopia sp.,8
S128,Tanypus punctipennis,11
S128,Saetheria tylus,8
S128,Cladopelma edwardsi,10
S128,Cladopelma virescens,7
S128,Chironomidae sp.,6
S128,Ecnomus sp.,5
S129,Musculium lacustre,7
S129,Limnodrilus claparedeianus,9
S129,Chaetogaster limnaei,11
S129,Nais variabilis,10
S129,Pristina biserrata,14
S129,Lumbriculus variegatus,5
S129,Erpobdella sp.,5
S129,Gnorimosphaeroma sp.,2
S129,Baetis fuscatus,8
S129,Cloeon dipterum,3
S129,Potamanthus formosus,5
S129,Ephoron shigae,9
S129,Ephemera orientalis,12
S129,Ceratopogonidae sp.,7
S129,Chironomus flaviplumus,7
S129,Chironomus nipponensis,7
S129,Cladotanytarsus vanderwulpi,7
S129,Cryptochironomus sp.,4
S129,Dicrotendipes nervosus,6
S129,Harnischia sp.,3
S129,Microchironomus tener,9
S129,Parachironomus gracilior,11
S129,Paratendipes sp.,14
S129,Polypedilum pedestre,12
S129,Polypedilum nubifer,9
S129,Polypedilum masudai,11
S129,Polypedilum cultellatum,9
S129,Stictochironomus sinsauensis,7
S129,Stictochironomus sp.,6
S129,Tanytarsus tamakutibasi,8
S129,Thienemanniella sp.,9
S129,Brillia japonica,5
S129,Corynoneura sp.,9
S129,Cricotopus bicinctus,4
S129,Cricotopus bimaculatus,13
S129,Cricotopus sp.,7
S129,Eukiefferiella sp.,17
S129,Orthocladius sp.,12
S129,Paratrichocladius rufiventris,4
S129,Rheocricotopus sp.,7
S129,Conchapelopia sp.,11
S129,Rheopelopia sp.,10
S129,Saetheria tylus,10
S129,Cladopelma virescens,14
S129,Chironomidae sp.,8
S130,Branchiura sowerbyi,7
S130,Tubifex tubifex,9
S130,Limnodrilus claparedeianus,12
S130,Limnodrilus hoffmeisteri,7
S130,Limnodrilus udekimineanus,2
S130,Haplotaxis gordioides,8
S130,Chaetogaster limnaei,5
S130,Opidonais sp.,9
S130,Haemonais waldvogeli,6
S130,Nais variabilis,2
S130,Pristina biserrata,8
S130,Pristina longiseta,14
S130,Henlea sp.,5
S130,Lumbriculus variegatus,12
S130,Lamprotus orientalis,10
S130,Helobdella stagnalis,9
S130,Cyathura higoensis,4
S130,Asellus sp.,5
S130,Gammarus sp.,10
S130,Baetis fuscatus,7
S130,Cloeon dipterum,10
S130,Labiobaetis atrebatinus,5
S130,Procloeon pennulatum,6
S130,Potamanthus formosus,10
S130,Rhoenanthus coreanus,14
S130,Ephemera orientalis,11
S130,Ceratopogonidae sp.,8
S130,Benthalia sp.,6
S130,Chironomus nipponensis,5
S130,Chironomus sp.,10
S130,Cladotanytarsus vanderwulpi,8
S130,Cryptochironomus sp.,5
S130,Harnischiagumsanea,7
S130,Harnischia sp.,4
S130,Lipiniella moderata,11
S130,Microchironomus tener,8
S130,Microchironomus sp.,3
S130,Microtendipes sp.,7
S130,Nilothauma sp.,7
S130,Parachironomus arcuatus,3
S130,Paratanytarsus grimmii,8
S130,Paratanytarsus sp.,3
S130,Paratendipes albimanus,9
S130,Paratendipes sp.,6
S130,Polypedilum pedestre,11
S130,Polypedilum masudai,5
S130,Polypedilum cultellatum,8
S130,Polypedilum nubeculosum,13
S130,Stictochironomus sinsauensis,12
S130,Tanytarsus kiseogi,6
S130,Tanytarsus takahashii,5
S130,Tanytarsus tamakutibasi,5
S130,Thienemanniella sp.,10
S130,Corynoneura sp.,9
S130,Cricotopus bicinctus,6
S130,Cricotopus triannulatus,10
S130,Cricotopus sp.,5
S130,Eukiefferiella sp.,11
S130,Hydrobaenus kondoi,11
S130,Limnophyes tamakitanaides,10
S130,Ablabesmyia sp.,3
S130,Conchapelopia sp.,5
S130,Saetheria tylus,7
S130,Cladopelma edwardsi,7
S130,Chironomidae sp.,7
S131,Corbicula fluminea,13
S131,Musculium lacustre,5
S131,Hediste sp.,9
S131,Branchiura sowerbyi,6
S131,Bothrioneurum vejdoskynum,10
S131,Rhyacodrilus coccineus,10
S131,Tubifex tubifex,14
S131,Limnodrilus claparedeianus,8
S131,Limnodrilus hoffmeisteri,15
S131,Haplotaxis gordioides,9
S131,Opidonais sp.,3
S131,Amphichaeta asiatica,7
S131,Haemonais waldvogeli,9
S131,Nais variabilis,6
S131,Slavina appendiculata,6
S131,Pristina biserrata,8
S131,Pristina longiseta,8
S131,Henlea sp.,5
S131,Mesenchytreanus sp.,10
S131,Lamprotus orientalis,8
S131,Eisenia koreana,10
S131,Erpobdella sp.,1
S131,Gnorimosphaeroma sp.,8
S131,Asellus sp.,10
S131,Gammarus sp.,10
S131,Collembola sp.,10
S131,Cloeon dipterum,11
S131,Labiobaetis atrebatinus,9
S131,Rhoenanthus coreanus,6
S131,Ephoron shigae,6
S131,Ephemera orientalis,11
S131,Caenis sp.,14
S131,Ceratopogonidae sp.,8
S131,Benthalia sp.,9
S131,Chironomus flaviplumus,10
S131,Chironomus edwardsi,6
S131,Cladotanytarsus vanderwulpi,8
S131,Cryptochironomus sp.,5
S131,Demicryptochironomus sp.,11
S131,Dicrotendipes nervosus,13
S131,Dicrotendipes septemmaculatus,10
S131,Glyptotendipes tokunagai,8
S131,Harnischiagumsanea,2
S131,Lipiniella moderata,8
S131,Microchironomus tener,10
S131,Microtendipes sp.,4
S131,Parachironomus gracilior,10
S131,Parachironomus arcuatus,10
S131,Paratanytarsus sp.,9
S131,Paratendipes albimanus,8
S131,Paratendipes sp.,10
S131,Polypedilum asakawaense,7
S131,Polypedilum pedestre,9
S131,Polypedilum nubifer,7
S131,Polypedilum decematoguttatum,7
S131,Polypedilum masudai,11
S131,Polypedilum cultellatum,8
S131,Polypedilum nubeculosum,5
S131,Stictochironomus sinsauensis,11
S131,Stictochironomus sp.,6
S131,Tanytarsus kiseogi,8
S131,Tanytarsus tamakutibasi,10
S131,Tanytarsus sp.,14
S131,Potthastia sp.,12
S131,Thienemanniella sp.,5
S131,Cricotopus sylvestris,10
S131,Cricotopus triannulatus,9
S131,Eukiefferiella sp.,14
S131,Hydrobaenus sp.,5
S131,Limnophyes tamakitanaides,5
S131,Paratrichocladius rufiventris,5
S131,Propsilocerus akamusi,9
S131,Ablabesmyia longistyla,2
S131,Ablabesmyia prorasha,4
S131,Ablabesmyia sp.,15
S131,Conchapelopia sp.,5
S131,Procladius choreus,13
S131,Chironomidae sp.,10
S132,Anodonta woodiana,8
S132,Corbicula fluminea,12
S132,Musculium lacustre,7
S132,Tubifex tubifex,10
S132,Limnodrilus claparedeianus,11
S132,Limnodrilus hoffmeisteri,8
S132,Nais variabilis,9
S132,Nais communis,9
S132,Pristina longiseta,6
S132,Henlea sp.,7
S132,Lamprotus orientalis,11
S132,Helobdella stagnalis,7
S132,Gnorimosphaeroma sp.,12
S132,Cyathura higoensis,5
S132,Gammarus sp.,6
S132,Procloeon maritimum,9
S132,Choroterpes altioculus,4
S132,Rhoenanthus coreanus,4
S132,Ephoron shigae,8
S132,Ephemera orientalis,10
S132,Serratella setigera,4
S132,Caenis sp.,9
S132,Chironomus circumdatus,8
S132,Chironomus flaviplumus,7
S132,Chironomus nipponensis,8
S132,Chironomus sp.,11
S132,Cryptochironomus sp.,8
S132,Demicryptochironomus sp.,6
S132,Dicrotendipes nervosus,6
S132,Dicrotendipes sp.,6
S132,Glyptotendipes tokunagai,5
S132,Microchironomus tener,5
S132,Microchironomus sp.,7
S132,Microtendipes sp.,9
S132,Nilothauma sp.,4
S132,Parachironomus gracilior,13
S132,Paratanytarsus sp.,8
S132,Paratendipes albimanus,8
S132,Paratendipes sp.,10
S132,Polypedilum nubifer,10
S132,Polypedilum decematoguttatum,2
S132,Polypedilum masudai,11
S132,Polypedilum cultellatum,6
S132,Polypedilum nubeculosum,8
S132,Polypedilum sp.,7
S132,Stictochironomus sinsauensis,9
S132,Tanytarsus sp.,10
S132,Potthastia sp.,12
S132,Cricotopus bicinctus,12
S132,Cricotopus triannulatus,3
S132,Cricotopus sp.,7
S132,Eukiefferiella sp.,11
S132,Hydrobaenus kondoi,8
S132,Limnophyes tamakitanaides,6
S132,Orthocladius sp.,8
S132,Propsilocerus akamusi,15
S132,Rheocricotopus sp.,17
S132,Ablabesmyia longistyla,6
S132,Ablabesmyia monilis,9
S132,Conchapelopia sp.,11
S132,Procladius choreus,8
S132,Rheopelopia sp.,9
S132,Saetheria tylus,10
S132,Cladopelma edwardsi,4
S132,Chironomidae sp.,10
S133,Branchiura sowerbyi,3
S133,Bothrioneurum vejdoskynum,6
S133,Limnodrilus claparedeianus,9
S133,Pristina longiseta,7
S133,Lumbriculus variegatus,6
S133,Lamprotus orientalis,6
S133,Cloeon dipterum,4
S133,Procloeon maritimum,4
S133,Choroterpes altioculus,15
S133,Rhoenanthus coreanus,5
S133,Ephoron shigae,4
S133,Serratella setigera,3
S133,Psychoda sp.,4
S133,Cryptochironomus sp.,8
S133,Demicryptochironomus sp.,8
S133,Lipiniella moderata,5
S133,Paratendipes albimanus,7
S133,Paratendipes sp.,7
S133,Polypedilum asakawaense,1
S133,Polypedilum pedestre,8
S133,Polypedilum nubifer,11
S133,Polypedilum cultellatum,8
S133,Polypedilum nubeculosum,4
S133,Stictochironomus sinsauensis,3
S133,Stictochironomus sp.,5
S133,Tanytarsus kiseogi,8
S133,Tanytarsus tamagotoi,6
S133,Tanytarsus sp.,4
S133,Corynoneura sp.,10
S133,Cricotopus bimaculatus,8
S133,Cricotopus triannulatus,7
S133,Hydrobaenus kondoi,8
S133,Hydrobaenus sp.,6
S133,Orthocladius sp.,6
S133,Paratrichocladius rufiventris,5
S133,Ablabesmyia prorasha,6
S133,Rheopelopia sp.,8
S133,Saetheria tylus,6
S133,Chironomidae sp.,8
S133,Syrphidae sp.,1
S134,Limnodrilus claparedeianus,7
S134,Amphichaeta asiatica,4
S134,Pristina longiseta,8
S134,Lamprotus orientalis,9
S134,Cloeon dipterum,2
S134,Procloeon maritimum,8
S134,Rhoenanthus coreanus,5
S134,Caenis sp.,5
S134,Dixidae sp.,4
S134,Chironomus circumdatus,8
S134,Demicryptochironomus sp.,6
S134,Paratendipes sp.,6
S134,Polypedilum nubifer,5
S134,Tanytarsus tamakutibasi,5
S134,Corynoneura sp.,7
S134,Cricotopus bimaculatus,14
S134,Cricotopus triannulatus,1
S134,Orthocladius sp.,1
S134,Ablabesmyia monilis,2
S134,Conchapelopia sp.,2
S134,Saetheria tylus,3
S134,Syrphidae sp.,1
S135,Anodonta woodiana,11
S135,Corbicula fluminea,5
S135,Bothrioneurum vejdoskynum,8
S135,Rhyacodrilus coccineus,8
S135,Tubifex tubifex,8
S135,Limnodrilus hoffmeisteri,6
S135,Chaetogaster limnaei,8
S135,Branchiodrilus hortensis,4
S135,Haemonais waldvogeli,6
S135,Nais variabilis,9
S135,Nais communis,4
S135,Slavina appendiculata,15
S135,Stylaria fossularis,12
S135,Pristina longiseta,6
S135,Lamprotus orientalis,5
S135,Eisenia koreana,8
S135,Erpobdella lineata,7
S135,Cyprididae sp.,10
S135,Gnorimosphaeroma sp.,12
S135,Asellus sp.,8
S135,Collembola sp.,10
S135,Labiobaetis atrebatinus,11
S135,Procloeon maritimum,12
S135,Procloeon pennulatum,9
S135,Choroterpes altioculus,14
S135,Rhoenanthus coreanus,9
S135,Ephoron shigae,13
S135,Serratella setigera,14
S135,Caenis sp.,13
S135,Psychoda sp.,9
S135,Benthalia sp.,14
S135,Chironomus flaviplumus,6
S135,Chironomus edwardsi,10
S135,Chironomus sp.,8
S135,Cladotanytarsus vanderwulpi,16
S135,Cryptochironomus sp.,10
S135,Demicryptochironomus sp.,10
S135,Dicrotendipes nervosus,6
S135,Dicrotendipes sp.,9
S135,Glyptotendipes tokunagai,6
S135,Lipiniella moderata,8
S135,Microchironomus tener,4
S135,Nilothauma sp.,2
S135,Parachironomus gracilior,13
S135,Parachironomus arcuatus,12
S135,Paratanytarsus inopertus,10
S135,Paratanytarsus grimmii,9
S135,Paratendipes albimanus,5
S135,Paratendipes sp.,8
S135,Polypedilum asakawaense,5
S135,Polypedilum pedestre,8
S135,Polypedilum nubifer,8
S135,Polypedilum decematoguttatum,9
S135,Polypedilum masudai,5
S135,Polypedilum cultellatum,11
S135,Polypedilum nubeculosum,9
S135,Polypedilum sp.,4
S135,Stictochironomus sp.,6
S135,Tanytarsus takahashii,13
S135,Tanytarsus tamakutibasi,9
S135,Tanytarsus sp.,11
S135,Brillia japonica,8
S135,Cricotopus bicinctus,8
S135,Cricotopus bimaculatus,10
S135,Cricotopus triannulatus,11
S135,Cricotopus sp.,2
S135,Eukiefferiella sp.,10
S135,Orthocladius glabripennis,5
S135,Orthocladius sp.,6
S135,Paratrichocladius rufiventris,8
S135,Propsilocerus akamusi,12
S135,Rheocricotopus sp.,8
S135,Ablabesmyia monilis,8
S135,Ablabesmyia prorasha,14
S135,Ablabesmyia sp.,8
S135,Hayesomyia tripunctata,3
S135,Procladius nigriventris,3
S135,Procladius sp.,9
S135,Tanypus punctipennis,6
S135,Saetheria tylus,8
S135,Cladopelma edwardsi,2
S135,Cladopelma virescens,8
S135,Chironomidae sp.,10
S135,Syrphidae sp.,12
S135,Ecnomus sp.,6
S136,Anodonta woodiana,8
S136,Musculium lacustre,9
S136,Hediste sp.,9
S136,Branchiura sowerbyi,10
S136,Bothrioneurum vejdoskynum,13
S136,Rhyacodrilus coccineus,8
S136,Tubifex tubifex,5
S136,Limnodrilus udekimineanus,9
S136,Haplotaxis gordioides,15
S136,Opidonais sp.,9
S136,Amphichaeta asiatica,5
S136,Haemonais waldvogeli,12
S136,Nais variabilis,13
S136,Slavina appendiculata,11
S136,Stylaria fossularis,6
S136,Pristina biserrata,7
S136,Pristina longiseta,14
S136,Henlea sp.,5
S136,Mesenchytreanus sp.,7
S136,Lumbriculus variegatus,10
S136,Lamprotus orientalis,5
S136,Eisenia koreana,12
S136,Gnorimosphaeroma sp.,9
S136,Gammarus sp.,9
S136,Cloeon dipterum,11
S136,Labiobaetis atrebatinus,11
S136,Procloeon maritimum,9
S136,Choroterpes altioculus,13
S136,Potamanthus formosus,6
S136,Rhoenanthus coreanus,17
S136,Ephoron shigae,10
S136,Ephemera orientalis,9
S136,Serratella setigera,10
S136,Psychoda sp.,7
S136,Benthalia sp.,6
S136,Chironomus circumdatus,18
S136,Chironomus flaviplumus,7
S136,Chironomus nipponensis,6
S136,Chironomus edwardsi,7
S136,Cryptochironomus sp.,14
S136,Demicryptochironomus sp.,9
S136,Dicrotendipes nervosus,3
S136,Dicrotendipes pelochloris,3
S136,Dicrotendipes sp.,8
S136,Glyptotendipes tokunagai,10
S136,Harnischia japonica,14
S136,Lipiniella moderata,11
S136,Microchironomus tener,5
S136,Microchironomus sp.,2
S136,Nilothauma sp.,5
S136,Parachironomus gracilior,12
S136,Parachironomus arcuatus,5
S136,Paratanytarsus inopertus,8
S136,Paratendipes sp.,9
S136,Polypedilum asakawaense,6
S136,Polypedilum pedestre,8
S136,Polypedilum cultellatum,9
S136,Polypedilum sp.,7
S136,Stictochironomus sinsauensis,9
S136,Stictochironomus sp.,6
S136,Tanytarsus kiseogi,10
S136,Tanytarsus takahashii,11
S136,Tanytarsus tamagotoi,7
S136,Tanytarsus tamakutibasi,5
S136,Tanytarsus sp.,16
S136,Cricotopus bimaculatus,6
S136,Eukiefferiella sp.,8
S136,Hydrobaenus kondoi,7
S136,Limnophyes tamakitanaides,9
S136,Propsilocerus akamusi,7
S136,Rheocricotopus sp.,10
S136,Ablabesmyia monilis,9
S136,Ablabesmyia prorasha,6
S136,Ablabesmyia sp.,7
S136,Conchapelopia sp.,8
S136,Procladius choreus,14
S136,Procladius sp.,6
S136,Tanypus punctipennis,2
S136,Saetheria tylus,8
S136,Cladopelma edwardsi,11
S136,Cladopelma virescens,7
S136,Chironomidae sp.,10
S136,Syrphidae sp.,7
S137,Corbicula fluminea,11
S137,Musculium lacustre,4
S137,Rhyacodrilus coccineus,5
S137,Limnodrilus claparedeianus,6
S137,Limnodrilus hoffmeisteri,5
S137,Haplotaxis gordioides,3
S137,Chaetogaster limnaei,10
S137,Opidonais sp.,7
S137,Haemonais waldvogeli,4
S137,Nais variabilis,2
S137,Stylaria fossularis,7
S137,Lamprotus orientalis,12
S137,Eisenia koreana,4
S137,Gnorimosphaeroma sp.,6
S137,Gammarus sp.,5
S137,Cloeon dipterum,6
S137,Procloeon maritimum,10
S137,Procloeon pennulatum,3
S137,Choroterpes altioculus,3
S137,Potamanthus formosus,6
S137,Ephoron shigae,8
S137,Dixidae sp.,7
S137,Ceratopogonidae sp.,6
S137,Chironomus circumdatus,10
S137,Chironomus flaviplumus,3
S137,Demicryptochironomus sp.,14
S137,Glyptotendipes tokunagai,5
S137,Microtendipes sp.,3
S137,Nilothauma sp.,5
S137,Paratanytarsus sp.,2
S137,Paratendipes albimanus,11
S137,Paratendipes sp.,12
S137,Polypedilum nubifer,9
S137,Polypedilum decematoguttatum,6
S137,Stictochironomus sp.,4
S137,Tanytarsus tamakutibasi,7
S137,Potthastia sp.,5
S137,Thienemanniella sp.,6
S137,Corynoneura sp.,6
S137,Cricotopus bicinctus,5
S137,Cricotopus triannulatus,5
S137,Cricotopus sp.,10
S137,Eukiefferiella sp.,8
S137,Orthocladius sp.,9
S137,Ablabesmyia sp.,1
S137,Conchapelopia sp.,9
S137,Rheopelopia sp.,8
S137,Saetheria tylus,7
S137,Cladopelma virescens,7
S138,Limnodrilus claparedeianus,1
S138,Ephoron shigae,1
S138,Corynoneura sp.,1
S138,Rheocricotopus sp.,1
S138,Syrphidae sp.,1
S139,Anodonta woodiana,9
S139,Musculium lacustre,5
S139,Hediste sp.,1
S139,Branchiura sowerbyi,3
S139,Limnodrilus claparedeianus,5
S139,Limnodrilus hoffmeisteri,7
S139,Haplotaxis gordioides,7
S139,Opidonais sp.,10
S139,Stylaria fossularis,9
S139,Pristina biserrata,7
S139,Pristina longiseta,10
S139,Henlea sp.,6
S139,Lamprotus orientalis,5
S139,Eisenia koreana,3
S139,Collembola sp.,6
S139,Cloeon dipterum,5
S139,Procloeon maritimum,5
S139,Choroterpes altioculus,9
S139,Potamanthus formosus,12
S139,Ephoron shigae,3
S139,Ephemera orientalis,13
S139,Serratella setigera,6
S139,Psychoda sp.,7
S139,Ceratopogonidae sp.,7
S139,Benthalia sp.,3
S139,Chironomus circumdatus,16
S139,Chironomus flaviplumus,9
S139,Chironomus kiiensis,3
S139,Chironomus nipponensis,6
S139,Cladotanytarsus vanderwulpi,9
S139,Cryptochironomus sp.,10
S139,Demicryptochironomus sp.,8
S139,Dicrotendipes nervosus,9
S139,Harnischia japonica,4
S139,Microchironomus tener,8
S139,Parachironomus gracilior,12
S139,Paratanytarsus grimmii,5
S139,Polypedilum pedestre,6
S139,Polypedilum nubifer,5
S139,Polypedilum masudai,3
S139,Stictochironomus sinsauensis,10
S139,Stictochironomus sp.,8
S139,Tanytarsus kiseogi,6
S139,Tanytarsus takahashii,7
S139,Tanytarsus tamagotoi,9
S139,Potthastia sp.,3
S139,Thienemanniella sp.,5
S139,Corynoneura sp.,15
S139,Cricotopus bimaculatus,5
S139,Cricotopus triannulatus,7
S139,Eukiefferiella sp.,11
S139,Hydrobaenus sp.,9
S139,Limnophyes tamakitanaides,5
S139,Paratrichocladius rufiventris,8
S139,Procladius choreus,9
S139,Procladius nigriventris,1
S139,Saetheria tylus,15
S139,Cladopelma edwardsi,2
S139,Cladopelma virescens,14
S139,Chironomidae sp.,4
S139,Ecnomus sp.,4
S140,Corbicula fluminea,6
S140,Bothrioneurum vejdoskynum,8
S140,Tubifex tubifex,7
S140,Haplotaxis gordioides,14
S140,Chaetogaster diaphanus,12
S140,Chaetogaster limnaei,9
S140,Amphichaeta asiatica,4
S140,Haemonais waldvogeli,6
S140,Pristina longiseta,8
S140,Lamprotus orientalis,11
S140,Helobdella stagnalis,1
S140,Gnorimosphaeroma sp.,6
S140,Labiobaetis atrebatinus,4
S140,Procloeon maritimum,12
S140,Procloeon pennulatum,4
S140,Potamanthus formosus,7
S140,Rhoenanthus coreanus,8
S140,Caenis sp.,11
S140,Psychoda sp.,6
S140,Ceratopogonidae sp.,6
S140,Benthalia sp.,1
S140,Cladotanytarsus vanderwulpi,6
S140,Demicryptochironomus sp.,6
S140,Harnischia japonica,9
S140,Microchironomus tener,8
S140,Nilothauma sp.,6
S140,Parachironomus gracilior,4
S140,Paratanytarsus sp.,4
S140,Paratendipes sp.,10
S140,Polypedilum asakawaense,3
S140,Polypedilum pedestre,15
S140,Polypedilum decematoguttatum,3
S140,Stictochironomus sp.,11
S140,Tanytarsus kiseogi,10
S140,Tanytarsus takahashii,9
S140,Tanytarsus tamagotoi,9
S140,Tanytarsus tamakutibasi,9
S140,Tanytarsus sp.,7
S140,Thienemanniella sp.,14
S140,Cricotopus bicinctus,5
S140,Cricotopus bimaculatus,14
S140,Cricotopus sp.,7
S140,Eukiefferiella sp.,5
S140,Hydrobaenus kondoi,4
S140,Orthocladius sp.,8
S140,Rheocricotopus sp.,6
S140,Ablabesmyia monilis,5
S140,Ablabesmyia sp.,5
S140,Procladius choreus,7
S140,Saetheria tylus,7
S140,Cladopelma virescens,7
S140,Chironomidae sp.,7
S141,Corbicula fluminea,9
S141,Musculium lacustre,9
S141,Branchiura sowerbyi,9
S141,Bothrioneurum vejdoskynum,9
S141,Rhyacodrilus coccineus,6
S141,Tubifex tubifex,7
S141,Limnodrilus claparedeianus,10
S141,Limnodrilus hoffmeisteri,9
S141,Chaetogaster diaphanus,15
S141,Amphichaeta asiatica,7
S141,Stylaria fossularis,8
S141,Pristina longiseta,10
S141,Lumbriculus variegatus,11
S141,Lamprotus orientalis,9
S141,Helobdella stagnalis,10
S141,Erpobdella lineata,13
S141,Cloeon dipterum,5
S141,Procloeon maritimum,7
S141,Procloeon pennulatum,8
S141,Choroterpes altioculus,12
S141,Potamanthus formosus,7
S141,Rhoenanthus coreanus,9
S141,Ephoron shigae,7
S141,Dixidae sp.,8
S141,Benthalia sp.,10
S141,Chironomus circumdatus,11
S141,Chironomus flaviplumus,6
S141,Chironomus nipponensis,9
S141,Cladotanytarsus vanderwulpi,10
S141,Cryptochironomus sp.,8
S141,Demicryptochironomus sp.,10
S141,Dicrotendipes nervosus,8
S141,Glyptotendipes tokunagai,7
S141,Harnischia japonica,9
S141,Harnischia sp.,7
S141,Microtendipes sp.,8
S141,Paratanytarsus sp.,10
S141,Paratendipes albimanus,7
S141,Paratendipes sp.,8
S141,Polypedilum pedestre,8
S141,Polypedilum nubifer,9
S141,Polypedilum masudai,13
S141,Polypedilum sp.,5
S141,Stictochironomus sp.,4
S141,Tanytarsus kiseogi,6
S141,Tanytarsus tamakutibasi,9
S141,Thienemanniella sp.,9
S141,Brillia japonica,15
S141,Cricotopus bicinctus,6
S141,Cricotopus triannulatus,6
S141,Cricotopus sp.,10
S141,Hydrobaenus kondoi,5
S141,Hydrobaenus sp.,6
S141,Orthocladius sp.,13
S141,Paratrichocladius rufiventris,4
S141,Rheocricotopus sp.,10
S141,Ablabesmyia longistyla,3
S141,Ablabesmyia monilis,5
S141,Ablabesmyia sp.,8
S141,Conchapelopia sp.,9
S141,Procladius choreus,3
S141,Rheopelopia sp.,11
S141,Saetheria tylus,8
S141,Cladopelma virescens,7
S141,Chironomidae sp.,14
S141,Syrphidae sp.,2
S142,Corbicula fluminea,7
S142,Branchiura sowerbyi,8
S142,Bothrioneurum vejdoskynum,10
S142,Rhyacodrilus coccineus,12
S142,Limnodrilus claparedeianus,5
S142,Limnodrilus hoffmeisteri,8
S142,Limnodrilus udekimineanus,5
S142,Haplotaxis gordioides,7
S142,Chaetogaster diaphanus,8
S142,Haemonais waldvogeli,9
S142,Nais variabilis,11
S142,Nais communis,7
S142,Slavina appendiculata,2
S142,Stylaria fossularis,14
S142,Pristina biserrata,6
S142,Henlea sp.,12
S142,Lumbriculus variegatus,8
S142,Lamprotus orientalis,13
S142,Eisenia koreana,5
S142,Helobdella stagnalis,12
S142,Erpobdella sp.,2
S142,Cyprididae sp.,8
S142,Gammarus sp.,6
S142,Collembola sp.,10
S142,Baetis fuscatus,6
S142,Procloeon maritimum,4
S142,Procloeon pennulatum,9
S142,Potamanthus formosus,5
S142,Rhoenanthus coreanus,6
S142,Ephemera orientalis,9
S142,Psychoda sp.,9
S142,Dixidae sp.,7
S142,Ceratopogonidae sp.,10
S142,Chironomus circumdatus,14
S142,Chironomus flaviplumus,9
S142,Chironomus kiiensis,4
S142,Chironomus nipponensis,12
S142,Chironomus sp.,12
S142,Cladotanytarsus vanderwulpi,10
S142,Demicryptochironomus sp.,8
S142,Dicrotendipes nervosus,8
S142,Dicrotendipes sp.,8
S142,Lipiniella moderata,9
S142,Microchironomus tener,6
S142,Microchironomus sp.,6
S142,Parachironomus gracilior,9
S142,Parachironomus arcuatus,4
S142,Paratanytarsus sp.,4
S142,Paratendipes albimanus,7
S142,Polypedilum pedestre,9
S142,Polypedilum masudai,9
S142,Polypedilum nubeculosum,9
S142,Polypedilum sp.,12
S142,Tanytarsus takahashii,7
S142,Tanytarsus tamagotoi,11
S142,Tanytarsus tamakutibasi,9
S142,Thienemanniella sp.,8
S142,Brillia japonica,8
S142,Corynoneura sp.,8
S142,Cricotopus bicinctus,5
S142,Cricotopus bimaculatus,11
S142,Cricotopus triannulatus,6
S142,Cricotopus sp.,6
S142,Eukiefferiella sp.,10
S142,Hydrobaenus sp.,11
S142,Limnophyes tamakitanaides,4
S142,Orthocladius sp.,10
S142,Paratrichocladius rufiventris,9
S142,Rheocricotopus sp.,9
S142,Ablabesmyia longistyla,8
S142,Ablabesmyia monilis,11
S142,Ablabesmyia prorasha,10
S142,Conchapelopia sp.,7
S142,Procladius choreus,9
S142,Procladius sp.,10
S142,Rheopelopia sp.,7
S142,Saetheria tylus,10
S142,Cladopelma edwardsi,8
S142,Cladopelma virescens,8
S142,Syrphidae sp.,5
S142,Ephydridae sp.,3
S143,Rhyacodrilus coccineus,5
S143,Limnodrilus claparedeianus,11
S143,Haplotaxis gordioides,2
S143,Opidonais sp.,5
S143,Pristina biserrata,5
S143,Helobdella stagnalis,2
S143,Erpobdella sp.,1
S143,Choroterpes altioculus,5
S143,Rhoenanthus coreanus,4
S143,Ephoron shigae,6
S143,Psychoda sp.,1
S143,Dixidae sp.,2
S143,Demicryptochironomus sp.,2
S143,Paratanytarsus sp.,1
S143,Polypedilum pedestre,8
S143,Tanytarsus tamagotoi,4
S143,Tanytarsus sp.,1
S143,Thienemanniella sp.,2
S143,Corynoneura sp.,4
S143,Hydrobaenus sp.,6
S144,Anodonta woodiana,10
S144,Corbicula fluminea,9
S144,Hediste sp.,9
S144,Limnodrilus hoffmeisteri,7
S144,Haplotaxis gordioides,6
S144,Branchiodrilus hortensis,5
S144,Opidonais sp.,14
S144,Amphichaeta asiatica,8
S144,Haemonais waldvogeli,9
S144,Nais variabilis,9
S144,Nais communis,3
S144,Slavina appendiculata,15
S144,Stylaria fossularis,11
S144,Pristina biserrata,6
S144,Pristina longiseta,14
S144,Henlea sp.,11
S144,Mesenchytreanus sp.,6
S144,Lumbriculus variegatus,3
S144,Lamprotus orientalis,4
S144,Eisenia koreana,7
S144,Erpobdella lineata,7
S144,Gnorimosphaeroma sp.,9
S144,Cyathura higoensis,5
S144,Gammarus sp.,9
S144,Monocorophium sp.,4
S144,Baetis fuscatus,10
S144,Cloeon dipterum,5
S144,Procloeon maritimum,9
S144,Procloeon pennulatum,10
S144,Choroterpes altioculus,8
S144,Ephoron shigae,9
S144,Psychoda sp.,5
S144,Benthalia sp.,11
S144,Chironomus flaviplumus,6
S144,Chironomus kiiensis,5
S144,Chironomus edwardsi,6
S144,Chironomus sp.,4
S144,Demicryptochironomus sp.,6
S144,Dicrotendipes septemmaculatus,3
S144,Dicrotendipes sp.,9
S144,Harnischia japonica,8
S144,Harnischiagumsanea,6
S144,Harnischia sp.,6
S144,Microtendipes sp.,6
S144,Nilothauma sp.,4
S144,Parachironomus gracilior,6
S144,Parachironomus arcuatus,6
S144,Paratanytarsus inopertus,6
S144,Paratanytarsus sp.,11
S144,Paratendipes albimanus,5
S144,Polypedilum asakawaense,2
S144,Polypedilum decematoguttatum,11
S144,Polypedilum sp.,8
S144,Tanytarsus kiseogi,8
S144,Tanytarsus takahashii,10
S144,Tanytarsus tamagotoi,11
S144,Tanytarsus tamakutibasi,10
S144,Thienemanniella sp.,12
S144,Brillia japonica,8
S144,Corynoneura sp.,6
S144,Cricotopus bimaculatus,12
S144,Cricotopus sylvestris,9
S144,Cricotopus triannulatus,4
S144,Eukiefferiella sp.,8
S144,Hydrobaenus kondoi,8
S144,Hydrobaenus sp.,9
S144,Paratrichocladius rufiventris,5
S144,Propsilocerus akamusi,7
S144,Ablabesmyia monilis,8
S144,Ablabesmyia prorasha,6
S144,Ablabesmyia sp.,7
S144,Conchapelopia sp.,6
S144,Procladius choreus,5
S144,Cladopelma edwardsi,10
S144,Cladopelma virescens,6
S144,Chironomidae sp.,7
S144,Syrphidae sp.,7
S144,Ephydridae sp.,4
S144,Ecnomus sp.,6
S145,Anodonta woodiana,6
S145,Musculium lacustre,6
S145,Rhyacodrilus coccineus,8
S145,Chaetogaster limnaei,11
S145,Opidonais sp.,7
S145,Amphichaeta asiatica,7
S145,Stylaria fossularis,3
S145,Pristina biserrata,13
S145,Lumbriculus variegatus,6
S145,Lamprotus orientalis,7
S145,Eisenia koreana,10
S145,Gammarus sp.,2
S145,Choroterpes altioculus,10
S145,Potamanthus formosus,11
S145,Rhoenanthus coreanus,6
S145,Ephoron shigae,5
S145,Ephemera orientalis,5
S145,Caenis sp.,5
S145,Psychoda sp.,6
S145,Dixidae sp.,5
S145,Benthalia sp.,6
S145,Chironomus circumdatus,10
S145,Cladotanytarsus vanderwulpi,11
S145,Cryptochironomus sp.,9
S145,Demicryptochironomus sp.,10
S145,Dicrotendipes nervosus,3
S145,Microchironomus tener,5
S145,Nilothauma sp.,7
S145,Polypedilum sp.,5
S145,Stictochironomus sinsauensis,10
S145,Tanytarsus kiseogi,12
S145,Tanytarsus tamagotoi,8
S145,Tanytarsus tamakutibasi,3
S145,Tanytarsus sp.,5
S145,Potthastia sp.,7
S145,Thienemanniella sp.,8
S145,Cricotopus bimaculatus,4
S145,Cricotopus triannulatus,6
S145,Eukiefferiella sp.,8
S145,Hydrobaenus kondoi,9
S145,Hydrobaenus sp.,5
S145,Orthocladius sp.,7
S145,Paratrichocladius rufiventris,3
S145,Rheocricotopus sp.,9
S145,Ablabesmyia monilis,11
S145,Rheopelopia sp.,14
S145,Saetheria tylus,9
S145,Cladopelma virescens,4
S145,Chironomidae sp.,10
S145,Syrphidae sp.,1
S146,Rhyacodrilus coccineus,2
S146,Branchiodrilus hortensis,2
S146,Opidonais sp.,4
S146,Procloeon pennulatum,3
S146,Chironomus circumdatus,3
S146,Demicryptochironomus sp.,1
S146,Dicrotendipes septemmaculatus,2
S146,Harnischia japonica,1
S146,Eukiefferiella sp.,3
S146,Hydrobaenus sp.,2
S146,Paratrichocladius rufiventris,2
S146,Hayesomyia tripunctata,1
S146,Chironomidae sp.,2
S147,Corbicula fluminea,3
S147,Musculium lacustre,10
S147,Hediste sp.,3
S147,Branchiura sowerbyi,8
S147,Bothrioneurum vejdoskynum,6
S147,Rhyacodrilus coccineus,6
S147,Chaetogaster diaphanus,6
S147,Opidonais sp.,8
S147,Amphichaeta asiatica,10
S147,Haemonais waldvogeli,6
S147,Nais variabilis,2
S147,Slavina appendiculata,2
S147,Stylaria fossularis,7
S147,Pristina biserrata,9
S147,Pristina longiseta,9
S147,Lamprotus orientalis,7
S147,Helobdella stagnalis,4
S147,Cyprididae sp.,1
S147,Gnorimosphaeroma sp.,11
S147,Baetis fuscatus,7
S147,Choroterpes altioculus,8
S147,Potamanthus formosus,12
S147,Ephoron shigae,6
S147,Ephemera orientalis,8
S147,Caenis sp.,6
S147,Psychoda sp.,7
S147,Dixidae sp.,10
S147,Ceratopogonidae sp.,8
S147,Chironomus circumdatus,8
S147,Chironomus flaviplumus,2
S147,Chironomus nipponensis,11
S147,Demicryptochironomus sp.,7
S147,Harnischia japonica,3
S147,Microchironomus tener,2
S147,Microtendipes sp.,13
S147,Paratanytarsus inopertus,2
S147,Paratanytarsus sp.,7
S147,Paratendipes albimanus,9
S147,Polypedilum pedestre,6
S147,Polypedilum nubifer,9
S147,Polypedilum nubeculosum,4
S147,Stictochironomus sp.,5
S147,Tanytarsus takahashii,3
S147,Tanytarsus tamagotoi,8
S147,Tanytarsus tamakutibasi,8
S147,Thienemanniella sp.,12
S147,Brillia japonica,5
S147,Cricotopus triannulatus,3
S147,Cricotopus sp.,4
S147,Hydrobaenus kondoi,7
S147,Hydrobaenus sp.,6
S147,Propsilocerus akamusi,11
S147,Ablabesmyia monilis,7
S147,Ablabesmyia prorasha,9
S147,Ablabesmyia sp.,4
S147,Hayesomyia tripunctata,1
S147,Cladopelma virescens,7
S147,Chironomidae sp.,4
S147,Ephydridae sp.,1
S148,Corbicula fluminea,9
S148,Musculium lacustre,3
S148,Hediste sp.,7
S148,Rhyacodrilus coccineus,10
S148,Tubifex tubifex,7
S148,Limnodrilus claparedeianus,4
S148,Limnodrilus hoffmeisteri,12
S148,Limnodrilus udekimineanus,9
S148,Chaetogaster diaphanus,8
S148,Chaetogaster limnaei,14
S148,Branchiodrilus hortensis,9
S148,Opidonais sp.,11
S148,Amphichaeta asiatica,11
S148,Haemonais waldvogeli,8
S148,Stylaria fossularis,7
S148,Pristina biserrata,5
S148,Henlea sp.,9
S148,Mesenchytreanus sp.,7
S148,Lumbriculus variegatus,12
S148,Eisenia koreana,10
S148,Erpobdella lineata,7
S148,Gammarus sp.,8
S148,Monocorophium sp.,12
S148,Baetis fuscatus,6
S148,Cloeon dipterum,11
S148,Procloeon maritimum,12
S148,Procloeon pennulatum,8
S148,Rhoenanthus coreanus,8
S148,Ephemera orientalis,12
S148,Serratella setigera,9
S148,Caenis sp.,9
S148,Psychoda sp.,10
S148,Dixidae sp.,8
S148,Ceratopogonidae sp.,6
S148,Benthalia sp.,14
S148,Chironomus flaviplumus,7
S148,Chironomus kiiensis,9
S148,Chironomus edwardsi,11
S148,Chironomus sp.,8
S148,Cladotanytarsus vanderwulpi,8
S148,Cryptochironomus sp.,8
S148,Demicryptochironomus sp.,7
S148,Dicrotendipes pelochloris,6
S148,Dicrotendipes sp.,8
S148,Glyptotendipes tokunagai,10
S148,Harnischia japonica,5
S148,Harnischiagumsanea,12
S148,Lipiniella moderata,12
S148,Microchironomus tener,9
S148,Microchironomus sp.,6
S148,Microtendipes sp.,6
S148,Parachironomus gracilior,10
S148,Parachironomus arcuatus,14
S148,Paratanytarsus inopertus,8
S148,Paratanytarsus grimmii,9
S148,Paratendipes albimanus,8
S148,Paratendipes sp.,6
S148,Polypedilum nubifer,11
S148,Polypedilum decematoguttatum,4
S148,Polypedilum masudai,9
S148,Polypedilum cultellatum,7
S148,Polypedilum nubeculosum,6
S148,Polypedilum sp.,9
S148,Tanytarsus takahashii,10
S148,Tanytarsus tamakutibasi,7
S148,Tanytarsus formosanus,8
S148,Tanytarsus sp.,7
S148,Potthastia sp.,10
S148,Thienemanniella sp.,8
S148,Brillia japonica,12
S148,Corynoneura sp.,7
S148,Cricotopus sylvestris,8
S148,Cricotopus triannulatus,10
S148,Cricotopus sp.,10
S148,Eukiefferiella sp.,8
S148,Hydrobaenus sp.,11
S148,Limnophyes tamakitanaides,8
S148,Orthocladius glabripennis,5
S148,Paratrichocladius rufiventris,9
S148,Propsilocerus akamusi,8
S148,Rheocricotopus sp.,12
S148,Ablabesmyia longistyla,11
S148,Ablabesmyia prorasha,14
S148,Hayesomyia tripunctata,10
S148,Procladius choreus,12
S148,Rheopelopia sp.,12
S148,Cladopelma edwardsi,13
S148,Cladopelma virescens,7
S148,Syrphidae sp.,4
S148,Ephydridae sp.,6
S148,Ecnomus sp.,7
S149,Anodonta woodiana,4
S149,Bothrioneurum vejdoskynum,8
S149,Limnodrilus udekimineanus,2
S149,Haplotaxis gordioides,7
S149,Chaetogaster diaphanus,10
S149,Chaetogaster limnaei,7
S149,Amphichaeta asiatica,9
S149,Haemonais waldvogeli,4
S149,Nais variabilis,10
S149,Pristina biserrata,13
S149,Pristina longiseta,5
S149,Henlea sp.,5
S149,Mesenchytreanus sp.,5
S149,Lumbriculus variegatus,7
S149,Lamprotus orientalis,7
S149,Eisenia koreana,8
S149,Erpobdella lineata,5
S149,Gnorimosphaeroma sp.,2
S149,Collembola sp.,9
S149,Baetis fuscatus,8
S149,Labiobaetis atrebatinus,7
S149,Procloeon pennulatum,7
S149,Choroterpes altioculus,7
S149,Rhoenanthus coreanus,3
S149,Ephoron shigae,11
S149,Ephemera orientalis,9
S149,Chironomus flaviplumus,7
S149,Chironomus nipponensis,6
S149,Cryptochironomus sp.,13
S149,Glyptotendipes tokunagai,4
S149,Harnischia japonica,5
S149,Harnischia sp.,7
S149,Lipiniella moderata,7
S149,Microchironomus tener,8
S149,Microtendipes sp.,7
S149,Parachironomus arcuatus,3
S149,Paratanytarsus grimmii,3
S149,Paratendipes albimanus,7
S149,Polypedilum asakawaense,3
S149,Polypedilum nubifer,12
S149,Polypedilum masudai,8
S149,Polypedilum cultellatum,7
S149,Polypedilum nubeculosum,7
S149,Stictochironomus sinsauensis,8
S149,Tanytarsus kiseogi,8
S149,Tanytarsus takahashii,12
S149,Tanytarsus tamagotoi,12
S149,Tanytarsus tamakutibasi,7
S149,Tanytarsus sp.,8
S149,Brillia japonica,8
S149,Corynoneura sp.,10
S149,Cricotopus bicinctus,9
S149,Cricotopus triannulatus,7
S149,Cricotopus sp.,10
S149,Eukiefferiella sp.,10
S149,Limnophyes tamakitanaides,7
S149,Paratrichocladius rufiventris,5
S149,Rheocricotopus sp.,9
S149,Ablabesmyia monilis,4
S149,Ablabesmyia prorasha,11
S149,Conchapelopia sp.,6
S149,Procladius choreus,7
S149,Rheopelopia sp.,5
S149,Saetheria tylus,9
S149,Cladopelma virescens,10
S149,Chironomidae sp.,6
S150,Anodonta woodiana,13
S150,Corbicula fluminea,2
S150,Musculium lacustre,5
S150,Hediste sp.,3
S150,Branchiura sowerbyi,9
S150,Bothrioneurum vejdoskynum,9
S150,Tubifex tubifex,8
S150,Limnodrilus claparedeianus,10
S150,Limnodrilus hoffmeisteri,7
S150,Chaetogaster diaphanus,8
S150,Opidonais sp.,4
S150,Amphichaeta asiatica,5
S150,Haemonais waldvogeli,6
S150,Stylaria fossularis,7
S150,Pristina biserrata,8
S150,Mesenchytreanus sp.,7
S150,Lamprotus orientalis,7
S150,Helobdella stagnalis,12
S150,Erpobdella lineata,4
S150,Cyprididae sp.,5
S150,Gammarus sp.,8
S150,Baetis fuscatus,8
S150,Choroterpes altioculus,12
S150,Rhoenanthus coreanus,14
S150,Ephoron shigae,11
S150,Caenis sp.,14
S150,Chironomus flaviplumus,10
S150,Chironomus kiiensis,1
S150,Chironomus nipponensis,10
S150,Cladotanytarsus vanderwulpi,10
S150,Demicryptochironomus sp.,5
S150,Dicrotendipes septemmaculatus,6
S150,Glyptotendipes tokunagai,9
S150,Microchironomus tener,7
S150,Microchironomus sp.,3
S150,Microtendipes sp.,5
S150,Nilothauma sp.,12
S150,Parachironomus gracilior,7
S150,Paratanytarsus sp.,11
S150,Paratendipes albimanus,7
S150,Paratendipes sp.,10
S150,Polypedilum asakawaense,6
S150,Polypedilum pedestre,12
S150,Polypedilum nubifer,10
S150,Polypedilum decematoguttatum,7
S150,Polypedilum masudai,8
S150,Polypedilum nubeculosum,6
S150,Stictochironomus sinsauensis,10
S150,Stictochironomus sp.,10
S150,Tanytarsus kiseogi,7
S150,Tanytarsus takahashii,12
S150,Tanytarsus tamagotoi,8
S150,Tanytarsus sp.,9
S150,Potthastia sp.,4
S150,Thienemanniella sp.,10
S150,Cricotopus bicinctus,6
S150,Cricotopus triannulatus,9
S150,Cricotopus sp.,11
S150,Orthocladius glabripennis,7
S150,Orthocladius sp.,6
S150,Propsilocerus akamusi,7
S150,Rheocricotopus sp.,11
S150,Ablabesmyia longistyla,5
S150,Ablabesmyia monilis,3
S150,Ablabesmyia sp.,9
S150,Conchapelopia sp.,12
S150,Procladius choreus,6
S150,Rheopelopia sp.,9
S150,Chironomidae sp.,3
S151,Corbicula fluminea,10
S151,Musculium lacustre,7
S151,Branchiura sowerbyi,3
S151,Bothrioneurum vejdoskynum,4
S151,Rhyacodrilus coccineus,7
S151,Tubifex tubifex,4
S151,Limnodrilus claparedeianus,12
S151,Haplotaxis gordioides,9
S151,Chaetogaster limnaei,6
S151,Opidonais sp.,12
S151,Amphichaeta asiatica,7
S151,Haemonais waldvogeli,5
S151,Slavina appendiculata,4
S151,Pristina biserrata,11
S151,Henlea sp.,9
S151,Lumbriculus variegatus,7
S151,Lamprotus orientalis,12
S151,Erpobdella sp.,3
S151,Cyprididae sp.,5
S151,Asellus sp.,6
S151,Collembola sp.,5
S151,Baetis fuscatus,12
S151,Cloeon dipterum,9
S151,Labiobaetis atrebatinus,10
S151,Procloeon maritimum,11
S151,Procloeon pennulatum,8
S151,Rhoenanthus coreanus,8
S151,Serratella setigera,6
S151,Caenis sp.,11
S151,Psychoda sp.,10
S151,Dixidae sp.,6
S151,Ceratopogonidae sp.,9
S151,Chironomus circumdatus,5
S151,Chironomus flaviplumus,8
S151,Chironomus nipponensis,4
S151,Cladotanytarsus vanderwulpi,10
S151,Cryptochironomus sp.,7
S151,Demicryptochironomus sp.,5
S151,Dicrotendipes pelochloris,1
S151,Harnischia japonica,8
S151,Nilothauma sp.,9
S151,Parachironomus gracilior,9
S151,Paratanytarsus sp.,4
S151,Paratendipes albimanus,4
S151,Polypedilum asakawaense,3
S151,Polypedilum nubifer,6
S151,Polypedilum masudai,9
S151,Polypedilum nubeculosum,2
S151,Stictochironomus sinsauensis,8
S151,Stictochironomus sp.,2
S151,Tanytarsus takahashii,8
S151,Tanytarsus tamagotoi,10
S151,Tanytarsus tamakutibasi,5
S151,Tanytarsus sp.,11
S151,Potthastia sp.,6
S151,Thienemanniella sp.,9
S151,Corynoneura sp.,9
S151,Cricotopus bicinctus,5
S151,Cricotopus bimaculatus,11
S151,Cricotopus sp.,7
S151,Eukiefferiella sp.,8
S151,Hydrobaenus kondoi,5
S151,Hydrobaenus sp.,10
S151,Orthocladius sp.,16
S151,Rheocricotopus sp.,9
S151,Ablabesmyia prorasha,4
S151,Ecnomus sp.,3
S152,Rhoenanthus coreanus,4
S152,Polypedilum nubifer,3
S152,Saetheria tylus,6
S153,Corbicula fluminea,10
S153,Musculium lacustre,14
S153,Hediste sp.,10
S153,Limnodrilus hoffmeisteri,12
S153,Haplotaxis gordioides,9
S153,Chaetogaster diaphanus,8
S153,Chaetogaster limnaei,10
S153,Branchiodrilus hortensis,13
S153,Amphichaeta asiatica,9
S153,Haemonais waldvogeli,8
S153,Nais variabilis,2
S153,Nais communis,8
S153,Stylaria fossularis,11
S153,Pristina biserrata,13
S153,Pristina longiseta,6
S153,Mesenchytreanus sp.,7
S153,Lumbriculus variegatus,10
S153,Eisenia koreana,2
S153,Helobdella stagnalis,10
S153,Erpobdella lineata,12
S153,Cyprididae sp.,12
S153,Gnorimosphaeroma sp.,11
S153,Asellus sp.,6
S153,Jesogammarus sp.,3
S153,Monocorophium sp.,4
S153,Collembola sp.,13
S153,Baetis fuscatus,12
S153,Cloeon dipterum,10
S153,Procloeon pennulatum,9
S153,Choroterpes altioculus,12
S153,Potamanthus formosus,6
S153,Ephoron shigae,10
S153,Serratella setigera,9
S153,Dixidae sp.,7
S153,Ceratopogonidae sp.,10
S153,Benthalia sp.,10
S153,Chironomus flaviplumus,9
S153,Chironomus kiiensis,5
S153,Chironomus nipponensis,12
S153,Chironomus sp.,9
S153,Cladotanytarsus vanderwulpi,11
S153,Glyptotendipes tokunagai,10
S153,Harnischiagumsanea,9
S153,Harnischia sp.,6
S153,Lipiniella moderata,7
S153,Microchironomus sp.,6
S153,Nilothauma sp.,10
S153,Paratanytarsus inopertus,8
S153,Paratendipes sp.,9
S153,Polypedilum asakawaense,7
S153,Polypedilum pedestre,7
S153,Polypedilum decematoguttatum,5
S153,Polypedilum masudai,7
S153,Polypedilum cultellatum,2
S153,Polypedilum nubeculosum,14
S153,Polypedilum sp.,10
S153,Stictochironomus sinsauensis,7
S153,Stictochironomus sp.,6
S153,Tanytarsus kiseogi,7
S153,Tanytarsus takahashii,5
S153,Tanytarsus tamakutibasi,8
S153,Potthastia sp.,11
S153,Corynoneura sp.,5
S153,Cricotopus bicinctus,6
S153,Cricotopus bimaculatus,8
S153,Cricotopus sylvestris,7
S153,Cricotopus triannulatus,9
S153,Hydrobaenus kondoi,6
S153,Hydrobaenus sp.,11
S153,Limnophyes tamakitanaides,8
S153,Orthocladius glabripennis,7
S153,Orthocladius sp.,8
S153,Paratrichocladius rufiventris,8
S153,Propsilocerus akamusi,5
S153,Rheocricotopus sp.,7
S153,Ablabesmyia monilis,8
S153,Ablabesmyia prorasha,7
S153,Conchapelopia sp.,6
S153,Procladius choreus,11
S153,Procladius nigriventris,1
S153,Saetheria tylus,10
S153,Cladopelma virescens,9
S153,Ecnomus sp.,6
S154,Anodonta woodiana,7
S154,Corbicula fluminea,14
S154,Musculium lacustre,9
S154,Chaetogaster diaphanus,7
S154,Amphichaeta asiatica,6
S154,Haemonais waldvogeli,8
S154,Nais variabilis,7
S154,Slavina appendiculata,3
S154,Stylaria fossularis,11
S154,Pristina biserrata,7
S154,Pristina longiseta,9
S154,Mesenchytreanus sp.,8
S154,Lumbriculus variegatus,11
S154,Lamprotus orientalis,8
S154,Eisenia koreana,9
S154,Erpobdella lineata,10
S154,Erpobdella sp.,5
S154,Gammarus sp.,6
S154,Labiobaetis atrebatinus,7
S154,Procloeon pennulatum,5
S154,Choroterpes altioculus,11
S154,Potamanthus formosus,6
S154,Rhoenanthus coreanus,7
S154,Ephoron shigae,4
S154,Ephemera orientalis,9
S154,Caenis sp.,6
S154,Dixidae sp.,10
S154,Ceratopogonidae sp.,5
S154,Chironomus circumdatus,9
S154,Chironomus flaviplumus,8
S154,Cladotanytarsus vanderwulpi,3
S154,Cryptochironomus sp.,10
S154,Demicryptochironomus sp.,12
S154,Lipiniella moderata,4
S154,Microchironomus tener,7
S154,Nilothauma sp.,7
S154,Parachironomus gracilior,6
S154,Paratendipes albimanus,7
S154,Paratendipes sp.,8
S154,Polypedilum nubifer,10
S154,Polypedilum decematoguttatum,5
S154,Stictochironomus sinsauensis,12
S154,Tanytarsus takahashii,14
S154,Tanytarsus tamakutibasi,9
S154,Tanytarsus sp.,8
S154,Cricotopus bicinctus,9
S154,Cricotopus bimaculatus,10
S154,Cricotopus sp.,4
S154,Eukiefferiella sp.,9
S154,Hydrobaenus kondoi,4
S154,Hydrobaenus sp.,8
S154,Orthocladius sp.,11
S154,Propsilocerus akamusi,9
S154,Ablabesmyia prorasha,10
S154,Ablabesmyia sp.,7
S154,Procladius choreus,9
S154,Rheopelopia sp.,9
S154,Cladopelma edwardsi,3
S154,Cladopelma virescens,5
S154,Chironomidae sp.,8
S154,Ephydridae sp.,1
S155,Anodonta woodiana,5
S155,Corbicula fluminea,9
S155,Musculium lacustre,2
S155,Haplotaxis gordioides,4
S155,Chaetogaster limnaei,6
S155,Opidonais sp.,12
S155,Amphichaeta asiatica,4
S155,Haemonais waldvogeli,3
S155,Stylaria fossularis,10
S155,Pristina biserrata,4
S155,Pristina longiseta,4
S155,Henlea sp.,6
S155,Lumbriculus variegatus,8
S155,Erpobdella lineata,5
S155,Asellus sp.,4
S155,Gammarus sp.,9
S155,Jesogammarus sp.,1
S155,Baetis fuscatus,10
S155,Procloeon pennulatum,11
S155,Potamanthus formosus,8
S155,Rhoenanthus coreanus,6
S155,Ephemera orientalis,12
S155,Serratella setigera,9
S155,Ceratopogonidae sp.,11
S155,Benthalia sp.,2
S155,Chironomus circumdatus,10
S155,Chironomus flaviplumus,13
S155,Chironomus nipponensis,8
S155,Chironomus sp.,1
S155,Cladotanytarsus vanderwulpi,6
S155,Cryptochironomus sp.,8
S155,Demicryptochironomus sp.,15
S155,Glyptotendipes tokunagai,3
S155,Harnischia sp.,6
S155,Microchironomus tener,7
S155,Nilothauma sp.,8
S155,Polypedilum nubifer,7
S155,Polypedilum decematoguttatum,5
S155,Polypedilum masudai,8
S155,Polypedilum nubeculosum,5
S155,Stictochironomus sp.,8
S155,Tanytarsus takahashii,11
S155,Tanytarsus sp.,16
S155,Potthastia sp.,10
S155,Thienemanniella sp.,11
S155,Brillia japonica,5
S155,Cricotopus bicinctus,4
S155,Cricotopus sylvestris,2
S155,Cricotopus triannulatus,9
S155,Hydrobaenus kondoi,9
S155,Hydrobaenus sp.,5
S155,Orthocladius sp.,10
S155,Propsilocerus akamusi,15
S155,Rheocricotopus sp.,8
S155,Ablabesmyia sp.,10
S155,Cladopelma virescens,4
S156,Anodonta woodiana,6
S156,Rhyacodrilus coccineus,9
S156,Limnodrilus claparedeianus,7
S156,Chaetogaster diaphanus,7
S156,Opidonais sp.,9
S156,Amphichaeta asiatica,6
S156,Stylaria fossularis,10
S156,Pristina biserrata,12
S156,Erpobdella lineata,8
S156,Collembola sp.,4
S156,Baetis fuscatus,8
S156,Choroterpes altioculus,9
S156,Potamanthus formosus,12
S156,Rhoenanthus coreanus,4
S156,Ephemera orientalis,12
S156,Caenis sp.,11
S156,Dixidae sp.,4
S156,Ceratopogonidae sp.,5
S156,Cladotanytarsus vanderwulpi,8
S156,Dicrotendipes nervosus,6
S156,Harnischia japonica,3
S156,Paratendipes albimanus,5
S156,Paratendipes sp.,10
S156,Polypedilum pedestre,14
S156,Stictochironomus sinsauensis,8
S156,Tanytarsus kiseogi,6
S156,Tanytarsus takahashii,11
S156,Tanytarsus tamagotoi,9
S156,Tanytarsus sp.,7
S156,Potthastia sp.,3
S156,Brillia japonica,6
S156,Cricotopus bimaculatus,6
S156,Eukiefferiella sp.,6
S156,Hydrobaenus kondoi,8
S156,Hydrobaenus sp.,7
S156,Ablabesmyia monilis,3
S156,Ablabesmyia prorasha,11
S156,Conchapelopia sp.,5
S156,Procladius choreus,6
S156,Procladius sp.,3
S156,Saetheria tylus,10
S156,Chironomidae sp.,13
S157,Rhyacodrilus coccineus,4
S157,Limnodrilus claparedeianus,7
S157,Pristina biserrata,7
S157,Pristina longiseta,5
S157,Gammarus sp.,2
S157,Choroterpes altioculus,10
S157,Potamanthus formosus,12
S157,Rhoenanthus coreanus,4
S157,Caenis sp.,1
S157,Dixidae sp.,2
S157,Chironomus circumdatus,8
S157,Cryptochironomus sp.,1
S157,Harnischiagumsanea,3
S157,Microchironomus tener,4
S157,Nilothauma sp.,2
S157,Parachironomus gracilior,6
S157,Polypedilum pedestre,6
S157,Polypedilum cultellatum,1
S157,Tanytarsus kiseogi,3
S157,Tanytarsus takahashii,7
S157,Thienemanniella sp.,5
S157,Cricotopus bicinctus,4
S157,Cricotopus triannulatus,1
S157,Eukiefferiella sp.,8
S157,Limnophyes tamakitanaides,1
S157,Orthocladius glabripennis,1
S157,Propsilocerus akamusi,5
S157,Ablabesmyia prorasha,4
S157,Cladopelma edwardsi,2
S157,Syrphidae sp.,2
S158,Limnodrilus claparedeianus,6
S158,Opidonais sp.,11
S158,Slavina appendiculata,3
S158,Lamprotus orientalis,6
S158,Cyprididae sp.,1
S158,Baetis fuscatus,2
S158,Procloeon maritimum,7
S158,Potamanthus formosus,6
S158,Ephoron shigae,6
S158,Chironomus edwardsi,1
S158,Cryptochironomus sp.,3
S158,Polypedilum nubifer,5
S158,Polypedilum decematoguttatum,4
S158,Polypedilum cultellatum,1
S158,Polypedilum sp.,2
S158,Stictochironomus sp.,1
S158,Tanytarsus tamagotoi,6
S158,Tanytarsus tamakutibasi,7
S158,Thienemanniella sp.,9
S158,Brillia japonica,1
S158,Cricotopus bicinctus,5
S158,Cricotopus bimaculatus,5
S158,Eukiefferiella sp.,5
S158,Hydrobaenus sp.,6
S158,Propsilocerus akamusi,7
S158,Conchapelopia sp.,1
S158,Cladopelma virescens,4
S159,Anodonta woodiana,5
S159,Corbicula fluminea,5
S159,Bothrioneurum vejdoskynum,5
S159,Rhyacodrilus coccineus,12
S159,Chaetogaster diaphanus,10
S159,Opidonais sp.,5
S159,Amphichaeta asiatica,3
S159,Stylaria fossularis,7
S159,Pristina biserrata,9
S159,Pristina longiseta,5
S159,Lamprotus orientalis,10
S159,Eisenia koreana,5
S159,Erpobdella lineata,3
S159,Gnorimosphaeroma sp.,5
S159,Baetis fuscatus,8
S159,Cloeon dipterum,2
S159,Labiobaetis atrebatinus,6
S159,Procloeon maritimum,15
S159,Choroterpes altioculus,5
S159,Potamanthus formosus,10
S159,Rhoenanthus coreanus,10
S159,Ephoron shigae,7
S159,Caenis sp.,7
S159,Benthalia sp.,6
S159,Chironomus circumdatus,9
S159,Chironomus flaviplumus,5
S159,Chironomus nipponensis,3
S159,Chironomus sp.,3
S159,Cryptochironomus sp.,14
S159,Dicrotendipes sp.,4
S159,Glyptotendipes tokunagai,8
S159,Harnischia japonica,6
S159,Microtendipes sp.,4
S159,Parachironomus gracilior,7
S159,Paratanytarsus grimmii,3
S159,Paratanytarsus sp.,6
S159,Paratendipes albimanus,10
S159,Paratendipes sp.,6
S159,Polypedilum pedestre,10
S159,Polypedilum decematoguttatum,2
S159,Stictochironomus sinsauensis,10
S159,Tanytarsus kiseogi,15
S159,Tanytarsus tamagotoi,12
S159,Thienemanniella sp.,11
S159,Cricotopus bicinctus,5
S159,Cricotopus sylvestris,2
S159,Eukiefferiella sp.,9
S159,Hydrobaenus kondoi,6
S159,Orthocladius sp.,9
S159,Propsilocerus akamusi,8
S159,Rheocricotopus sp.,6
S159,Ablabesmyia monilis,13
S159,Conchapelopia sp.,6
S159,Procladius choreus,7
S159,Procladius sp.,7
S159,Saetheria tylus,6
S159,Cladopelma edwardsi,2
S159,Cladopelma virescens,6
S159,Chironomidae sp.,13
S160,Corbicula fluminea,7
S160,Hediste sp.,4
S160,Tubifex tubifex,12
S160,Limnodrilus claparedeianus,8
S160,Limnodrilus hoffmeisteri,12
S160,Limnodrilus udekimineanus,8
S160,Haplotaxis gordioides,9
S160,Chaetogaster diaphanus,8
S160,Chaetogaster limnaei,11
S160,Branchiodrilus hortensis,6
S160,Opidonais sp.,12
S160,Haemonais waldvogeli,11
S160,Nais variabilis,5
S160,Nais communis,6
S160,Pristina biserrata,6
S160,Mesenchytreanus sp.,6
S160,Lamprotus orientalis,13
S160,Helobdella stagnalis,9
S160,Gnorimosphaeroma sp.,8
S160,Gammarus sp.,11
S160,Cloeon dipterum,13
S160,Labiobaetis atrebatinus,13
S160,Procloeon maritimum,9
S160,Procloeon pennulatum,5
S160,Choroterpes altioculus,7
S160,Potamanthus formosus,6
S160,Ephoron shigae,7
S160,Ephemera orientalis,11
S160,Serratella setigera,10
S160,Caenis sp.,8
S160,Psychoda sp.,11
S160,Dixidae sp.,8
S160,Ceratopogonidae sp.,8
S160,Benthalia sp.,5
S160,Chironomus kiiensis,4
S160,Chironomus nipponensis,4
S160,Cryptochironomus sp.,6
S160,Demicryptochironomus sp.,6
S160,Dicrotendipes septemmaculatus,9
S160,Harnischiagumsanea,7
S160,Microchironomus sp.,5
S160,Nilothauma sp.,11
S160,Parachironomus arcuatus,8
S160,Paratendipes sp.,8
S160,Polypedilum pedestre,12
S160,Polypedilum decematoguttatum,14
S160,Polypedilum masudai,13
S160,Polypedilum cultellatum,9
S160,Polypedilum nubeculosum,8
S160,Stictochironomus sinsauensis,9
S160,Tanytarsus takahashii,5
S160,Tanytarsus tamagotoi,11
S160,Tanytarsus tamakutibasi,4
S160,Potthastia sp.,5
S160,Brillia japonica,8
S160,Cricotopus bicinctus,9
S160,Cricotopus sylvestris,5
S160,Cricotopus triannulatus,6
S160,Cricotopus sp.,12
S160,Eukiefferiella sp.,8
S160,Limnophyes tamakitanaides,7
S160,Propsilocerus akamusi,7
S160,Rheocricotopus sp.,12
S160,Ablabesmyia monilis,7
S160,Ablabesmyia prorasha,11
S160,Ablabesmyia sp.,11
S160,Hayesomyia tripunctata,3
S160,Procladius choreus,10
S160,Procladius sp.,9
S160,Rheopelopia sp.,8
S160,Saetheria tylus,7
S160,Cladopelma edwardsi,7
S160,Cladopelma virescens,7
S160,Chironomidae sp.,3
S161,Corbicula fluminea,9
S161,Musculium lacustre,4
S161,Limnodrilus hoffmeisteri,1
S161,Chaetogaster diaphanus,5
S161,Chaetogaster limnaei,10
S161,Nais communis,1
S161,Stylaria fossularis,3
S161,Lamprotus orientalis,5
S161,Ephemera orientalis,6
S161,Chironomus circumdatus,8
S161,Chironomus kiiensis,2
S161,Dicrotendipes septemmaculatus,4
S161,Polypedilum nubifer,7
S161,Tanytarsus kiseogi,9
S161,Tanytarsus sp.,5
S161,Thienemanniella sp.,5
S161,Cricotopus bicinctus,4
S161,Cricotopus bimaculatus,7
S161,Ablabesmyia prorasha,5
S162,Anodonta woodiana,8
S162,Corbicula fluminea,5
S162,Musculium lacustre,5
S162,Limnodrilus claparedeianus,11
S162,Limnodrilus hoffmeisteri,7
S162,Haplotaxis gordioides,10
S162,Branchiodrilus hortensis,7
S162,Haemonais waldvogeli,8
S162,Nais variabilis,1
S162,Pristina biserrata,10
S162,Pristina longiseta,9
S162,Mesenchytreanus sp.,4
S162,Eisenia koreana,8
S162,Gnorimosphaeroma sp.,8
S162,Monocorophium sp.,6
S162,Labiobaetis atrebatinus,6
S162,Procloeon pennulatum,10
S162,Rhoenanthus coreanus,13
S162,Ephoron shigae,7
S162,Caenis sp.,18
S162,Ceratopogonidae sp.,7
S162,Chironomus circumdatus,8
S162,Chironomus flaviplumus,8
S162,Chironomus kiiensis,4
S162,Chironomus sp.,8
S162,Cladotanytarsus vanderwulpi,12
S162,Dicrotendipes pelochloris,5
S162,Glyptotendipes tokunagai,7
S162,Harnischiagumsanea,6
S162,Harnischia sp.,7
S162,Lipiniella moderata,8
S162,Microchironomus tener,9
S162,Nilothauma sp.,10
S162,Paratanytarsus inopertus,5
S162,Paratanytarsus grimmii,2
S162,Polypedilum nubifer,8
S162,Polypedilum masudai,6
S162,Polypedilum cultellatum,7
S162,Polypedilum nubeculosum,6
S162,Polypedilum sp.,6
S162,Stictochironomus sinsauensis,12
S162,Stictochironomus sp.,6
S162,Tanytarsus kiseogi,8
S162,Tanytarsus tamagotoi,5
S162,Tanytarsus tamakutibasi,11
S162,Tanytarsus sp.,7
S162,Potthastia sp.,15
S162,Thienemanniella sp.,10
S162,Corynoneura sp.,9
S162,Cricotopus bicinctus,11
S162,Cricotopus bimaculatus,9
S162,Cricotopus sp.,11
S162,Hydrobaenus sp.,16
S162,Limnophyes tamakitanaides,9
S162,Orthocladius glabripennis,6
S162,Orthocladius sp.,10
S162,Paratrichocladius rufiventris,10
S162,Propsilocerus akamusi,8
S162,Ablabesmyia monilis,5
S162,Ablabesmyia prorasha,8
S162,Conchapelopia sp.,8
S162,Procladius sp.,10
S162,Saetheria tylus,6
S162,Cladopelma edwardsi,5
S162,Cladopelma virescens,9
S162,Syrphidae sp.,6
S163,Anodonta woodiana,10
S163,Corbicula fluminea,7
S163,Musculium lacustre,6
S163,Bothrioneurum vejdoskynum,8
S163,Rhyacodrilus coccineus,7
S163,Limnodrilus claparedeianus,7
S163,Haplotaxis gordioides,6
S163,Chaetogaster limnaei,7
S163,Amphichaeta asiatica,2
S163,Stylaria fossularis,5
S163,Pristina biserrata,9
S163,Mesenchytreanus sp.,5
S163,Lumbriculus variegatus,5
S163,Lamprotus orientalis,10
S163,Eisenia koreana,8
S163,Erpobdella lineata,6
S163,Gnorimosphaeroma sp.,5
S163,Collembola sp.,4
S163,Baetis fuscatus,6
S163,Labiobaetis atrebatinus,1
S163,Procloeon maritimum,4
S163,Procloeon pennulatum,6
S163,Rhoenanthus coreanus,9
S163,Ephemera orientalis,10
S163,Caenis sp.,9
S163,Psychoda sp.,6
S163,Dixidae sp.,4
S163,Cladotanytarsus vanderwulpi,4
S163,Cryptochironomus sp.,4
S163,Demicryptochironomus sp.,11
S163,Dicrotendipes nervosus,6
S163,Dicrotendipes septemmaculatus,1
S163,Glyptotendipes tokunagai,4
S163,Microchironomus tener,9
S163,Microchironomus sp.,1
S163,Microtendipes sp.,5
S163,Paratanytarsus inopertus,1
S163,Paratendipes albimanus,8
S163,Polypedilum nubifer,8
S163,Polypedilum masudai,6
S163,Polypedilum sp.,2
S163,Tanytarsus kiseogi,11
S163,Tanytarsus takahashii,12
S163,Corynoneura sp.,8
S163,Cricotopus bicinctus,11
S163,Cricotopus triannulatus,12
S163,Eukiefferiella sp.,13
S163,Hydrobaenus sp.,3
S163,Propsilocerus akamusi,4
S163,Rheocricotopus sp.,10
S163,Ablabesmyia prorasha,15
S163,Ablabesmyia sp.,5
S163,Procladius sp.,2
S163,Saetheria tylus,7
S163,Chironomidae sp.,5
S164,Anodonta woodiana,7
S164,Rhyacodrilus coccineus,12
S164,Limnodrilus claparedeianus,5
S164,Haplotaxis gordioides,3
S164,Branchiodrilus hortensis,3
S164,Amphichaeta asiatica,6
S164,Stylaria fossularis,5
S164,Pristina biserrata,16
S164,Lumbriculus variegatus,12
S164,Eisenia koreana,6
S164,Collembola sp.,5
S164,Procloeon pennulatum,7
S164,Potamanthus formosus,11
S164,Rhoenanthus coreanus,7
S164,Caenis sp.,6
S164,Psychoda sp.,9
S164,Dixidae sp.,4
S164,Chironomus nipponensis,6
S164,Demicryptochironomus sp.,6
S164,Dicrotendipes sp.,2
S164,Microchironomus tener,5
S164,Microtendipes sp.,3
S164,Nilothauma sp.,7
S164,Paratanytarsus sp.,4
S164,Paratendipes albimanus,9
S164,Polypedilum nubifer,7
S164,Polypedilum decematoguttatum,3
S164,Polypedilum masudai,7
S164,Polypedilum cultellatum,4
S164,Tanytarsus kiseogi,3
S164,Tanytarsus takahashii,9
S164,Thienemanniella sp.,7
S164,Cricotopus bicinctus,7
S164,Cricotopus sp.,5
S164,Eukiefferiella sp.,6
S164,Orthocladius sp.,7
S164,Propsilocerus akamusi,2
S164,Hayesomyia tripunctata,1
S164,Procladius choreus,3
S164,Cladopelma virescens,4
S164,Chironomidae sp.,8
S165,Anodonta woodiana,5
S165,Corbicula fluminea,6
S165,Musculium lacustre,8
S165,Chaetogaster limnaei,10
S165,Opidonais sp.,7
S165,Stylaria fossularis,9
S165,Lumbriculus variegatus,4
S165,Lamprotus orientalis,10
S165,Gnorimosphaeroma sp.,3
S165,Cloeon dipterum,2
S165,Procloeon maritimum,7
S165,Procloeon pennulatum,4
S165,Potamanthus formosus,14
S165,Ephemera orientalis,8
S165,Caenis sp.,4
S165,Dixidae sp.,8
S165,Chironomus circumdatus,11
S165,Chironomus flaviplumus,2
S165,Chironomus nipponensis,2
S165,Chironomus edwardsi,3
S165,Cladotanytarsus vanderwulpi,9
S165,Cryptochironomus sp.,8
S165,Dicrotendipes nervosus,3
S165,Dicrotendipes septemmaculatus,2
S165,Harnischia sp.,2
S165,Microtendipes sp.,6
S165,Paratanytarsus sp.,5
S165,Paratendipes sp.,9
S165,Polypedilum pedestre,9
S165,Polypedilum nubifer,15
S165,Polypedilum decematoguttatum,8
S165,Polypedilum cultellatum,4
S165,Stictochironomus sinsauensis,5
S165,Tanytarsus kiseogi,9
S165,Tanytarsus takahashii,6
S165,Tanytarsus sp.,9
S165,Thienemanniella sp.,6
S165,Cricotopus bicinctus,12
S165,Cricotopus triannulatus,6
S165,Cricotopus sp.,8
S165,Eukiefferiella sp.,7
S165,Hydrobaenus sp.,8
S165,Limnophyes tamakitanaides,2
S165,Orthocladius glabripennis,3
S165,Orthocladius sp.,9
S165,Propsilocerus akamusi,8
S165,Rheocricotopus sp.,4
S165,Ablabesmyia prorasha,9
S165,Ablabesmyia sp.,5
S165,Conchapelopia sp.,2
S165,Procladius choreus,14
S165,Rheopelopia sp.,7
S165,Cladopelma virescens,7
S165,Chironomidae sp.,12
S165,Syrphidae sp.,1
S165,Ecnomus sp.,3
S166,Anodonta woodiana,11
S166,Corbicula fluminea,11
S166,Rhyacodrilus coccineus,8
S166,Limnodrilus claparedeianus,8
S166,Limnodrilus hoffmeisteri,2
S166,Haplotaxis gordioides,4
S166,Chaetogaster diaphanus,8
S166,Branchiodrilus hortensis,1
S166,Opidonais sp.,5
S166,Amphichaeta asiatica,8
S166,Haemonais waldvogeli,7
S166,Pristina biserrata,10
S166,Pristina longiseta,11
S166,Mesenchytreanus sp.,1
S166,Lamprotus orientalis,13
S166,Helobdella stagnalis,6
S166,Erpobdella lineata,5
S166,Gammarus sp.,6
S166,Monocorophium sp.,1
S166,Baetis fuscatus,10
S166,Labiobaetis atrebatinus,10
S166,Procloeon pennulatum,6
S166,Choroterpes altioculus,8
S166,Potamanthus formosus,7
S166,Rhoenanthus coreanus,12
S166,Ephoron shigae,8
S166,Ephemera orientalis,5
S166,Serratella setigera,6
S166,Caenis sp.,10
S166,Psychoda sp.,7
S166,Ceratopogonidae sp.,4
S166,Benthalia sp.,9
S166,Chironomus circumdatus,9
S166,Chironomus kiiensis,3
S166,Chironomus nipponensis,13
S166,Chironomus sp.,7
S166,Demicryptochironomus sp.,9
S166,Dicrotendipes pelochloris,2
S166,Glyptotendipes tokunagai,3
S166,Harnischia japonica,7
S166,Harnischiagumsanea,3
S166,Microchironomus tener,10
S166,Microchironomus sp.,3
S166,Microtendipes sp.,9
S166,Nilothauma sp.,7
S166,Parachironomus gracilior,8
S166,Paratanytarsus sp.,8
S166,Paratendipes sp.,7
S166,Polypedilum pedestre,10
S166,Polypedilum cultellatum,9
S166,Polypedilum nubeculosum,1
S166,Stictochironomus sp.,3
S166,Tanytarsus kiseogi,10
S166,Tanytarsus takahashii,6
S166,Tanytarsus sp.,8
S166,Potthastia sp.,10
S166,Corynoneura sp.,7
S166,Cricotopus bicinctus,7
S166,Cricotopus bimaculatus,6
S166,Cricotopus sylvestris,11
S166,Cricotopus sp.,8
S166,Eukiefferiella sp.,9
S166,Hydrobaenus kondoi,12
S166,Hydrobaenus sp.,8
S166,Orthocladius sp.,7
S166,Propsilocerus akamusi,12
S166,Rheocricotopus sp.,10
S166,Ablabesmyia monilis,7
S166,Ablabesmyia prorasha,10
S166,Conchapelopia sp.,13
S166,Procladius choreus,10
S166,Rheopelopia sp.,11
S166,Saetheria tylus,10
S166,Cladopelma edwardsi,4
S166,Cladopelma virescens,8
S166,Chironomidae sp.,6
S167,Rhyacodrilus coccineus,9
S167,Tubifex tubifex,8
S167,Haplotaxis gordioides,8
S167,Chaetogaster diaphanus,7
S167,Opidonais sp.,15
S167,Nais communis,3
S167,Pristina biserrata,7
S167,Pristina longiseta,8
S167,Mesenchytreanus sp.,1
S167,Lamprotus orientalis,11
S167,Asellus sp.,3
S167,Collembola sp.,10
S167,Baetis fuscatus,6
S167,Procloeon maritimum,10
S167,Potamanthus formosus,7
S167,Rhoenanthus coreanus,7
S167,Caenis sp.,6
S167,Dixidae sp.,3
S167,Benthalia sp.,4
S167,Chironomus circumdatus,6
S167,Chironomus flaviplumus,1
S167,Chironomus kiiensis,3
S167,Chironomus sp.,3
S167,Cladotanytarsus vanderwulpi,6
S167,Cryptochironomus sp.,7
S167,Demicryptochironomus sp.,7
S167,Microchironomus tener,10
S167,Microtendipes sp.,4
S167,Parachironomus gracilior,9
S167,Paratendipes sp.,15
S167,Polypedilum pedestre,10
S167,Polypedilum nubifer,11
S167,Polypedilum decematoguttatum,3
S167,Polypedilum cultellatum,11
S167,Polypedilum sp.,5
S167,Stictochironomus sinsauensis,10
S167,Tanytarsus kiseogi,9
S167,Tanytarsus tamagotoi,9
S167,Potthastia sp.,3
S167,Thienemanniella sp.,6
S167,Corynoneura sp.,8
S167,Cricotopus bicinctus,10
S167,Cricotopus triannulatus,8
S167,Orthocladius sp.,8
S167,Propsilocerus akamusi,4
S167,Rheocricotopus sp.,3
S167,Ablabesmyia sp.,8
S167,Cladopelma virescens,11
S167,Chironomidae sp.,11
S168,Anodonta woodiana,12
S168,Musculium lacustre,8
S168,Branchiura sowerbyi,9
S168,Limnodrilus claparedeianus,14
S168,Limnodrilus hoffmeisteri,5
S168,Limnodrilus udekimineanus,7
S168,Chaetogaster limnaei,8
S168,Opidonais sp.,11
S168,Amphichaeta asiatica,10
S168,Haemonais waldvogeli,11
S168,Stylaria fossularis,7
S168,Pristina biserrata,7
S168,Henlea sp.,11
S168,Eisenia koreana,7
S168,Helobdella stagnalis,6
S168,Erpobdella lineata,16
S168,Cyprididae sp.,4
S168,Gnorimosphaeroma sp.,3
S168,Gammarus sp.,7
S168,Jesogammarus sp.,3
S168,Monocorophium sp.,4
S168,Collembola sp.,6
S168,Baetis fuscatus,9
S168,Cloeon dipterum,5
S168,Labiobaetis atrebatinus,8
S168,Procloeon maritimum,14
S168,Procloeon pennulatum,5
S168,Choroterpes altioculus,9
S168,Potamanthus formosus,8
S168,Ephoron shigae,10
S168,Serratella setigera,7
S168,Caenis sp.,6
S168,Psychoda sp.,15
S168,Dixidae sp.,9
S168,Benthalia sp.,10
S168,Chironomus circumdatus,13
S168,Cladotanytarsus vanderwulpi,7
S168,Cryptochironomus sp.,11
S168,Glyptotendipes tokunagai,4
S168,Harnischiagumsanea,4
S168,Harnischia sp.,9
S168,Parachironomus gracilior,10
S168,Paratanytarsus sp.,5
S168,Paratendipes albimanus,9
S168,Polypedilum asakawaense,9
S168,Polypedilum decematoguttatum,8
S168,Polypedilum masudai,4
S168,Polypedilum cultellatum,9
S168,Polypedilum nubeculosum,2
S168,Polypedilum sp.,9
S168,Stictochironomus sinsauensis,7
S168,Stictochironomus sp.,8
S168,Tanytarsus kiseogi,7
S168,Tanytarsus takahashii,10
S168,Potthastia sp.,9
S168,Cricotopus bicinctus,7
S168,Cricotopus bimaculatus,7
S168,Cricotopus sylvestris,3
S168,Cricotopus triannulatus,5
S168,Cricotopus sp.,7
S168,Eukiefferiella sp.,13
S168,Hydrobaenus sp.,8
S168,Orthocladius glabripennis,5
S168,Paratrichocladius rufiventris,7
S168,Propsilocerus akamusi,11
S168,Rheocricotopus sp.,9
S168,Ablabesmyia monilis,12
S168,Ablabesmyia prorasha,9
S168,Ablabesmyia sp.,11
S168,Conchapelopia sp.,6
S168,Procladius nigriventris,1
S168,Saetheria tylus,10
S168,Cladopelma virescens,7
S169,Musculium lacustre,6
S169,Rhyacodrilus coccineus,6
S169,Tubifex tubifex,5
S169,Limnodrilus claparedeianus,9
S169,Haplotaxis gordioides,4
S169,Chaetogaster diaphanus,5
S169,Chaetogaster limnaei,4
S169,Branchiodrilus hortensis,3
S169,Opidonais sp.,13
S169,Pristina biserrata,5
S169,Henlea sp.,1
S169,Lumbriculus variegatus,7
S169,Erpobdella lineata,6
S169,Cloeon dipterum,5
S169,Procloeon maritimum,5
S169,Choroterpes altioculus,6
S169,Rhoenanthus coreanus,4
S169,Ephemera orientalis,6
S169,Caenis sp.,2
S169,Psychoda sp.,10
S169,Dixidae sp.,7
S169,Ceratopogonidae sp.,2
S169,Chironomus circumdatus,9
S169,Chironomus nipponensis,2
S169,Dicrotendipes sp.,1
S169,Glyptotendipes tokunagai,7
S169,Harnischia japonica,4
S169,Harnischiagumsanea,3
S169,Lipiniella moderata,2
S169,Paratendipes albimanus,13
S169,Paratendipes sp.,9
S169,Polypedilum pedestre,6
S169,Polypedilum nubifer,10
S169,Polypedilum decematoguttatum,1
S169,Tanytarsus takahashii,7
S169,Thienemanniella sp.,6
S169,Cricotopus bicinctus,9
S169,Cricotopus bimaculatus,10
S169,Hydrobaenus kondoi,7
S169,Hydrobaenus sp.,7
S169,Limnophyes tamakitanaides,3
S169,Propsilocerus akamusi,7
S169,Rheocricotopus sp.,10
S169,Ablabesmyia monilis,8
S169,Saetheria tylus,11
S169,Chironomidae sp.,10
S170,Limnodrilus claparedeianus,2
S170,Chaetogaster diaphanus,3
S170,Haemonais waldvogeli,1
S170,Stylaria fossularis,3
S170,Labiobaetis atrebatinus,4
S170,Choroterpes altioculus,5
S170,Ephoron shigae,5
S170,Harnischia japonica,1
S170,Paratendipes sp.,14
S170,Polypedilum pedestre,4
S170,Tanytarsus kiseogi,8
S170,Tanytarsus takahashii,4
S170,Rheocricotopus sp.,6
S170,Hayesomyia tripunctata,1
S170,Tanypus punctipennis,4
S170,Chironomidae sp.,2
S171,Anodonta woodiana,8
S171,Corbicula fluminea,4
S171,Bothrioneurum vejdoskynum,8
S171,Rhyacodrilus coccineus,7
S171,Limnodrilus hoffmeisteri,3
S171,Limnodrilus udekimineanus,1
S171,Haplotaxis gordioides,4
S171,Chaetogaster diaphanus,8
S171,Opidonais sp.,5
S171,Haemonais waldvogeli,5
S171,Nais variabilis,9
S171,Pristina biserrata,4
S171,Lumbriculus variegatus,5
S171,Lamprotus orientalis,9
S171,Erpobdella lineata,6
S171,Gnorimosphaeroma sp.,8
S171,Cloeon dipterum,5
S171,Labiobaetis atrebatinus,5
S171,Procloeon pennulatum,4
S171,Potamanthus formosus,9
S171,Rhoenanthus coreanus,9
S171,Ephoron shigae,10
S171,Serratella setigera,1
S171,Caenis sp.,8
S171,Dixidae sp.,6
S171,Chironomus circumdatus,8
S171,Cladotanytarsus vanderwulpi,5
S171,Demicryptochironomus sp.,7
S171,Harnischia japonica,5
S171,Paratanytarsus sp.,2
S171,Paratendipes albimanus,9
S171,Polypedilum pedestre,8
S171,Polypedilum decematoguttatum,6
S171,Polypedilum sp.,7
S171,Stictochironomus sinsauensis,8
S171,Stictochironomus sp.,8
S171,Tanytarsus takahashii,7
S171,Tanytarsus tamagotoi,1
S171,Tanytarsus tamakutibasi,9
S171,Thienemanniella sp.,10
S171,Cricotopus bimaculatus,4
S171,Cricotopus sp.,7
S171,Eukiefferiella sp.,10
S171,Hydrobaenus kondoi,7
S171,Hydrobaenus sp.,7
S171,Orthocladius sp.,8
S171,Ablabesmyia prorasha,5
S171,Ablabesmyia sp.,5
S171,Procladius choreus,6
S171,Saetheria tylus,10
S171,Chironomidae sp.,11
S171,Syrphidae sp.,3
S172,Tubifex tubifex,6
S172,Limnodrilus claparedeianus,5
S172,Haplotaxis gordioides,2
S172,Chaetogaster diaphanus,15
S172,Chaetogaster limnaei,10
S172,Opidonais sp.,9
S172,Amphichaeta asiatica,3
S172,Pristina biserrata,8
S172,Henlea sp.,2
S172,Lumbriculus variegatus,7
S172,Lamprotus orientalis,12
S172,Asellus sp.,2
S172,Collembola sp.,2
S172,Cloeon dipterum,5
S172,Labiobaetis atrebatinus,5
S172,Procloeon maritimum,11
S172,Procloeon pennulatum,8
S172,Rhoenanthus coreanus,9
S172,Ephoron shigae,10
S172,Ceratopogonidae sp.,5
S172,Benthalia sp.,2
S172,Chironomus circumdatus,6
S172,Chironomus flaviplumus,4
S172,Cladotanytarsus vanderwulpi,6
S172,Cryptochironomus sp.,8
S172,Glyptotendipes tokunagai,7
S172,Microchironomus sp.,2
S172,Nilothauma sp.,7
S172,Parachironomus gracilior,5
S172,Paratendipes sp.,9
S172,Polypedilum pedestre,8
S172,Tanytarsus kiseogi,7
S172,Tanytarsus tamagotoi,5
S172,Tanytarsus tamakutibasi,1
S172,Tanytarsus formosanus,2
S172,Thienemanniella sp.,9
S172,Brillia japonica,7
S172,Corynoneura sp.,5
S172,Cricotopus bicinctus,4
S172,Cricotopus sp.,5
S172,Eukiefferiella sp.,11
S172,Hydrobaenus kondoi,7
S172,Hydrobaenus sp.,7
S172,Orthocladius sp.,10
S172,Ablabesmyia monilis,7
S172,Ablabesmyia sp.,5
S172,Procladius sp.,4
S172,Rheopelopia sp.,10
S172,Saetheria tylus,5
S173,Anodonta woodiana,8
S173,Musculium lacustre,12
S173,Branchiura sowerbyi,4
S173,Bothrioneurum vejdoskynum,6
S173,Rhyacodrilus coccineus,7
S173,Chaetogaster limnaei,11
S173,Amphichaeta asiatica,10
S173,Haemonais waldvogeli,3
S173,Nais variabilis,4
S173,Stylaria fossularis,9
S173,Lamprotus orientalis,14
S173,Eisenia koreana,5
S173,Erpobdella lineata,9
S173,Gnorimosphaeroma sp.,6
S173,Gammarus sp.,6
S173,Collembola sp.,5
S173,Baetis fuscatus,8
S173,Cloeon dipterum,5
S173,Procloeon maritimum,6
S173,Procloeon pennulatum,7
S173,Potamanthus formosus,5
S173,Rhoenanthus coreanus,12
S173,Ephemera orientalis,8
S173,Caenis sp.,3
S173,Psychoda sp.,12
S173,Dixidae sp.,8
S173,Ceratopogonidae sp.,12
S173,Chironomus circumdatus,7
S173,Chironomus nipponensis,9
S173,Cladotanytarsus vanderwulpi,7
S173,Dicrotendipes nervosus,6
S173,Glyptotendipes tokunagai,6
S173,Microtendipes sp.,6
S173,Paratanytarsus sp.,7
S173,Paratendipes albimanus,9
S173,Polypedilum pedestre,5
S173,Polypedilum nubifer,9
S173,Polypedilum masudai,3
S173,Polypedilum cultellatum,7
S173,Stictochironomus sinsauensis,11
S173,Stictochironomus sp.,3
S173,Tanytarsus takahashii,7
S173,Tanytarsus tamagotoi,9
S173,Tanytarsus tamakutibasi,6
S173,Tanytarsus formosanus,4
S173,Tanytarsus sp.,6
S173,Potthastia sp.,6
S173,Cricotopus bimaculatus,9
S173,Cricotopus sylvestris,5
S173,Eukiefferiella sp.,15
S173,Hydrobaenus sp.,10
S173,Orthocladius sp.,9
S173,Paratrichocladius rufiventris,2
S173,Propsilocerus akamusi,6
S173,Rheocricotopus sp.,9
S173,Conchapelopia sp.,8
S173,Rheopelopia sp.,7
S173,Tanypus punctipennis,2
S173,Saetheria tylus,12
S173,Cladopelma virescens,8
S173,Ephydridae sp.,1
S174,Bothrioneurum vejdoskynum,7
S174,Rhyacodrilus coccineus,5
S174,Tubifex tubifex,5
S174,Limnodrilus udekimineanus,5
S174,Chaetogaster diaphanus,12
S174,Chaetogaster limnaei,5
S174,Branchiodrilus hortensis,1
S174,Opidonais sp.,10
S174,Amphichaeta asiatica,8
S174,Stylaria fossularis,4
S174,Pristina biserrata,11
S174,Pristina longiseta,6
S174,Gammarus sp.,7
S174,Baetis fuscatus,7
S174,Cloeon dipterum,5
S174,Procloeon pennulatum,8
S174,Choroterpes altioculus,10
S174,Rhoenanthus coreanus,12
S174,Ephemera orientalis,7
S174,Caenis sp.,12
S174,Dixidae sp.,7
S174,Ceratopogonidae sp.,5
S174,Benthalia sp.,7
S174,Chironomus circumdatus,13
S174,Chironomus edwardsi,3
S174,Cladotanytarsus vanderwulpi,7
S174,Cryptochironomus sp.,17
S174,Glyptotendipes tokunagai,4
S174,Harnischia japonica,3
S174,Harnischia sp.,4
S174,Lipiniella moderata,7
S174,Microchironomus tener,6
S174,Microtendipes sp.,11
S174,Nilothauma sp.,5
S174,Parachironomus gracilior,5
S174,Paratanytarsus sp.,7
S174,Paratendipes albimanus,8
S174,Paratendipes sp.,7
S174,Polypedilum asakawaense,7
S174,Polypedilum pedestre,5
S174,Polypedilum nubifer,3
S174,Polypedilum decematoguttatum,6
S174,Polypedilum masudai,8
S174,Tanytarsus kiseogi,11
S174,Tanytarsus takahashii,7
S174,Tanytarsus sp.,10
S174,Corynoneura sp.,12
S174,Cricotopus bicinctus,4
S174,Eukiefferiella sp.,9
S174,Hydrobaenus sp.,8
S174,Ablabesmyia sp.,7
S174,Procladius choreus,7
S174,Procladius sp.,13
S174,Rheopelopia sp.,5
S174,Chironomidae sp.,12
S175,Anodonta woodiana,13
S175,Corbicula fluminea,7
S175,Branchiura sowerbyi,7
S175,Rhyacodrilus coccineus,7
S175,Haplotaxis gordioides,4
S175,Chaetogaster diaphanus,7
S175,Chaetogaster limnaei,7
S175,Branchiodrilus hortensis,5
S175,Opidonais sp.,12
S175,Amphichaeta asiatica,11
S175,Haemonais waldvogeli,2
S175,Henlea sp.,6
S175,Mesenchytreanus sp.,3
S175,Lumbriculus variegatus,6
S175,Lamprotus orientalis,4
S175,Eisenia koreana,7
S175,Gnorimosphaeroma sp.,8
S175,Asellus sp.,6
S175,Baetis fuscatus,5
S175,Cloeon dipterum,5
S175,Potamanthus formosus,8
S175,Ephemera orientalis,8
S175,Caenis sp.,8
S175,Psychoda sp.,14
S175,Dixidae sp.,8
S175,Benthalia sp.,7
S175,Chironomus nipponensis,5
S175,Cladotanytarsus vanderwulpi,7
S175,Cryptochironomus sp.,12
S175,Dicrotendipes nervosus,10
S175,Glyptotendipes tokunagai,3
S175,Harnischia japonica,6
S175,Microchironomus sp.,2
S175,Microtendipes sp.,4
S175,Parachironomus gracilior,10
S175,Paratendipes sp.,10
S175,Polypedilum pedestre,10
S175,Polypedilum decematoguttatum,8
S175,Polypedilum cultellatum,3
S175,Stictochironomus sinsauensis,7
S175,Tanytarsus kiseogi,7
S175,Tanytarsus takahashii,10
S175,Tanytarsus tamagotoi,11
S175,Potthastia sp.,7
S175,Thienemanniella sp.,6
S175,Cricotopus bicinctus,7
S175,Cricotopus triannulatus,5
S175,Eukiefferiella sp.,7
S175,Hydrobaenus kondoi,7
S175,Orthocladius sp.,3
S175,Propsilocerus akamusi,12
S175,Rheocricotopus sp.,6
S175,Ablabesmyia monilis,7
S175,Ablabesmyia prorasha,9
S175,Conchapelopia sp.,5
S175,Procladius choreus,5
S175,Procladius sp.,3
S175,Ephydridae sp.,3
S176,Anodonta woodiana,11
S176,Corbicula fluminea,11
S176,Musculium lacustre,12
S176,Bothrioneurum vejdoskynum,10
S176,Limnodrilus claparedeianus,6
S176,Limnodrilus hoffmeisteri,7
S176,Chaetogaster limnaei,7
S176,Branchiodrilus hortensis,11
S176,Amphichaeta asiatica,10
S176,Haemonais waldvogeli,12
S176,Nais variabilis,8
S176,Nais communis,4
S176,Pristina biserrata,6
S176,Pristina longiseta,13
S176,Henlea sp.,7
S176,Mesenchytreanus sp.,3
S176,Lumbriculus variegatus,10
S176,Lamprotus orientalis,12
S176,Eisenia koreana,7
S176,Cyprididae sp.,5
S176,Gnorimosphaeroma sp.,4
S176,Gammarus sp.,5
S176,Collembola sp.,6
S176,Baetis fuscatus,7
S176,Labiobaetis atrebatinus,10
S176,Choroterpes altioculus,5
S176,Potamanthus formosus,9
S176,Rhoenanthus coreanus,12
S176,Ephoron shigae,10
S176,Psychoda sp.,10
S176,Dixidae sp.,9
S176,Benthalia sp.,7
S176,Chironomus nipponensis,5
S176,Cladotanytarsus vanderwulpi,10
S176,Dicrotendipes nervosus,7
S176,Microchironomus sp.,5
S176,Microtendipes sp.,7
S176,Nilothauma sp.,8
S176,Parachironomus gracilior,5
S176,Paratanytarsus grimmii,6
S176,Paratendipes albimanus,8
S176,Paratendipes sp.,9
S176,Polypedilum nubifer,14
S176,Polypedilum nubeculosum,9
S176,Polypedilum sp.,10
S176,Stictochironomus sp.,6
S176,Tanytarsus kiseogi,14
S176,Tanytarsus takahashii,7
S176,Tanytarsus tamagotoi,10
S176,Tanytarsus tamakutibasi,4
S176,Potthastia sp.,11
S176,Brillia japonica,9
S176,Cricotopus bimaculatus,13
S176,Cricotopus sylvestris,6
S176,Hydrobaenus kondoi,5
S176,Hydrobaenus sp.,7
S176,Orthocladius glabripennis,8
S176,Paratrichocladius rufiventris,14
S176,Propsilocerus akamusi,2
S176,Ablabesmyia prorasha,8
S176,Ablabesmyia sp.,9
S176,Saetheria tylus,5
S176,Cladopelma virescens,7
S176,Chironomidae sp.,6
S177,Corbicula fluminea,7
S177,Musculium lacustre,10
S177,Hediste sp.,2
S177,Bothrioneurum vejdoskynum,5
S177,Rhyacodrilus coccineus,9
S177,Chaetogaster diaphanus,3
S177,Chaetogaster limnaei,9
S177,Branchiodrilus hortensis,4
S177,Opidonais sp.,14
S177,Haemonais waldvogeli,6
S177,Nais variabilis,5
S177,Pristina biserrata,10
S177,Henlea sp.,8
S177,Lamprotus orientalis,8
S177,Eisenia koreana,7
S177,Erpobdella lineata,10
S177,Gammarus sp.,5
S177,Baetis fuscatus,8
S177,Labiobaetis atrebatinus,3
S177,Procloeon maritimum,15
S177,Choroterpes altioculus,9
S177,Potamanthus formosus,8
S177,Rhoenanthus coreanus,10
S177,Ephemera orientalis,10
S177,Caenis sp.,3
S177,Benthalia sp.,8
S177,Chironomus circumdatus,7
S177,Chironomus nipponensis,7
S177,Chironomus sp.,1
S177,Cryptochironomus sp.,11
S177,Demicryptochironomus sp.,4
S177,Dicrotendipes nervosus,7
S177,Glyptotendipes tokunagai,7
S177,Lipiniella moderata,9
S177,Microchironomus tener,11
S177,Microtendipes sp.,6
S177,Nilothauma sp.,7
S177,Paratendipes sp.,10
S177,Polypedilum masudai,10
S177,Polypedilum nubeculosum,5
S177,Stictochironomus sinsauensis,6
S177,Stictochironomus sp.,12
S177,Tanytarsus kiseogi,9
S177,Tanytarsus tamagotoi,7
S177,Tanytarsus sp.,6
S177,Thienemanniella sp.,6
S177,Brillia japonica,9
S177,Cricotopus bimaculatus,5
S177,Cricotopus sp.,8
S177,Hydrobaenus sp.,12
S177,Orthocladius sp.,7
S177,Propsilocerus akamusi,10
S177,Rheocricotopus sp.,10
S177,Ablabesmyia sp.,4
S177,Procladius nigriventris,3
S177,Saetheria tylus,5
S177,Chironomidae sp.,11
S178,Anodonta woodiana,4
S178,Limnodrilus claparedeianus,5
S178,Eisenia koreana,2
S178,Helobdella stagnalis,4
S178,Cloeon dipterum,1
S178,Choroterpes altioculus,5
S178,Rhoenanthus coreanus,5
S178,Ceratopogonidae sp.,1
S178,Chironomus circumdatus,5
S178,Cryptochironomus sp.,5
S178,Harnischia japonica,2
S178,Microchironomus tener,2
S178,Stictochironomus sp.,1
S178,Corynoneura sp.,5
S178,Cricotopus bimaculatus,5
S178,Eukiefferiella sp.,5
S178,Orthocladius sp.,7
S178,Propsilocerus akamusi,1
S179,Corbicula fluminea,8
S179,Musculium lacustre,5
S179,Bothrioneurum vejdoskynum,8
S179,Rhyacodrilus coccineus,7
S179,Limnodrilus claparedeianus,9
S179,Chaetogaster limnaei,6
S179,Opidonais sp.,13
S179,Pristina biserrata,8
S179,Eisenia koreana,4
S179,Gnorimosphaeroma sp.,4
S179,Jesogammarus sp.,1
S179,Collembola sp.,7
S179,Baetis fuscatus,9
S179,Choroterpes altioculus,14
S179,Potamanthus formosus,12
S179,Rhoenanthus coreanus,8
S179,Ephoron shigae,8
S179,Caenis sp.,6
S179,Psychoda sp.,3
S179,Dixidae sp.,9
S179,Chironomus flaviplumus,5
S179,Cladotanytarsus vanderwulpi,4
S179,Demicryptochironomus sp.,14
S179,Dicrotendipes nervosus,8
S179,Lipiniella moderata,3
S179,Microchironomus tener,2
S179,Microtendipes sp.,5
S179,Nilothauma sp.,8
S179,Parachironomus gracilior,7
S179,Paratendipes sp.,8
S179,Polypedilum pedestre,6
S179,Polypedilum nubifer,11
S179,Polypedilum decematoguttatum,6
S179,Stictochironomus sinsauensis,7
S179,Tanytarsus kiseogi,9
S179,Tanytarsus tamagotoi,8
S179,Potthastia sp.,6
S179,Brillia japonica,5
S179,Corynoneura sp.,12
S179,Cricotopus sylvestris,2
S179,Cricotopus triannulatus,10
S179,Orthocladius glabripennis,4
S179,Orthocladius sp.,7
S179,Paratrichocladius rufiventris,4
S179,Propsilocerus akamusi,7
S179,Ablabesmyia monilis,7
S179,Ablabesmyia prorasha,12
S179,Conchapelopia sp.,6
S179,Saetheria tylus,8
S179,Cladopelma virescens,11
S180,Anodonta woodiana,5
S180,Corbicula fluminea,11
S180,Musculium lacustre,10
S180,Branchiura sowerbyi,4
S180,Rhyacodrilus coccineus,8
S180,Tubifex tubifex,11
S180,Limnodrilus hoffmeisteri,6
S180,Haplotaxis gordioides,4
S180,Chaetogaster diaphanus,5
S180,Chaetogaster limnaei,7
S180,Opidonais sp.,11
S180,Nais variabilis,7
S180,Slavina appendiculata,6
S180,Stylaria fossularis,8
S180,Pristina biserrata,8
S180,Pristina longiseta,7
S180,Henlea sp.,7
S180,Mesenchytreanus sp.,6
S180,Lumbriculus variegatus,6
S180,Helobdella stagnalis,4
S180,Erpobdella lineata,6
S180,Cyathura higoensis,7
S180,Collembola sp.,4
S180,Cloeon dipterum,8
S180,Labiobaetis atrebatinus,8
S180,Procloeon maritimum,7
S180,Procloeon pennulatum,12
S180,Choroterpes altioculus,9
S180,Potamanthus formosus,5
S180,Ephoron shigae,10
S180,Ephemera orientalis,8
S180,Serratella setigera,10
S180,Chironomus circumdatus,10
S180,Chironomus nipponensis,10
S180,Cladotanytarsus vanderwulpi,8
S180,Demicryptochironomus sp.,10
S180,Dicrotendipes nervosus,8
S180,Dicrotendipes pelochloris,7
S180,Dicrotendipes septemmaculatus,4
S180,Glyptotendipes tokunagai,8
S180,Harnischia japonica,11
S180,Microchironomus tener,10
S180,Microchironomus sp.,3
S180,Microtendipes sp.,14
S180,Parachironomus gracilior,9
S180,Parachironomus arcuatus,9
S180,Paratanytarsus grimmii,4
S180,Paratanytarsus sp.,5
S180,Paratendipes albimanus,10
S180,Paratendipes sp.,10
S180,Polypedilum pedestre,5
S180,Polypedilum nubifer,9
S180,Polypedilum masudai,4
S180,Stictochironomus sinsauensis,9
S180,Stictochironomus sp.,11
S180,Tanytarsus kiseogi,11
S180,Tanytarsus takahashii,6
S180,Tanytarsus tamagotoi,10
S180,Tanytarsus tamakutibasi,11
S180,Tanytarsus sp.,11
S180,Potthastia sp.,10
S180,Thienemanniella sp.,9
S180,Brillia japonica,7
S180,Corynoneura sp.,11
S180,Cricotopus bimaculatus,16
S180,Cricotopus sylvestris,3
S180,Cricotopus triannulatus,8
S180,Hydrobaenus kondoi,8
S180,Orthocladius glabripennis,7
S180,Paratrichocladius rufiventris,13
S180,Rheocricotopus sp.,7
S180,Ablabesmyia monilis,6
S180,Hayesomyia tripunctata,2
S180,Procladius choreus,11
S180,Procladius sp.,9
S180,Tanypus punctipennis,1
S180,Cladopelma edwardsi,4
S181,Tubifex tubifex,4
S181,Limnodrilus claparedeianus,2
S181,Chaetogaster limnaei,6
S181,Pristina biserrata,9
S181,Pristina longiseta,2
S181,Lamprotus orientalis,3
S181,Baetis fuscatus,2
S181,Potamanthus formosus,7
S181,Rhoenanthus coreanus,4
S181,Ephoron shigae,3
S181,Dixidae sp.,1
S181,Demicryptochironomus sp.,8
S181,Microchironomus tener,4
S181,Nilothauma sp.,2
S181,Polypedilum pedestre,7
S181,Tanytarsus kiseogi,9
S181,Thienemanniella sp.,7
S181,Corynoneura sp.,7
S181,Orthocladius sp.,2
S181,Paratrichocladius rufiventris,1
S181,Rheocricotopus sp.,11
S182,Corbicula fluminea,10
S182,Bothrioneurum vejdoskynum,3
S182,Rhyacodrilus coccineus,13
S182,Limnodrilus claparedeianus,16
S182,Limnodrilus hoffmeisteri,3
S182,Chaetogaster diaphanus,7
S182,Chaetogaster limnaei,10
S182,Opidonais sp.,9
S182,Stylaria fossularis,7
S182,Pristina biserrata,13
S182,Eisenia koreana,2
S182,Asellus sp.,2
S182,Gammarus sp.,2
S182,Procloeon maritimum,6
S182,Procloeon pennulatum,1
S182,Potamanthus formosus,12
S182,Rhoenanthus coreanus,7
S182,Ephoron shigae,6
S182,Ephemera orientalis,7
S182,Dixidae sp.,7
S182,Ceratopogonidae sp.,8
S182,Chironomus circumdatus,5
S182,Chironomus sp.,1
S182,Cladotanytarsus vanderwulpi,6
S182,Cryptochironomus sp.,8
S182,Demicryptochironomus sp.,10
S182,Harnischia japonica,2
S182,Harnischia sp.,2
S182,Microchironomus tener,9
S182,Parachironomus gracilior,7
S182,Paratanytarsus sp.,5
S182,Polypedilum nubifer,8
S182,Polypedilum masudai,6
S182,Stictochironomus sp.,7
S182,Tanytarsus kiseogi,6
S182,Tanytarsus takahashii,14
S182,Tanytarsus tamagotoi,13
S182,Thienemanniella sp.,6
S182,Corynoneura sp.,11
S182,Cricotopus bicinctus,12
S182,Cricotopus bimaculatus,8
S182,Cricotopus triannulatus,8
S182,Orthocladius sp.,6
S182,Ablabesmyia monilis,1
S182,Conchapelopia sp.,2
S182,Saetheria tylus,10
S182,Chironomidae sp.,9
S182,Ecnomus sp.,1
S183,Limnodrilus claparedeianus,2
S183,Gammarus sp.,2
S183,Procloeon maritimum,6
S183,Potamanthus formosus,7
S183,Dicrotendipes septemmaculatus,2
S183,Stictochironomus sp.,1
S183,Tanytarsus tamakutibasi,2
S183,Brillia japonica,1
S183,Cricotopus bimaculatus,1
S183,Limnophyes tamakitanaides,1
S183,Rheocricotopus sp.,4
S183,Saetheria tylus,4
S184,Anodonta woodiana,9
S184,Musculium lacustre,13
S184,Hediste sp.,6
S184,Rhyacodrilus coccineus,7
S184,Limnodrilus hoffmeisteri,8
S184,Limnodrilus udekimineanus,7
S184,Haplotaxis gordioides,9
S184,Chaetogaster limnaei,7
S184,Opidonais sp.,7
S184,Amphichaeta asiatica,7
S184,Haemonais waldvogeli,15
S184,Nais communis,5
S184,Stylaria fossularis,10
S184,Pristina biserrata,6
S184,Pristina longiseta,15
S184,Lumbriculus variegatus,10
S184,Eisenia koreana,5
S184,Helobdella stagnalis,7
S184,Erpobdella lineata,13
S184,Gnorimosphaeroma sp.,10
S184,Gammarus sp.,4
S184,Collembola sp.,10
S184,Baetis fuscatus,8
S184,Cloeon dipterum,14
S184,Procloeon maritimum,3
S184,Procloeon pennulatum,10
S184,Choroterpes altioculus,7
S184,Potamanthus formosus,6
S184,Rhoenanthus coreanus,6
S184,Ephoron shigae,11
S184,Ephemera orientalis,8
S184,Caenis sp.,7
S184,Psychoda sp.,15
S184,Dixidae sp.,11
S184,Benthalia sp.,6
S184,Chironomus circumdatus,9
S184,Chironomus flaviplumus,12
S184,Chironomus kiiensis,2
S184,Chironomus sp.,5
S184,Cladotanytarsus vanderwulpi,7
S184,Cryptochironomus sp.,10
S184,Dicrotendipes nervosus,7
S184,Dicrotendipes sp.,5
S184,Harnischia japonica,6
S184,Microchironomus tener,9
S184,Nilothauma sp.,5
S184,Parachironomus arcuatus,4
S184,Paratendipes albimanus,10
S184,Polypedilum pedestre,9
S184,Polypedilum nubifer,8
S184,Polypedilum decematoguttatum,11
S184,Polypedilum masudai,12
S184,Polypedilum sp.,8
S184,Stictochironomus sinsauensis,5
S184,Stictochironomus sp.,9
S184,Tanytarsus takahashii,10
S184,Tanytarsus sp.,9
S184,Potthastia sp.,4
S184,Thienemanniella sp.,5
S184,Corynoneura sp.,10
S184,Cricotopus bicinctus,12
S184,Cricotopus sylvestris,6
S184,Cricotopus triannulatus,7
S184,Cricotopus sp.,7
S184,Hydrobaenus kondoi,6
S184,Hydrobaenus sp.,13
S184,Paratrichocladius rufiventris,6
S184,Rheocricotopus sp.,9
S184,Ablabesmyia monilis,6
S184,Ablabesmyia prorasha,7
S184,Ablabesmyia sp.,7
S184,Conchapelopia sp.,6
S184,Procladius choreus,8
S184,Procladius sp.,6
S184,Rheopelopia sp.,3
S184,Saetheria tylus,8
S184,Cladopelma edwardsi,6
S184,Chironomidae sp.,10
S185,Anodonta woodiana,8
S185,Branchiura sowerbyi,10
S185,Bothrioneurum vejdoskynum,13
S185,Rhyacodrilus coccineus,7
S185,Tubifex tubifex,7
S185,Haplotaxis gordioides,13
S185,Chaetogaster diaphanus,10
S185,Chaetogaster limnaei,10
S185,Branchiodrilus hortensis,10
S185,Opidonais sp.,12
S185,Amphichaeta asiatica,7
S185,Nais variabilis,13
S185,Slavina appendiculata,6
S185,Stylaria fossularis,9
S185,Pristina biserrata,10
S185,Henlea sp.,7
S185,Lamprotus orientalis,11
S185,Helobdella stagnalis,8
S185,Gnorimosphaeroma sp.,4
S185,Asellus sp.,4
S185,Collembola sp.,8
S185,Baetis fuscatus,15
S185,Procloeon maritimum,6
S185,Choroterpes altioculus,9
S185,Potamanthus formosus,4
S185,Ephoron shigae,11
S185,Ephemera orientalis,15
S185,Serratella setigera,9
S185,Caenis sp.,6
S185,Psychoda sp.,11
S185,Dixidae sp.,4
S185,Chironomus circumdatus,8
S185,Chironomus flaviplumus,6
S185,Chironomus nipponensis,13
S185,Cladotanytarsus vanderwulpi,8
S185,Demicryptochironomus sp.,15
S185,Dicrotendipes sp.,1
S185,Glyptotendipes tokunagai,10
S185,Harnischia japonica,7
S185,Harnischiagumsanea,3
S185,Lipiniella moderata,12
S185,Microtendipes sp.,9
S185,Nilothauma sp.,4
S185,Parachironomus gracilior,10
S185,Paratendipes albimanus,6
S185,Paratendipes sp.,4
S185,Polypedilum nubifer,4
S185,Polypedilum decematoguttatum,9
S185,Polypedilum masudai,7
S185,Stictochironomus sinsauensis,7
S185,Tanytarsus takahashii,8
S185,Tanytarsus sp.,7
S185,Thienemanniella sp.,10
S185,Cricotopus bicinctus,8
S185,Cricotopus triannulatus,9
S185,Eukiefferiella sp.,11
S185,Hydrobaenus kondoi,6
S185,Hydrobaenus sp.,6
S185,Orthocladius sp.,9
S185,Paratrichocladius rufiventris,3
S185,Propsilocerus akamusi,3
S185,Rheocricotopus sp.,11
S185,Ablabesmyia monilis,7
S185,Ablabesmyia sp.,6
S185,Conchapelopia sp.,14
S185,Procladius choreus,13
S185,Procladius sp.,6
S185,Rheopelopia sp.,9
S185,Saetheria tylus,3
S185,Syrphidae sp.,4
S186,Opidonais sp.,4
S187,Anodonta woodiana,5
S187,Hediste sp.,9
S187,Bothrioneurum vejdoskynum,11
S187,Rhyacodrilus coccineus,5
S187,Tubifex tubifex,4
S187,Limnodrilus claparedeianus,7
S187,Chaetogaster diaphanus,6
S187,Haemonais waldvogeli,4
S187,Nais variabilis,11
S187,Slavina appendiculata,7
S187,Stylaria fossularis,7
S187,Pristina longiseta,11
S187,Henlea sp.,8
S187,Gnorimosphaeroma sp.,6
S187,Asellus sp.,4
S187,Gammarus sp.,11
S187,Baetis fuscatus,5
S187,Cloeon dipterum,8
S187,Labiobaetis atrebatinus,8
S187,Procloeon maritimum,8
S187,Procloeon pennulatum,9
S187,Choroterpes altioculus,8
S187,Potamanthus formosus,6
S187,Rhoenanthus coreanus,9
S187,Psychoda sp.,5
S187,Ceratopogonidae sp.,7
S187,Benthalia sp.,10
S187,Chironomus nipponensis,9
S187,Chironomus edwardsi,5
S187,Glyptotendipes tokunagai,10
S187,Harnischia japonica,13
S187,Harnischiagumsanea,6
S187,Lipiniella moderata,21
S187,Microchironomus tener,10
S187,Microtendipes sp.,7
S187,Nilothauma sp.,9
S187,Parachironomus gracilior,7
S187,Parachironomus arcuatus,4
S187,Paratanytarsus inopertus,4
S187,Paratanytarsus sp.,4
S187,Paratendipes albimanus,5
S187,Paratendipes sp.,11
S187,Polypedilum asakawaense,3
S187,Polypedilum nubifer,12
S187,Polypedilum cultellatum,8
S187,Polypedilum nubeculosum,6
S187,Stictochironomus sinsauensis,10
S187,Tanytarsus kiseogi,7
S187,Tanytarsus tamagotoi,10
S187,Tanytarsus tamakutibasi,8
S187,Tanytarsus sp.,10
S187,Thienemanniella sp.,12
S187,Corynoneura sp.,7
S187,Cricotopus bimaculatus,10
S187,Cricotopus triannulatus,5
S187,Cricotopus sp.,9
S187,Eukiefferiella sp.,8
S187,Hydrobaenus kondoi,11
S187,Hydrobaenus sp.,8
S187,Orthocladius sp.,8
S187,Paratrichocladius rufiventris,3
S187,Propsilocerus akamusi,10
S187,Rheocricotopus sp.,10
S187,Ablabesmyia monilis,5
S187,Ablabesmyia prorasha,7
S187,Conchapelopia sp.,9
S187,Procladius choreus,10
S187,Procladius sp.,10
S187,Rheopelopia sp.,5
S187,Cladopelma edwardsi,7
S188,Anodonta woodiana,5
S188,Limnodrilus claparedeianus,5
S188,Haplotaxis gordioides,7
S188,Amphichaeta asiatica,2
S188,Pristina biserrata,7
S188,Pristina longiseta,8
S188,Lumbriculus variegatus,3
S188,Lamprotus orientalis,14
S188,Procloeon maritimum,5
S188,Procloeon pennulatum,6
S188,Choroterpes altioculus,14
S188,Ephoron shigae,7
S188,Dixidae sp.,5
S188,Benthalia sp.,6
S188,Chironomus circumdatus,13
S188,Chironomus flaviplumus,1
S188,Chironomus sp.,4
S188,Demicryptochironomus sp.,7
S188,Glyptotendipes tokunagai,2
S188,Harnischia japonica,5
S188,Lipiniella moderata,6
S188,Paratendipes albimanus,10
S188,Paratendipes sp.,14
S188,Polypedilum pedestre,8
S188,Polypedilum nubifer,7
S188,Polypedilum cultellatum,10
S188,Tanytarsus kiseogi,7
S188,Tanytarsus tamakutibasi,11
S188,Cricotopus bimaculatus,10
S188,Cricotopus triannulatus,6
S188,Eukiefferiella sp.,12
S188,Hydrobaenus sp.,7
S188,Orthocladius sp.,7
S188,Propsilocerus akamusi,13
S188,Ablabesmyia monilis,6
S188,Conchapelopia sp.,5
S188,Cladopelma virescens,7
S188,Chironomidae sp.,8
S189,Anodonta woodiana,9
S189,Corbicula fluminea,8
S189,Rhyacodrilus coccineus,10
S189,Tubifex tubifex,9
S189,Haplotaxis gordioides,11
S189,Chaetogaster diaphanus,9
S189,Chaetogaster limnaei,11
S189,Amphichaeta asiatica,7
S189,Haemonais waldvogeli,7
S189,Nais variabilis,2
S189,Pristina biserrata,7
S189,Pristina longiseta,6
S189,Lumbriculus variegatus,10
S189,Lamprotus orientalis,11
S189,Erpobdella lineata,7
S189,Gnorimosphaeroma sp.,3
S189,Cyathura higoensis,4
S189,Asellus sp.,6
S189,Collembola sp.,8
S189,Baetis fuscatus,6
S189,Labiobaetis atrebatinus,11
S189,Procloeon maritimum,10
S189,Procloeon pennulatum,4
S189,Potamanthus formosus,7
S189,Rhoenanthus coreanus,13
S189,Ephemera orientalis,9
S189,Serratella setigera,4
S189,Caenis sp.,10
S189,Dixidae sp.,11
S189,Ceratopogonidae sp.,4
S189,Benthalia sp.,5
S189,Chironomus circumdatus,10
S189,Chironomus edwardsi,4
S189,Cryptochironomus sp.,7
S189,Demicryptochironomus sp.,9
S189,Dicrotendipes septemmaculatus,5
S189,Dicrotendipes sp.,3
S189,Glyptotendipes tokunagai,3
S189,Harnischia japonica,8
S189,Harnischiagumsanea,3
S189,Harnischia sp.,5
S189,Lipiniella moderata,11
S189,Nilothauma sp.,6
S189,Parachironomus gracilior,11
S189,Paratanytarsus inopertus,1
S189,Polypedilum decematoguttatum,3
S189,Polypedilum masudai,3
S189,Polypedilum cultellatum,10
S189,Tanytarsus kiseogi,6
S189,Tanytarsus tamagotoi,10
S189,Tanytarsus tamakutibasi,7
S189,Potthastia sp.,4
S189,Thienemanniella sp.,6
S189,Brillia japonica,8
S189,Cricotopus bicinctus,8
S189,Cricotopus bimaculatus,10
S189,Cricotopus sylvestris,4
S189,Cricotopus triannulatus,8
S189,Cricotopus sp.,10
S189,Eukiefferiella sp.,8
S189,Limnophyes tamakitanaides,8
S189,Propsilocerus akamusi,10
S189,Rheocricotopus sp.,11
S189,Ablabesmyia monilis,5
S189,Ablabesmyia prorasha,6
S189,Ablabesmyia sp.,5
S189,Conchapelopia sp.,11
S189,Hayesomyia tripunctata,2
S189,Procladius choreus,7
S189,Procladius sp.,4
S189,Rheopelopia sp.,11
S189,Saetheria tylus,7
S189,Cladopelma virescens,10
S189,Chironomidae sp.,11
S190,Anodonta woodiana,5
S190,Musculium lacustre,4
S190,Hediste sp.,6
S190,Branchiura sowerbyi,10
S190,Bothrioneurum vejdoskynum,6
S190,Rhyacodrilus coccineus,5
S190,Tubifex tubifex,10
S190,Limnodrilus claparedeianus,8
S190,Limnodrilus udekimineanus,4
S190,Haplotaxis gordioides,13
S190,Chaetogaster diaphanus,11
S190,Chaetogaster limnaei,9
S190,Branchiodrilus hortensis,8
S190,Opidonais sp.,8
S190,Amphichaeta asiatica,11
S190,Haemonais waldvogeli,11
S190,Nais communis,5
S190,Slavina appendiculata,5
S190,Henlea sp.,10
S190,Lumbriculus variegatus,8
S190,Lamprotus orientalis,15
S190,Eisenia koreana,10
S190,Erpobdella lineata,5
S190,Erpobdella sp.,4
S190,Cyprididae sp.,6
S190,Gammarus sp.,8
S190,Collembola sp.,9
S190,Cloeon dipterum,12
S190,Choroterpes altioculus,10
S190,Potamanthus formosus,5
S190,Ephoron shigae,9
S190,Ephemera orientalis,8
S190,Psychoda sp.,10
S190,Dixidae sp.,6
S190,Ceratopogonidae sp.,6
S190,Benthalia sp.,4
S190,Chironomus circumdatus,11
S190,Chironomus flaviplumus,11
S190,Chironomus nipponensis,10
S190,Chironomus edwardsi,12
S190,Chironomus sp.,10
S190,Cladotanytarsus vanderwulpi,10
S190,Cryptochironomus sp.,8
S190,Demicryptochironomus sp.,15
S190,Harnischia sp.,6
S190,Lipiniella moderata,11
S190,Microchironomus tener,6
S190,Parachironomus gracilior,9
S190,Paratanytarsus inopertus,5
S190,Paratanytarsus sp.,7
S190,Paratendipes albimanus,9
S190,Polypedilum asakawaense,2
S190,Polypedilum pedestre,7
S190,Polypedilum nubifer,9
S190,Polypedilum masudai,3
S190,Polypedilum cultellatum,9
S190,Polypedilum nubeculosum,6
S190,Stictochironomus sinsauensis,8
S190,Tanytarsus kiseogi,11
S190,Tanytarsus takahashii,9
S190,Tanytarsus tamakutibasi,4
S190,Potthastia sp.,7
S190,Thienemanniella sp.,11
S190,Brillia japonica,5
S190,Cricotopus sylvestris,14
S190,Cricotopus triannulatus,11
S190,Hydrobaenus kondoi,7
S190,Hydrobaenus sp.,7
S190,Limnophyes tamakitanaides,5
S190,Orthocladius glabripennis,11
S190,Paratrichocladius rufiventris,7
S190,Propsilocerus akamusi,5
S190,Ablabesmyia longistyla,4
S190,Ablabesmyia monilis,6
S190,Ablabesmyia sp.,12
S190,Procladius nigriventris,5
S190,Procladius sp.,6
S190,Tanypus punctipennis,5
S190,Cladopelma virescens,6
S191,Rhyacodrilus coccineus,9
S191,Tubifex tubifex,5
S191,Limnodrilus claparedeianus,4
S191,Branchiodrilus hortensis,2
S191,Opidonais sp.,18
S191,Haemonais waldvogeli,1
S191,Lamprotus orientalis,10
S191,Gammarus sp.,5
S191,Ephoron shigae,6
S191,Ephemera orientalis,5
S191,Caenis sp.,7
S191,Chironomus flaviplumus,3
S191,Chironomus nipponensis,1
S191,Cladotanytarsus vanderwulpi,4
S191,Cryptochironomus sp.,9
S191,Nilothauma sp.,2
S191,Parachironomus arcuatus,3
S191,Polypedilum pedestre,7
S191,Polypedilum cultellatum,1
S191,Stictochironomus sinsauensis,8
S191,Tanytarsus kiseogi,7
S191,Tanytarsus takahashii,9
S191,Thienemanniella sp.,9
S191,Corynoneura sp.,8
S191,Cricotopus bicinctus,4
S191,Eukiefferiella sp.,11
S191,Rheocricotopus sp.,6
S191,Ablabesmyia monilis,4
S191,Ablabesmyia sp.,2
S191,Conchapelopia sp.,5
S191,Procladius choreus,6
S191,Saetheria tylus,6
S192,Limnodrilus claparedeianus,6
S192,Pristina biserrata,7
S192,Procloeon maritimum,9
S192,Potamanthus formosus,5
S192,Rhoenanthus coreanus,5
S192,Chironomus circumdatus,7
S192,Demicryptochironomus sp.,3
S192,Paratanytarsus grimmii,3
S192,Paratanytarsus sp.,3
S192,Polypedilum pedestre,13
S192,Polypedilum nubifer,3
S192,Stictochironomus sinsauensis,7
S192,Brillia japonica,2
S192,Cricotopus bimaculatus,4
S192,Hydrobaenus kondoi,2
S192,Rheocricotopus sp.,13
S192,Saetheria tylus,7
S193,Corbicula fluminea,3
S193,Limnodrilus claparedeianus,12
S193,Chaetogaster limnaei,8
S193,Pristina biserrata,7
S193,Pristina longiseta,4
S193,Lamprotus orientalis,8
S193,Baetis fuscatus,9
S193,Cloeon dipterum,3
S193,Procloeon maritimum,6
S193,Choroterpes altioculus,4
S193,Potamanthus formosus,7
S193,Ephoron shigae,6
S193,Caenis sp.,7
S193,Lipiniella moderata,8
S193,Nilothauma sp.,1
S193,Polypedilum pedestre,5
S193,Polypedilum cultellatum,2
S193,Tanytarsus tamakutibasi,6
S193,Tanytarsus sp.,4
S193,Thienemanniella sp.,12
S193,Orthocladius sp.,6
S193,Rheocricotopus sp.,7
S193,Rheopelopia sp.,1
S193,Saetheria tylus,2
S193,Cladopelma edwardsi,1
S193,Chironomidae sp.,3
S194,Anodonta woodiana,10
S194,Corbicula fluminea,7
S194,Branchiura sowerbyi,11
S194,Haplotaxis gordioides,6
S194,Chaetogaster diaphanus,10
S194,Amphichaeta asiatica,8
S194,Haemonais waldvogeli,8
S194,Slavina appendiculata,3
S194,Pristina biserrata,11
S194,Lamprotus orientalis,17
S194,Eisenia koreana,4
S194,Erpobdella lineata,5
S194,Asellus sp.,4
S194,Labiobaetis atrebatinus,5
S194,Procloeon maritimum,8
S194,Procloeon pennulatum,12
S194,Potamanthus formosus,8
S194,Rhoenanthus coreanus,9
S194,Ephoron shigae,8
S194,Serratella setigera,11
S194,Caenis sp.,6
S194,Dixidae sp.,10
S194,Ceratopogonidae sp.,6
S194,Chironomus nipponensis,6
S194,Demicryptochironomus sp.,6
S194,Dicrotendipes nervosus,8
S194,Glyptotendipes tokunagai,5
S194,Harnischia japonica,6
S194,Harnischia sp.,3
S194,Lipiniella moderata,7
S194,Microchironomus tener,7
S194,Parachironomus gracilior,12
S194,Paratanytarsus sp.,8
S194,Polypedilum pedestre,5
S194,Polypedilum nubifer,10
S194,Polypedilum decematoguttatum,4
S194,Polypedilum sp.,8
S194,Stictochironomus sinsauensis,7
S194,Stictochironomus sp.,2
S194,Tanytarsus kiseogi,8
S194,Tanytarsus tamagotoi,3
S194,Tanytarsus tamakutibasi,6
S194,Eukiefferiella sp.,8
S194,Hydrobaenus kondoi,9
S194,Hydrobaenus sp.,8
S194,Orthocladius sp.,4
S194,Rheocricotopus sp.,7
S194,Ablabesmyia sp.,6
S194,Conchapelopia sp.,9
S194,Procladius choreus,8
S194,Rheopelopia sp.,13
S194,Saetheria tylus,5
S194,Cladopelma virescens,6
S194,Chironomidae sp.,14
S195,Anodonta woodiana,12
S195,Musculium lacustre,5
S195,Hediste sp.,10
S195,Bothrioneurum vejdoskynum,2
S195,Rhyacodrilus coccineus,11
S195,Tubifex tubifex,10
S195,Limnodrilus claparedeianus,7
S195,Limnodrilus hoffmeisteri,7
S195,Limnodrilus udekimineanus,8
S195,Haplotaxis gordioides,7
S195,Chaetogaster diaphanus,2
S195,Opidonais sp.,9
S195,Haemonais waldvogeli,6
S195,Nais variabilis,10
S195,Nais communis,6
S195,Slavina appendiculata,6
S195,Stylaria fossularis,11
S195,Pristina biserrata,9
S195,Mesenchytreanus sp.,13
S195,Lumbriculus variegatus,18
S195,Lamprotus orientalis,10
S195,Eisenia koreana,7
S195,Helobdella stagnalis,11
S195,Erpobdella lineata,5
S195,Cyprididae sp.,9
S195,Asellus sp.,4
S195,Collembola sp.,10
S195,Procloeon maritimum,6
S195,Potamanthus formosus,10
S195,Ephoron shigae,5
S195,Ephemera orientalis,13
S195,Serratella setigera,7
S195,Caenis sp.,14
S195,Psychoda sp.,8
S195,Benthalia sp.,5
S195,Chironomus circumdatus,16
S195,Chironomus flaviplumus,13
S195,Chironomus nipponensis,9
S195,Chironomus edwardsi,12
S195,Cladotanytarsus vanderwulpi,8
S195,Dicrotendipes nervosus,6
S195,Dicrotendipes pelochloris,1
S195,Dicrotendipes septemmaculatus,10
S195,Harnischia japonica,6
S195,Harnischiagumsanea,7
S195,Paratanytarsus inopertus,7
S195,Paratanytarsus grimmii,6
S195,Paratendipes albimanus,6
S195,Paratendipes sp.,6
S195,Polypedilum asakawaense,10
S195,Polypedilum pedestre,6
S195,Polypedilum nubifer,6
S195,Polypedilum decematoguttatum,14
S195,Polypedilum masudai,7
S195,Polypedilum cultellatum,8
S195,Stictochironomus sinsauensis,8
S195,Stictochironomus sp.,5
S195,Tanytarsus kiseogi,8
S195,Tanytarsus takahashii,9
S195,Tanytarsus sp.,8
S195,Thienemanniella sp.,8
S195,Brillia japonica,8
S195,Corynoneura sp.,5
S195,Cricotopus bicinctus,4
S195,Cricotopus sylvestris,4
S195,Cricotopus sp.,10
S195,Hydrobaenus kondoi,9
S195,Hydrobaenus sp.,14
S195,Orthocladius glabripennis,9
S195,Orthocladius sp.,3
S195,Propsilocerus akamusi,7
S195,Rheocricotopus sp.,4
S195,Ablabesmyia monilis,9
S195,Ablabesmyia prorasha,1
S195,Ablabesmyia sp.,6
S195,Conchapelopia sp.,10
S195,Hayesomyia tripunctata,7
S195,Rheopelopia sp.,4
S195,Cladopelma edwardsi,5
S195,Cladopelma virescens,12
S195,Chironomidae sp.,6
S195,Syrphidae sp.,4
S195,Ephydridae sp.,7
S195,Ecnomus sp.,10
S196,Anodonta woodiana,4
S196,Corbicula fluminea,9
S196,Bothrioneurum vejdoskynum,4
S196,Rhyacodrilus coccineus,9
S196,Tubifex tubifex,12
S196,Limnodrilus hoffmeisteri,8
S196,Haplotaxis gordioides,7
S196,Chaetogaster diaphanus,7
S196,Chaetogaster limnaei,12
S196,Branchiodrilus hortensis,6
S196,Amphichaeta asiatica,3
S196,Haemonais waldvogeli,9
S196,Nais communis,5
S196,Slavina appendiculata,5
S196,Pristina biserrata,11
S196,Pristina longiseta,6
S196,Lumbriculus variegatus,9
S196,Eisenia koreana,11
S196,Helobdella stagnalis,4
S196,Erpobdella lineata,7
S196,Gnorimosphaeroma sp.,9
S196,Gammarus sp.,10
S196,Collembola sp.,9
S196,Baetis fuscatus,10
S196,Labiobaetis atrebatinus,3
S196,Procloeon maritimum,6
S196,Procloeon pennulatum,11
S196,Choroterpes altioculus,9
S196,Potamanthus formosus,5
S196,Ephoron shigae,8
S196,Ephemera orientalis,8
S196,Serratella setigera,13
S196,Caenis sp.,5
S196,Psychoda sp.,8
S196,Ceratopogonidae sp.,9
S196,Benthalia sp.,14
S196,Chironomus flaviplumus,3
S196,Chironomus nipponensis,11
S196,Cladotanytarsus vanderwulpi,10
S196,Demicryptochironomus sp.,10
S196,Dicrotendipes nervosus,7
S196,Microchironomus tener,4
S196,Microtendipes sp.,9
S196,Nilothauma sp.,5
S196,Parachironomus gracilior,8
S196,Parachironomus arcuatus,4
S196,Paratanytarsus sp.,9
S196,Paratendipes albimanus,11
S196,Polypedilum asakawaense,4
S196,Polypedilum pedestre,10
S196,Polypedilum masudai,5
S196,Stictochironomus sinsauensis,10
S196,Tanytarsus kiseogi,9
S196,Tanytarsus takahashii,7
S196,Tanytarsus tamagotoi,8
S196,Tanytarsus sp.,11
S196,Potthastia sp.,10
S196,Thienemanniella sp.,5
S196,Brillia japonica,11
S196,Corynoneura sp.,10
S196,Cricotopus bicinctus,13
S196,Cricotopus bimaculatus,15
S196,Cricotopus sylvestris,6
S196,Cricotopus triannulatus,8
S196,Cricotopus sp.,7
S196,Hydrobaenus kondoi,14
S196,Orthocladius sp.,8
S196,Paratrichocladius rufiventris,6
S196,Propsilocerus akamusi,6
S196,Ablabesmyia monilis,16
S196,Ablabesmyia prorasha,4
S196,Conchapelopia sp.,10
S196,Procladius choreus,6
S196,Procladius sp.,6
S196,Saetheria tylus,9
S196,Cladopelma edwardsi,4
S196,Cladopelma virescens,14
S196,Chironomidae sp.,9
S197,Anodonta woodiana,3
S197,Corbicula fluminea,6
S197,Musculium lacustre,7
S197,Branchiura sowerbyi,4
S197,Bothrioneurum vejdoskynum,8
S197,Rhyacodrilus coccineus,5
S197,Tubifex tubifex,1
S197,Chaetogaster diaphanus,8
S197,Chaetogaster limnaei,13
S197,Nais variabilis,3
S197,Stylaria fossularis,5
S197,Pristina biserrata,8
S197,Henlea sp.,3
S197,Lumbriculus variegatus,2
S197,Lamprotus orientalis,8
S197,Eisenia koreana,9
S197,Gammarus sp.,5
S197,Collembola sp.,3
S197,Choroterpes altioculus,8
S197,Potamanthus formosus,7
S197,Rhoenanthus coreanus,7
S197,Ephoron shigae,6
S197,Caenis sp.,3
S197,Dixidae sp.,9
S197,Benthalia sp.,2
S197,Chironomus circumdatus,11
S197,Chironomus flaviplumus,6
S197,Dicrotendipes nervosus,3
S197,Harnischiagumsanea,3
S197,Microchironomus tener,5
S197,Microtendipes sp.,8
S197,Polypedilum nubifer,10
S197,Polypedilum cultellatum,4
S197,Stictochironomus sinsauensis,7
S197,Tanytarsus kiseogi,5
S197,Tanytarsus takahashii,13
S197,Tanytarsus tamagotoi,4
S197,Corynoneura sp.,2
S197,Hydrobaenus kondoi,7
S197,Rheocricotopus sp.,9
S197,Rheopelopia sp.,5
S198,Anodonta woodiana,10
S198,Corbicula fluminea,9
S198,Musculium lacustre,7
S198,Hediste sp.,7
S198,Branchiura sowerbyi,5
S198,Bothrioneurum vejdoskynum,10
S198,Rhyacodrilus coccineus,8
S198,Tubifex tubifex,8
S198,Limnodrilus claparedeianus,8
S198,Limnodrilus udekimineanus,5
S198,Chaetogaster diaphanus,13
S198,Branchiodrilus hortensis,8
S198,Opidonais sp.,10
S198,Amphichaeta asiatica,12
S198,Haemonais waldvogeli,8
S198,Nais variabilis,11
S198,Nais communis,7
S198,Pristina biserrata,11
S198,Pristina longiseta,11
S198,Henlea sp.,11
S198,Lumbriculus variegatus,9
S198,Lamprotus orientalis,13
S198,Cyathura higoensis,10
S198,Asellus sp.,7
S198,Gammarus sp.,4
S198,Jesogammarus sp.,8
S198,Monocorophium sp.,1
S198,Labiobaetis atrebatinus,7
S198,Procloeon maritimum,8
S198,Choroterpes altioculus,7
S198,Rhoenanthus coreanus,11
S198,Ephoron shigae,12
S198,Ephemera orientalis,11
S198,Serratella setigera,13
S198,Dixidae sp.,7
S198,Ceratopogonidae sp.,11
S198,Benthalia sp.,6
S198,Chironomus flaviplumus,9
S198,Chironomus edwardsi,7
S198,Cladotanytarsus vanderwulpi,11
S198,Cryptochironomus sp.,11
S198,Demicryptochironomus sp.,9
S198,Dicrotendipes pelochloris,8
S198,Dicrotendipes septemmaculatus,10
S198,Harnischia japonica,7
S198,Harnischiagumsanea,7
S198,Lipiniella moderata,8
S198,Nilothauma sp.,9
S198,Parachironomus arcuatus,10
S198,Paratanytarsus inopertus,11
S198,Paratanytarsus grimmii,6
S198,Paratanytarsus sp.,11
S198,Paratendipes albimanus,5
S198,Paratendipes sp.,7
S198,Polypedilum pedestre,1
S198,Polypedilum decematoguttatum,9
S198,Polypedilum masudai,13
S198,Polypedilum cultellatum,13
S198,Polypedilum nubeculosum,10
S198,Polypedilum sp.,10
S198,Stictochironomus sinsauensis,17
S198,Stictochironomus sp.,5
S198,Tanytarsus kiseogi,8
S198,Tanytarsus sp.,6
S198,Potthastia sp.,9
S198,Thienemanniella sp.,9
S198,Brillia japonica,8
S198,Corynoneura sp.,8
S198,Cricotopus bicinctus,8
S198,Cricotopus bimaculatus,9
S198,Cricotopus sylvestris,13
S198,Cricotopus triannulatus,8
S198,Cricotopus sp.,12
S198,Orthocladius glabripennis,3
S198,Orthocladius sp.,7
S198,Rheocricotopus sp.,11
S198,Ablabesmyia longistyla,8
S198,Ablabesmyia sp.,13
S198,Conchapelopia sp.,10
S198,Procladius choreus,6
S198,Procladius nigriventris,8
S198,Rheopelopia sp.,8
S198,Tanypus punctipennis,3
S198,Saetheria tylus,10
S198,Cladopelma edwardsi,7
S198,Syrphidae sp.,10
S198,Ephydridae sp.,10
S198,Ecnomus sp.,10
S199,Branchiura sowerbyi,1
S199,Bothrioneurum vejdoskynum,3
S199,Rhyacodrilus coccineus,10
S199,Limnodrilus claparedeianus,6
S199,Limnodrilus udekimineanus,2
S199,Chaetogaster diaphanus,7
S199,Chaetogaster limnaei,10
S199,Opidonais sp.,10
S199,Pristina biserrata,6
S199,Pristina longiseta,5
S199,Lumbriculus variegatus,1
S199,Lamprotus orientalis,9
S199,Labiobaetis atrebatinus,3
S199,Procloeon pennulatum,6
S199,Choroterpes altioculus,8
S199,Potamanthus formosus,4
S199,Ephoron shigae,11
S199,Ephemera orientalis,8
S199,Psychoda sp.,7
S199,Ceratopogonidae sp.,1
S199,Chironomus circumdatus,4
S199,Cryptochironomus sp.,3
S199,Microchironomus tener,7
S199,Paratendipes sp.,8
S199,Polypedilum pedestre,7
S199,Polypedilum decematoguttatum,3
S199,Stictochironomus sinsauensis,12
S199,Corynoneura sp.,7
S199,Cricotopus bicinctus,4
S199,Cricotopus bimaculatus,6
S199,Cricotopus triannulatus,5
S199,Cricotopus sp.,5
S199,Orthocladius sp.,6
S199,Conchapelopia sp.,6
S199,Rheopelopia sp.,5
S199,Saetheria tylus,13
S199,Chironomidae sp.,4
S200,Anodonta woodiana,15
S200,Musculium lacustre,4
S200,Rhyacodrilus coccineus,8
S200,Limnodrilus udekimineanus,6
S200,Chaetogaster diaphanus,7
S200,Chaetogaster limnaei,12
S200,Haemonais waldvogeli,3
S200,Slavina appendiculata,2
S200,Pristina longiseta,11
S200,Henlea sp.,4
S200,Lamprotus orientalis,5
S200,Helobdella stagnalis,6
S200,Erpobdella lineata,10
S200,Cyprididae sp.,5
S200,Gnorimosphaeroma sp.,10
S200,Cyathura higoensis,3
S200,Gammarus sp.,5
S200,Collembola sp.,6
S200,Baetis fuscatus,9
S200,Procloeon maritimum,12
S200,Choroterpes altioculus,11
S200,Ephoron shigae,8
S200,Ephemera orientalis,7
S200,Caenis sp.,8
S200,Ceratopogonidae sp.,6
S200,Chironomus circumdatus,5
S200,Chironomus nipponensis,3
S200,Demicryptochironomus sp.,10
S200,Dicrotendipes nervosus,13
S200,Harnischia japonica,7
S200,Microtendipes sp.,9
S200,Nilothauma sp.,6
S200,Paratanytarsus inopertus,3
S200,Paratanytarsus sp.,6
S200,Paratendipes albimanus,8
S200,Paratendipes sp.,2
S200,Polypedilum pedestre,9
S200,Polypedilum nubifer,8
S200,Polypedilum cultellatum,9
S200,Polypedilum nubeculosum,5
S200,Stictochironomus sp.,3
S200,Tanytarsus takahashii,9
S200,Tanytarsus tamagotoi,7
S200,Tanytarsus tamakutibasi,6
S200,Potthastia sp.,5
S200,Thienemanniella sp.,7
S200,Brillia japonica,5
S200,Cricotopus bicinctus,8
S200,Cricotopus bimaculatus,7
S200,Cricotopus sylvestris,4
S200,Cricotopus triannulatus,8
S200,Eukiefferiella sp.,5
S200,Orthocladius sp.,15
S200,Rheocricotopus sp.,8
S200,Ablabesmyia monilis,9
S200,Procladius choreus,9
S200,Rheopelopia sp.,5
S200,Saetheria tylus,6
S200,Ecnomus sp.,1
S201,Musculium lacustre,9
S201,Bothrioneurum vejdoskynum,5
S201,Rhyacodrilus coccineus,12
S201,Limnodrilus claparedeianus,14
S201,Limnodrilus hoffmeisteri,7
S201,Haplotaxis gordioides,3
S201,Chaetogaster diaphanus,11
S201,Branchiodrilus hortensis,4
S201,Opidonais sp.,11
S201,Slavina appendiculata,1
S201,Stylaria fossularis,9
S201,Mesenchytreanus sp.,3
S201,Eisenia koreana,6
S201,Gammarus sp.,8
S201,Potamanthus formosus,13
S201,Ephemera orientalis,5
S201,Caenis sp.,9
S201,Ceratopogonidae sp.,9
S201,Chironomus circumdatus,17
S201,Cladotanytarsus vanderwulpi,5
S201,Cryptochironomus sp.,7
S201,Demicryptochironomus sp.,8
S201,Dicrotendipes nervosus,5
S201,Dicrotendipes septemmaculatus,3
S201,Harnischia japonica,6
S201,Lipiniella moderata,11
S201,Microchironomus tener,4
S201,Microtendipes sp.,7
S201,Parachironomus gracilior,12
S201,Paratanytarsus grimmii,2
S201,Paratendipes albimanus,12
S201,Polypedilum decematoguttatum,4
S201,Polypedilum cultellatum,3
S201,Polypedilum nubeculosum,3
S201,Tanytarsus kiseogi,4
S201,Tanytarsus tamakutibasi,7
S201,Tanytarsus sp.,6
S201,Thienemanniella sp.,7
S201,Cricotopus bicinctus,5
S201,Cricotopus bimaculatus,7
S201,Cricotopus sp.,8
S201,Rheocricotopus sp.,10
S201,Ablabesmyia prorasha,10
S201,Ablabesmyia sp.,6
S201,Conchapelopia sp.,3
S201,Procladius choreus,4
S201,Rheopelopia sp.,7
S201,Saetheria tylus,11
S201,Chironomidae sp.,7
S202,Branchiura sowerbyi,6
S202,Rhyacodrilus coccineus,10
S202,Limnodrilus claparedeianus,6
S202,Limnodrilus hoffmeisteri,15
S202,Chaetogaster diaphanus,11
S202,Opidonais sp.,5
S202,Amphichaeta asiatica,10
S202,Nais variabilis,6
S202,Stylaria fossularis,6
S202,Henlea sp.,7
S202,Lamprotus orientalis,9
S202,Eisenia koreana,7
S202,Erpobdella lineata,6
S202,Cyprididae sp.,4
S202,Baetis fuscatus,11
S202,Cloeon dipterum,6
S202,Choroterpes altioculus,8
S202,Potamanthus formosus,10
S202,Rhoenanthus coreanus,6
S202,Ephoron shigae,9
S202,Ephemera orientalis,10
S202,Caenis sp.,13
S202,Psychoda sp.,11
S202,Dixidae sp.,7
S202,Chironomus circumdatus,17
S202,Cladotanytarsus vanderwulpi,9
S202,Cryptochironomus sp.,9
S202,Dicrotendipes septemmaculatus,4
S202,Harnischiagumsanea,3
S202,Paratanytarsus sp.,8
S202,Paratendipes albimanus,6
S202,Paratendipes sp.,7
S202,Polypedilum pedestre,11
S202,Polypedilum nubifer,10
S202,Polypedilum decematoguttatum,4
S202,Polypedilum cultellatum,4
S202,Polypedilum sp.,6
S202,Stictochironomus sinsauensis,10
S202,Tanytarsus kiseogi,7
S202,Tanytarsus tamagotoi,13
S202,Tanytarsus tamakutibasi,4
S202,Thienemanniella sp.,8
S202,Corynoneura sp.,8
S202,Eukiefferiella sp.,4
S202,Hydrobaenus kondoi,9
S202,Hydrobaenus sp.,8
S202,Limnophyes tamakitanaides,5
S202,Orthocladius sp.,7
S202,Rheocricotopus sp.,14
S202,Ablabesmyia monilis,9
S202,Ablabesmyia prorasha,4
S202,Conchapelopia sp.,8
S202,Procladius choreus,6
S202,Procladius nigriventris,1
S202,Procladius sp.,3
S202,Rheopelopia sp.,10
S203,Chaetogaster diaphanus,4
S203,Chaetogaster limnaei,6
S203,Haemonais waldvogeli,3
S203,Pristina biserrata,2
S203,Eisenia koreana,1
S203,Procloeon maritimum,6
S203,Ephoron shigae,2
S203,Chironomus circumdatus,4
S203,Polypedilum pedestre,3
S203,Polypedilum cultellatum,1
S203,Thienemanniella sp.,6
S203,Cricotopus bicinctus,2
S203,Cricotopus triannulatus,4
S203,Eukiefferiella sp.,4
S203,Orthocladius sp.,4
S203,Rheocricotopus sp.,11
S203,Ablabesmyia monilis,3
S203,Ablabesmyia prorasha,7
S203,Conchapelopia sp.,1
S204,Cyathura higoensis,1
S204,Chironomus sp.,1
S205,Anodonta woodiana,6
S205,Bothrioneurum vejdoskynum,6
S205,Limnodrilus hoffmeisteri,4
S205,Haplotaxis gordioides,6
S205,Chaetogaster diaphanus,5
S205,Opidonais sp.,7
S205,Stylaria fossularis,11
S205,Pristina biserrata,6
S205,Pristina longiseta,5
S205,Lumbriculus variegatus,7
S205,Lamprotus orientalis,10
S205,Eisenia koreana,2
S205,Helobdella stagnalis,6
S205,Cyprididae sp.,3
S205,Gnorimosphaeroma sp.,3
S205,Collembola sp.,6
S205,Baetis fuscatus,5
S205,Cloeon dipterum,3
S205,Labiobaetis atrebatinus,5
S205,Procloeon pennulatum,6
S205,Choroterpes altioculus,7
S205,Potamanthus formosus,7
S205,Rhoenanthus coreanus,6
S205,Ephoron shigae,10
S205,Caenis sp.,6
S205,Psychoda sp.,5
S205,Dixidae sp.,5
S205,Ceratopogonidae sp.,5
S205,Benthalia sp.,3
S205,Cladotanytarsus vanderwulpi,5
S205,Demicryptochironomus sp.,6
S205,Dicrotendipes nervosus,8
S205,Dicrotendipes sp.,3
S205,Harnischia japonica,4
S205,Lipiniella moderata,4
S205,Microchironomus tener,7
S205,Nilothauma sp.,6
S205,Parachironomus gracilior,16
S205,Paratanytarsus sp.,6
S205,Polypedilum pedestre,7
S205,Polypedilum nubifer,11
S205,Polypedilum sp.,11
S205,Stictochironomus sinsauensis,6
S205,Tanytarsus kiseogi,7
S205,Tanytarsus takahashii,6
S205,Tanytarsus tamagotoi,8
S205,Tanytarsus tamakutibasi,7
S205,Thienemanniella sp.,6
S205,Corynoneura sp.,6
S205,Cricotopus bicinctus,7
S205,Cricotopus sp.,5
S205,Eukiefferiella sp.,12
S205,Hydrobaenus sp.,6
S205,Propsilocerus akamusi,10
S205,Rheocricotopus sp.,2
S205,Ablabesmyia prorasha,8
S205,Conchapelopia sp.,6
S205,Procladius choreus,7
S205,Procladius nigriventris,1
S205,Saetheria tylus,3
S205,Cladopelma virescens,6
S206,Corbicula fluminea,7
S206,Bothrioneurum vejdoskynum,4
S206,Rhyacodrilus coccineus,4
S206,Amphichaeta asiatica,6
S206,Stylaria fossularis,5
S206,Pristina longiseta,8
S206,Erpobdella lineata,2
S206,Collembola sp.,2
S206,Labiobaetis atrebatinus,3
S206,Procloeon maritimum,14
S206,Potamanthus formosus,9
S206,Ephoron shigae,3
S206,Ephemera orientalis,6
S206,Caenis sp.,3
S206,Psychoda sp.,3
S206,Benthalia sp.,5
S206,Chironomus circumdatus,7
S206,Cryptochironomus sp.,12
S206,Glyptotendipes tokunagai,2
S206,Harnischia japonica,6
S206,Microchironomus tener,5
S206,Microtendipes sp.,7
S206,Parachironomus gracilior,6
S206,Parachironomus arcuatus,3
S206,Paratendipes albimanus,6
S206,Paratendipes sp.,6
S206,Polypedilum masudai,5
S206,Polypedilum cultellatum,8
S206,Tanytarsus kiseogi,6
S206,Tanytarsus tamakutibasi,9
S206,Tanytarsus sp.,7
S206,Potthastia sp.,4
S206,Thienemanniella sp.,8
S206,Cricotopus sylvestris,6
S206,Cricotopus triannulatus,1
S206,Orthocladius sp.,7
S206,Paratrichocladius rufiventris,1
S206,Propsilocerus akamusi,7
S206,Rheocricotopus sp.,9
S206,Ablabesmyia monilis,8
S206,Ablabesmyia prorasha,15
S206,Conchapelopia sp.,6
S206,Rheopelopia sp.,5
S206,Saetheria tylus,8
S206,Chironomidae sp.,3
S207,Anodonta woodiana,6
S207,Corbicula fluminea,7
S207,Tubifex tubifex,4
S207,Limnodrilus claparedeianus,7
S207,Haplotaxis gordioides,5
S207,Chaetogaster diaphanus,11
S207,Chaetogaster limnaei,8
S207,Nais communis,4
S207,Pristina longiseta,8
S207,Lumbriculus variegatus,11
S207,Lamprotus orientalis,10
S207,Collembola sp.,1
S207,Baetis fuscatus,2
S207,Procloeon maritimum,4
S207,Chironomus circumdatus,10
S207,Cladotanytarsus vanderwulpi,3
S207,Cryptochironomus sp.,8
S207,Dicrotendipes nervosus,4
S207,Lipiniella moderata,3
S207,Microchironomus tener,4
S207,Paratanytarsus sp.,4
S207,Paratendipes sp.,6
S207,Polypedilum pedestre,7
S207,Polypedilum cultellatum,5
S207,Polypedilum sp.,4
S207,Stictochironomus sinsauensis,6
S207,Tanytarsus kiseogi,11
S207,Tanytarsus sp.,8
S207,Thienemanniella sp.,6
S207,Brillia japonica,3
S207,Corynoneura sp.,7
S207,Cricotopus bicinctus,8
S207,Cricotopus bimaculatus,11
S207,Eukiefferiella sp.,13
S207,Limnophyes tamakitanaides,1
S207,Orthocladius sp.,8
S207,Rheocricotopus sp.,7
S207,Ablabesmyia monilis,3
S207,Ablabesmyia sp.,6
S207,Conchapelopia sp.,4
S207,Procladius choreus,9
S207,Procladius sp.,2
S207,Saetheria tylus,10
S207,Cladopelma virescens,6
S208,Anodonta woodiana,16
S208,Corbicula fluminea,6
S208,Branchiura sowerbyi,7
S208,Tubifex tubifex,7
S208,Amphichaeta asiatica,6
S208,Haemonais waldvogeli,8
S208,Nais variabilis,6
S208,Stylaria fossularis,8
S208,Pristina biserrata,8
S208,Pristina longiseta,4
S208,Lumbriculus variegatus,8
S208,Lamprotus orientalis,10
S208,Eisenia koreana,3
S208,Gnorimosphaeroma sp.,6
S208,Gammarus sp.,8
S208,Collembola sp.,3
S208,Labiobaetis atrebatinus,7
S208,Procloeon pennulatum,11
S208,Choroterpes altioculus,10
S208,Potamanthus formosus,9
S208,Rhoenanthus coreanus,11
S208,Ephoron shigae,11
S208,Ephemera orientalis,6
S208,Serratella setigera,4
S208,Psychoda sp.,12
S208,Dixidae sp.,12
S208,Ceratopogonidae sp.,4
S208,Chironomus flaviplumus,7
S208,Chironomus edwardsi,5
S208,Cladotanytarsus vanderwulpi,6
S208,Cryptochironomus sp.,14
S208,Dicrotendipes sp.,8
S208,Glyptotendipes tokunagai,5
S208,Harnischia japonica,3
S208,Microtendipes sp.,6
S208,Parachironomus gracilior,7
S208,Paratendipes sp.,8
S208,Polypedilum pedestre,10
S208,Polypedilum nubifer,4
S208,Polypedilum decematoguttatum,6
S208,Polypedilum cultellatum,10
S208,Tanytarsus kiseogi,7
S208,Tanytarsus sp.,6
S208,Potthastia sp.,4
S208,Thienemanniella sp.,19
S208,Brillia japonica,9
S208,Corynoneura sp.,9
S208,Cricotopus bicinctus,8
S208,Cricotopus triannulatus,6
S208,Hydrobaenus kondoi,8
S208,Hydrobaenus sp.,12
S208,Limnophyes tamakitanaides,4
S208,Rheocricotopus sp.,11
S208,Ablabesmyia monilis,12
S208,Ablabesmyia prorasha,4
S208,Ablabesmyia sp.,8
S208,Conchapelopia sp.,11
S208,Procladius choreus,11
S208,Procladius sp.,6
S208,Saetheria tylus,6
S208,Chironomidae sp.,7
S209,Anodonta woodiana,7
S209,Bothrioneurum vejdoskynum,4
S209,Rhyacodrilus coccineus,5
S209,Limnodrilus claparedeianus,6
S209,Chaetogaster diaphanus,5
S209,Chaetogaster limnaei,7
S209,Branchiodrilus hortensis,1
S209,Opidonais sp.,7
S209,Amphichaeta asiatica,7
S209,Stylaria fossularis,10
S209,Pristina biserrata,9
S209,Pristina longiseta,8
S209,Lumbriculus variegatus,6
S209,Eisenia koreana,4
S209,Baetis fuscatus,9
S209,Procloeon maritimum,9
S209,Choroterpes altioculus,7
S209,Ephemera orientalis,5
S209,Serratella setigera,5
S209,Caenis sp.,4
S209,Dixidae sp.,8
S209,Chironomus kiiensis,1
S209,Chironomus edwardsi,2
S209,Cladotanytarsus vanderwulpi,7
S209,Cryptochironomus sp.,11
S209,Dicrotendipes sp.,1
S209,Lipiniella moderata,8
S209,Microchironomus tener,2
S209,Microchironomus sp.,3
S209,Nilothauma sp.,6
S209,Parachironomus gracilior,9
S209,Paratendipes sp.,14
S209,Polypedilum nubifer,10
S209,Polypedilum masudai,1
S209,Tanytarsus kiseogi,10
S209,Tanytarsus takahashii,9
S209,Tanytarsus tamakutibasi,5
S209,Potthastia sp.,3
S209,Cricotopus bimaculatus,6
S209,Eukiefferiella sp.,3
S209,Orthocladius sp.,5
S209,Propsilocerus akamusi,2
S209,Rheocricotopus sp.,9
S209,Ablabesmyia prorasha,11
S210,Musculium lacustre,5
S210,Tubifex tubifex,4
S210,Chaetogaster limnaei,6
S210,Amphichaeta asiatica,6
S210,Lumbriculus variegatus,6
S210,Lamprotus orientalis,3
S210,Gammarus sp.,4
S210,Procloeon maritimum,8
S210,Choroterpes altioculus,9
S210,Potamanthus formosus,10
S210,Ephoron shigae,9
S210,Ephemera orientalis,5
S210,Serratella setigera,1
S210,Caenis sp.,6
S210,Dixidae sp.,7
S210,Ceratopogonidae sp.,2
S210,Chironomus edwardsi,2
S210,Demicryptochironomus sp.,12
S210,Lipiniella moderata,6
S210,Microtendipes sp.,4
S210,Nilothauma sp.,3
S210,Parachironomus gracilior,4
S210,Parachironomus arcuatus,1
S210,Polypedilum pedestre,6
S210,Polypedilum nubifer,5
S210,Polypedilum masudai,3
S210,Tanytarsus takahashii,6
S210,Tanytarsus tamakutibasi,4
S210,Corynoneura sp.,5
S210,Cricotopus bicinctus,9
S210,Cricotopus bimaculatus,6
S210,Cricotopus triannulatus,6
S210,Eukiefferiella sp.,6
S210,Hydrobaenus sp.,7
S210,Propsilocerus akamusi,10
S210,Rheocricotopus sp.,10
S210,Ablabesmyia prorasha,10
S210,Saetheria tylus,8
S210,Cladopelma virescens,7
S211,Anodonta woodiana,11
S211,Corbicula fluminea,10
S211,Musculium lacustre,8
S211,Hediste sp.,7
S211,Bothrioneurum vejdoskynum,8
S211,Rhyacodrilus coccineus,9
S211,Limnodrilus claparedeianus,11
S211,Limnodrilus hoffmeisteri,11
S211,Limnodrilus udekimineanus,13
S211,Haplotaxis gordioides,6
S211,Chaetogaster limnaei,8
S211,Branchiodrilus hortensis,6
S211,Opidonais sp.,13
S211,Amphichaeta asiatica,7
S211,Haemonais waldvogeli,8
S211,Slavina appendiculata,8
S211,Stylaria fossularis,10
S211,Pristina biserrata,8
S211,Pristina longiseta,6
S211,Henlea sp.,5
S211,Mesenchytreanus sp.,9
S211,Lumbriculus variegatus,7
S211,Eisenia koreana,6
S211,Erpobdella lineata,9
S211,Gnorimosphaeroma sp.,5
S211,Cyathura higoensis,6
S211,Asellus sp.,6
S211,Gammarus sp.,9
S211,Monocorophium sp.,7
S211,Collembola sp.,11
S211,Baetis fuscatus,11
S211,Cloeon dipterum,5
S211,Labiobaetis atrebatinus,9
S211,Procloeon maritimum,5
S211,Procloeon pennulatum,7
S211,Choroterpes altioculus,9
S211,Ephoron shigae,7
S211,Serratella setigera,12
S211,Caenis sp.,8
S211,Psychoda sp.,8
S211,Ceratopogonidae sp.,6
S211,Chironomus circumdatus,7
S211,Chironomus flaviplumus,9
S211,Chironomus nipponensis,8
S211,Chironomus sp.,6
S211,Cladotanytarsus vanderwulpi,10
S211,Cryptochironomus sp.,10
S211,Dicrotendipes nervosus,5
S211,Dicrotendipes pelochloris,6
S211,Dicrotendipes septemmaculatus,3
S211,Dicrotendipes sp.,3
S211,Glyptotendipes tokunagai,8
S211,Harnischia japonica,8
S211,Microchironomus tener,11
S211,Microchironomus sp.,7
S211,Microtendipes sp.,6
S211,Paratendipes albimanus,12
S211,Paratendipes sp.,9
S211,Polypedilum nubifer,5
S211,Polypedilum decematoguttatum,5
S211,Polypedilum masudai,7
S211,Polypedilum cultellatum,13
S211,Polypedilum sp.,9
S211,Stictochironomus sinsauensis,7
S211,Stictochironomus sp.,6
S211,Tanytarsus kiseogi,12
S211,Tanytarsus tamagotoi,8
S211,Potthastia sp.,10
S211,Thienemanniella sp.,9
S211,Brillia japonica,7
S211,Corynoneura sp.,9
S211,Cricotopus bicinctus,12
S211,Cricotopus bimaculatus,8
S211,Cricotopus triannulatus,2
S211,Cricotopus sp.,5
S211,Eukiefferiella sp.,7
S211,Hydrobaenus kondoi,7
S211,Hydrobaenus sp.,13
S211,Limnophyes tamakitanaides,7
S211,Orthocladius glabripennis,8
S211,Orthocladius sp.,8
S211,Paratrichocladius rufiventris,7
S211,Rheocricotopus sp.,7
S211,Ablabesmyia monilis,19
S211,Ablabesmyia prorasha,7
S211,Ablabesmyia sp.,3
S211,Hayesomyia tripunctata,6
S211,Procladius choreus,8
S211,Procladius sp.,11
S211,Tanypus punctipennis,10
S211,Cladopelma edwardsi,2
S211,Cladopelma virescens,15
S211,Chironomidae sp.,10
S212,Anodonta woodiana,11
S212,Corbicula fluminea,4
S212,Bothrioneurum vejdoskynum,10
S212,Rhyacodrilus coccineus,8
S212,Tubifex tubifex,6
S212,Limnodrilus hoffmeisteri,7
S212,Haplotaxis gordioides,6
S212,Chaetogaster diaphanus,16
S212,Chaetogaster limnaei,7
S212,Opidonais sp.,9
S212,Nais variabilis,7
S212,Stylaria fossularis,10
S212,Pristina longiseta,10
S212,Henlea sp.,6
S212,Lamprotus orientalis,8
S212,Erpobdella lineata,5
S212,Baetis fuscatus,12
S212,Labiobaetis atrebatinus,6
S212,Procloeon pennulatum,5
S212,Choroterpes altioculus,8
S212,Potamanthus formosus,8
S212,Ephoron shigae,9
S212,Ephemera orientalis,7
S212,Serratella setigera,3
S212,Benthalia sp.,7
S212,Chironomus flaviplumus,6
S212,Chironomus nipponensis,9
S212,Cladotanytarsus vanderwulpi,10
S212,Cryptochironomus sp.,14
S212,Demicryptochironomus sp.,7
S212,Dicrotendipes nervosus,5
S212,Dicrotendipes sp.,7
S212,Lipiniella moderata,8
S212,Microchironomus tener,5
S212,Nilothauma sp.,9
S212,Parachironomus gracilior,6
S212,Paratanytarsus grimmii,4
S212,Paratendipes albimanus,11
S212,Polypedilum asakawaense,3
S212,Polypedilum pedestre,4
S212,Polypedilum nubifer,9
S212,Polypedilum decematoguttatum,4
S212,Polypedilum cultellatum,7
S212,Polypedilum sp.,9
S212,Stictochironomus sp.,3
S212,Tanytarsus kiseogi,9
S212,Tanytarsus tamakutibasi,4
S212,Cricotopus bicinctus,6
S212,Cricotopus bimaculatus,10
S212,Cricotopus triannulatus,8
S212,Cricotopus sp.,4
S212,Hydrobaenus kondoi,7
S212,Orthocladius sp.,5
S212,Paratrichocladius rufiventris,6
S212,Propsilocerus akamusi,7
S212,Rheocricotopus sp.,6
S212,Procladius choreus,5
S212,Rheopelopia sp.,6
S212,Saetheria tylus,9
S212,Cladopelma edwardsi,1
S212,Syrphidae sp.,1
S213,Anodonta woodiana,10
S213,Musculium lacustre,7
S213,Hediste sp.,2
S213,Branchiura sowerbyi,2
S213,Rhyacodrilus coccineus,9
S213,Tubifex tubifex,4
S213,Limnodrilus claparedeianus,8
S213,Chaetogaster diaphanus,9
S213,Chaetogaster limnaei,8
S213,Opidonais sp.,7
S213,Haemonais waldvogeli,5
S213,Nais variabilis,7
S213,Lamprotus orientalis,6
S213,Helobdella stagnalis,3
S213,Gammarus sp.,5
S213,Baetis fuscatus,9
S213,Procloeon maritimum,13
S213,Procloeon pennulatum,12
S213,Potamanthus formosus,10
S213,Ephoron shigae,11
S213,Ephemera orientalis,4
S213,Psychoda sp.,8
S213,Ceratopogonidae sp.,12
S213,Benthalia sp.,4
S213,Chironomus circumdatus,9
S213,Harnischia japonica,7
S213,Lipiniella moderata,8
S213,Microtendipes sp.,8
S213,Parachironomus gracilior,11
S213,Paratendipes sp.,8
S213,Polypedilum pedestre,8
S213,Polypedilum decematoguttatum,8
S213,Polypedilum cultellatum,8
S213,Polypedilum sp.,5
S213,Stictochironomus sp.,3
S213,Tanytarsus tamagotoi,5
S213,Tanytarsus sp.,6
S213,Potthastia sp.,9
S213,Thienemanniella sp.,14
S213,Corynoneura sp.,4
S213,Cricotopus bicinctus,6
S213,Cricotopus sp.,10
S213,Hydrobaenus kondoi,5
S213,Orthocladius sp.,10
S213,Paratrichocladius rufiventris,1
S213,Ablabesmyia prorasha,8
S213,Ablabesmyia sp.,7
S213,Procladius choreus,8
S213,Rheopelopia sp.,7
S213,Tanypus punctipennis,3
S213,Saetheria tylus,11
S214,Anodonta woodiana,6
S214,Corbicula fluminea,10
S214,Branchiura sowerbyi,6
S214,Bothrioneurum vejdoskynum,5
S214,Rhyacodrilus coccineus,9
S214,Tubifex tubifex,8
S214,Limnodrilus claparedeianus,9
S214,Limnodrilus hoffmeisteri,7
S214,Branchiodrilus hortensis,3
S214,Amphichaeta asiatica,8
S214,Haemonais waldvogeli,5
S214,Nais variabilis,6
S214,Stylaria fossularis,11
S214,Pristina longiseta,5
S214,Henlea sp.,5
S214,Mesenchytreanus sp.,3
S214,Lumbriculus variegatus,6
S214,Helobdella stagnalis,2
S214,Erpobdella sp.,2
S214,Gnorimosphaeroma sp.,4
S214,Asellus sp.,6
S214,Cloeon dipterum,12
S214,Procloeon pennulatum,8
S214,Potamanthus formosus,10
S214,Rhoenanthus coreanus,10
S214,Ephoron shigae,9
S214,Ephemera orientalis,10
S214,Serratella setigera,5
S214,Caenis sp.,12
S214,Chironomus circumdatus,9
S214,Chironomus nipponensis,9
S214,Chironomus edwardsi,10
S214,Cladotanytarsus vanderwulpi,6
S214,Cryptochironomus sp.,4
S214,Demicryptochironomus sp.,10
S214,Dicrotendipes nervosus,9
S214,Dicrotendipes septemmaculatus,4
S214,Glyptotendipes tokunagai,5
S214,Harnischia japonica,10
S214,Microtendipes sp.,8
S214,Parachironomus gracilior,9
S214,Paratendipes albimanus,2
S214,Paratendipes sp.,10
S214,Polypedilum pedestre,9
S214,Polypedilum nubifer,3
S214,Polypedilum decematoguttatum,11
S214,Polypedilum masudai,6
S214,Polypedilum cultellatum,10
S214,Tanytarsus kiseogi,8
S214,Tanytarsus takahashii,7
S214,Tanytarsus tamagotoi,14
S214,Tanytarsus tamakutibasi,8
S214,Tanytarsus formosanus,2
S214,Potthastia sp.,6
S214,Thienemanniella sp.,15
S214,Brillia japonica,11
S214,Corynoneura sp.,4
S214,Cricotopus bimaculatus,9
S214,Cricotopus sylvestris,6
S214,Cricotopus triannulatus,10
S214,Eukiefferiella sp.,11
S214,Hydrobaenus kondoi,8
S214,Orthocladius sp.,8
S214,Paratrichocladius rufiventris,8
S214,Rheocricotopus sp.,3
S214,Ablabesmyia prorasha,6
S214,Ablabesmyia sp.,12
S214,Conchapelopia sp.,3
S214,Procladius choreus,8
S214,Procladius sp.,8
S214,Saetheria tylus,8
S214,Cladopelma virescens,6
S214,Syrphidae sp.,1
S214,Ecnomus sp.,4
S215,Anodonta woodiana,7
S215,Corbicula fluminea,10
S215,Branchiura sowerbyi,8
S215,Bothrioneurum vejdoskynum,11
S215,Rhyacodrilus coccineus,6
S215,Tubifex tubifex,8
S215,Limnodrilus hoffmeisteri,10
S215,Opidonais sp.,5
S215,Amphichaeta asiatica,7
S215,Haemonais waldvogeli,8
S215,Slavina appendiculata,4
S215,Stylaria fossularis,8
S215,Pristina biserrata,14
S215,Pristina longiseta,6
S215,Henlea sp.,11
S215,Lamprotus orientalis,16
S215,Eisenia koreana,6
S215,Helobdella stagnalis,10
S215,Erpobdella lineata,8
S215,Cyprididae sp.,4
S215,Gnorimosphaeroma sp.,11
S215,Cyathura higoensis,5
S215,Jesogammarus sp.,5
S215,Monocorophium sp.,6
S215,Collembola sp.,8
S215,Baetis fuscatus,10
S215,Cloeon dipterum,8
S215,Procloeon pennulatum,3
S215,Potamanthus formosus,8
S215,Ephoron shigae,7
S215,Ephemera orientalis,12
S215,Caenis sp.,9
S215,Psychoda sp.,10
S215,Ceratopogonidae sp.,11
S215,Benthalia sp.,11
S215,Chironomus circumdatus,9
S215,Chironomus flaviplumus,8
S215,Chironomus kiiensis,4
S215,Chironomus nipponensis,11
S215,Chironomus sp.,7
S215,Cladotanytarsus vanderwulpi,5
S215,Cryptochironomus sp.,8
S215,Demicryptochironomus sp.,9
S215,Dicrotendipes nervosus,7
S215,Dicrotendipes septemmaculatus,8
S215,Dicrotendipes sp.,11
S215,Harnischia japonica,8
S215,Harnischiagumsanea,12
S215,Lipiniella moderata,9
S215,Microtendipes sp.,5
S215,Parachironomus gracilior,10
S215,Parachironomus arcuatus,9
S215,Paratanytarsus inopertus,11
S215,Paratanytarsus sp.,11
S215,Paratendipes sp.,7
S215,Polypedilum asakawaense,5
S215,Polypedilum pedestre,9
S215,Polypedilum nubifer,7
S215,Polypedilum decematoguttatum,12
S215,Polypedilum masudai,8
S215,Tanytarsus kiseogi,10
S215,Tanytarsus tamakutibasi,9
S215,Tanytarsus sp.,9
S215,Thienemanniella sp.,8
S215,Brillia japonica,12
S215,Corynoneura sp.,6
S215,Cricotopus bicinctus,12
S215,Cricotopus bimaculatus,11
S215,Cricotopus sylvestris,11
S215,Cricotopus triannulatus,12
S215,Eukiefferiella sp.,9
S215,Hydrobaenus sp.,5
S215,Orthocladius glabripennis,5
S215,Orthocladius sp.,8
S215,Paratrichocladius rufiventris,4
S215,Propsilocerus akamusi,1
S215,Ablabesmyia longistyla,5
S215,Ablabesmyia monilis,13
S215,Ablabesmyia prorasha,5
S215,Rheopelopia sp.,6
S215,Chironomidae sp.,6
S215,Ecnomus sp.,4
S216,Corbicula fluminea,9
S216,Musculium lacustre,11
S216,Hediste sp.,11
S216,Branchiura sowerbyi,8
S216,Bothrioneurum vejdoskynum,6
S216,Rhyacodrilus coccineus,10
S216,Tubifex tubifex,12
S216,Limnodrilus udekimineanus,9
S216,Haplotaxis gordioides,9
S216,Chaetogaster diaphanus,6
S216,Opidonais sp.,8
S216,Slavina appendiculata,4
S216,Stylaria fossularis,7
S216,Pristina biserrata,12
S216,Mesenchytreanus sp.,8
S216,Lamprotus orientalis,15
S216,Eisenia koreana,4
S216,Helobdella stagnalis,7
S216,Erpobdella lineata,10
S216,Erpobdella sp.,2
S216,Cyprididae sp.,10
S216,Asellus sp.,11
S216,Labiobaetis atrebatinus,6
S216,Choroterpes altioculus,6
S216,Potamanthus formosus,10
S216,Rhoenanthus coreanus,8
S216,Ephemera orientalis,6
S216,Psychoda sp.,8
S216,Ceratopogonidae sp.,13
S216,Benthalia sp.,7
S216,Chironomus circumdatus,6
S216,Chironomus flaviplumus,11
S216,Cladotanytarsus vanderwulpi,7
S216,Demicryptochironomus sp.,8
S216,Dicrotendipes pelochloris,8
S216,Dicrotendipes septemmaculatus,12
S216,Dicrotendipes sp.,9
S216,Glyptotendipes tokunagai,14
S216,Harnischia japonica,10
S216,Harnischiagumsanea,9
S216,Harnischia sp.,4
S216,Lipiniella moderata,8
S216,Microchironomus tener,7
S216,Microchironomus sp.,7
S216,Microtendipes sp.,5
S216,Nilothauma sp.,13
S216,Parachironomus gracilior,12
S216,Parachironomus arcuatus,7
S216,Paratanytarsus inopertus,6
S216,Paratanytarsus grimmii,11
S216,Paratanytarsus sp.,10
S216,Paratendipes albimanus,12
S216,Paratendipes sp.,8
S216,Polypedilum pedestre,6
S216,Polypedilum nubifer,8
S216,Polypedilum decematoguttatum,8
S216,Polypedilum masudai,9
S216,Polypedilum sp.,11
S216,Stictochironomus sp.,9
S216,Tanytarsus kiseogi,9
S216,Tanytarsus takahashii,7
S216,Tanytarsus tamagotoi,7
S216,Tanytarsus formosanus,2
S216,Potthastia sp.,7
S216,Thienemanniella sp.,6
S216,Corynoneura sp.,12
S216,Cricotopus bicinctus,8
S216,Cricotopus bimaculatus,9
S216,Cricotopus triannulatus,7
S216,Eukiefferiella sp.,8
S216,Hydrobaenus kondoi,9
S216,Hydrobaenus sp.,7
S216,Orthocladius sp.,11
S216,Propsilocerus akamusi,6
S216,Rheocricotopus sp.,15
S216,Ablabesmyia longistyla,12
S216,Ablabesmyia monilis,7
S216,Ablabesmyia prorasha,12
S216,Ablabesmyia sp.,7
S216,Conchapelopia sp.,12
S216,Hayesomyia tripunctata,4
S216,Procladius sp.,4
S216,Rheopelopia sp.,7
S216,Saetheria tylus,9
S216,Cladopelma edwardsi,9
S216,Syrphidae sp.,5
S217,Corbicula fluminea,8
S217,Musculium lacustre,6
S217,Branchiura sowerbyi,5
S217,Bothrioneurum vejdoskynum,5
S217,Rhyacodrilus coccineus,7
S217,Tubifex tubifex,10
S217,Limnodrilus claparedeianus,5
S217,Limnodrilus udekimineanus,6
S217,Chaetogaster diaphanus,8
S217,Chaetogaster limnaei,15
S217,Opidonais sp.,13
S217,Haemonais waldvogeli,2
S217,Nais communis,6
S217,Stylaria fossularis,8
S217,Pristina biserrata,9
S217,Pristina longiseta,12
S217,Henlea sp.,7
S217,Mesenchytreanus sp.,6
S217,Lamprotus orientalis,8
S217,Eisenia koreana,11
S217,Erpobdella lineata,10
S217,Gnorimosphaeroma sp.,11
S217,Collembola sp.,10
S217,Baetis fuscatus,10
S217,Labiobaetis atrebatinus,10
S217,Procloeon maritimum,7
S217,Procloeon pennulatum,10
S217,Potamanthus formosus,11
S217,Serratella setigera,6
S217,Caenis sp.,8
S217,Dixidae sp.,10
S217,Ceratopogonidae sp.,2
S217,Chironomus circumdatus,10
S217,Chironomus flaviplumus,8
S217,Chironomus nipponensis,12
S217,Chironomus edwardsi,4
S217,Cryptochironomus sp.,3
S217,Demicryptochironomus sp.,13
S217,Dicrotendipes sp.,7
S217,Harnischia japonica,7
S217,Harnischia sp.,6
S217,Lipiniella moderata,6
S217,Microchironomus sp.,6
S217,Microtendipes sp.,10
S217,Nilothauma sp.,7
S217,Parachironomus arcuatus,5
S217,Paratanytarsus grimmii,4
S217,Paratendipes albimanus,7
S217,Polypedilum decematoguttatum,13
S217,Polypedilum cultellatum,10
S217,Polypedilum sp.,10
S217,Stictochironomus sinsauensis,7
S217,Stictochironomus sp.,8
S217,Tanytarsus kiseogi,9
S217,Tanytarsus takahashii,12
S217,Tanytarsus tamakutibasi,7
S217,Thienemanniella sp.,14
S217,Corynoneura sp.,7
S217,Cricotopus bimaculatus,7
S217,Cricotopus triannulatus,6
S217,Cricotopus sp.,4
S217,Eukiefferiella sp.,10
S217,Orthocladius glabripennis,10
S217,Orthocladius sp.,10
S217,Rheocricotopus sp.,11
S217,Ablabesmyia monilis,9
S217,Ablabesmyia prorasha,9
S217,Ablabesmyia sp.,7
S217,Conchapelopia sp.,10
S217,Procladius choreus,14
S217,Rheopelopia sp.,10
S217,Saetheria tylus,4
S217,Cladopelma virescens,11
S217,Chironomidae sp.,13
S217,Syrphidae sp.,5
S218,Bothrioneurum vejdoskynum,7
S218,Tubifex tubifex,2
S218,Limnodrilus claparedeianus,11
S218,Limnodrilus hoffmeisteri,6
S218,Chaetogaster diaphanus,6
S218,Chaetogaster limnaei,7
S218,Slavina appendiculata,6
S218,Pristina biserrata,7
S218,Pristina longiseta,8
S218,Lumbriculus variegatus,10
S218,Lamprotus orientalis,12
S218,Helobdella stagnalis,5
S218,Erpobdella lineata,7
S218,Gnorimosphaeroma sp.,8
S218,Jesogammarus sp.,4
S218,Collembola sp.,5
S218,Procloeon maritimum,9
S218,Procloeon pennulatum,4
S218,Potamanthus formosus,9
S218,Rhoenanthus coreanus,9
S218,Ephoron shigae,11
S218,Ephemera orientalis,5
S218,Ceratopogonidae sp.,7
S218,Chironomus circumdatus,9
S218,Chironomus nipponensis,2
S218,Cladotanytarsus vanderwulpi,5
S218,Dicrotendipes septemmaculatus,2
S218,Parachironomus gracilior,5
S218,Paratendipes albimanus,7
S218,Polypedilum pedestre,6
S218,Polypedilum decematoguttatum,3
S218,Polypedilum nubeculosum,2
S218,Tanytarsus kiseogi,12
S218,Tanytarsus tamagotoi,5
S218,Tanytarsus tamakutibasi,6
S218,Thienemanniella sp.,6
S218,Eukiefferiella sp.,8
S218,Hydrobaenus sp.,5
S218,Orthocladius sp.,7
S218,Propsilocerus akamusi,4
S218,Ablabesmyia monilis,5
S218,Conchapelopia sp.,5
S218,Procladius choreus,9
S218,Cladopelma virescens,8
S219,Anodonta woodiana,14
S219,Corbicula fluminea,6
S219,Rhyacodrilus coccineus,6
S219,Tubifex tubifex,6
S219,Limnodrilus hoffmeisteri,3
S219,Haplotaxis gordioides,3
S219,Chaetogaster diaphanus,6
S219,Opidonais sp.,9
S219,Haemonais waldvogeli,4
S219,Nais variabilis,6
S219,Stylaria fossularis,7
S219,Pristina biserrata,8
S219,Pristina longiseta,4
S219,Eisenia koreana,6
S219,Gnorimosphaeroma sp.,6
S219,Cyathura higoensis,2
S219,Gammarus sp.,6
S219,Baetis fuscatus,14
S219,Labiobaetis atrebatinus,10
S219,Procloeon maritimum,12
S219,Procloeon pennulatum,7
S219,Choroterpes altioculus,12
S219,Psychoda sp.,8
S219,Dixidae sp.,5
S219,Ceratopogonidae sp.,6
S219,Benthalia sp.,8
S219,Chironomus kiiensis,2
S219,Chironomus nipponensis,6
S219,Chironomus sp.,5
S219,Cladotanytarsus vanderwulpi,5
S219,Demicryptochironomus sp.,16
S219,Dicrotendipes nervosus,9
S219,Harnischia japonica,11
S219,Microchironomus tener,9
S219,Microtendipes sp.,7
S219,Nilothauma sp.,13
S219,Parachironomus gracilior,5
S219,Paratanytarsus sp.,10
S219,Paratendipes albimanus,9
S219,Polypedilum asakawaense,3
S219,Polypedilum pedestre,12
S219,Polypedilum decematoguttatum,5
S219,Polypedilum masudai,5
S219,Polypedilum nubeculosum,8
S219,Stictochironomus sinsauensis,4
S219,Stictochironomus sp.,6
S219,Tanytarsus kiseogi,6
S219,Tanytarsus takahashii,8
S219,Thienemanniella sp.,9
S219,Brillia japonica,2
S219,Corynoneura sp.,5
S219,Cricotopus sylvestris,3
S219,Cricotopus triannulatus,11
S219,Eukiefferiella sp.,7
S219,Hydrobaenus sp.,4
S219,Orthocladius glabripennis,5
S219,Propsilocerus akamusi,9
S219,Ablabesmyia monilis,10
S219,Ablabesmyia prorasha,7
S219,Procladius choreus,10
S219,Saetheria tylus,13
S219,Cladopelma virescens,5
S220,Anodonta woodiana,14
S220,Musculium lacustre,7
S220,Haplotaxis gordioides,10
S220,Chaetogaster diaphanus,4
S220,Chaetogaster limnaei,6
S220,Opidonais sp.,5
S220,Lumbriculus variegatus,7
S220,Lamprotus orientalis,4
S220,Helobdella stagnalis,7
S220,Cyprididae sp.,1
S220,Baetis fuscatus,7
S220,Labiobaetis atrebatinus,6
S220,Procloeon maritimum,7
S220,Choroterpes altioculus,6
S220,Rhoenanthus coreanus,11
S220,Caenis sp.,5
S220,Dixidae sp.,8
S220,Chironomus circumdatus,9
S220,Chironomus flaviplumus,7
S220,Cryptochironomus sp.,11
S220,Dicrotendipes nervosus,9
S220,Dicrotendipes sp.,2
S220,Glyptotendipes tokunagai,2
S220,Harnischia japonica,6
S220,Harnischia sp.,3
S220,Lipiniella moderata,6
S220,Microchironomus tener,7
S220,Microtendipes sp.,14
S220,Parachironomus gracilior,9
S220,Paratanytarsus sp.,7
S220,Paratendipes albimanus,7
S220,Paratendipes sp.,10
S220,Polypedilum pedestre,5
S220,Polypedilum sp.,10
S220,Stictochironomus sinsauensis,6
S220,Tanytarsus takahashii,8
S220,Tanytarsus tamagotoi,9
S220,Tanytarsus tamakutibasi,10
S220,Tanytarsus sp.,9
S220,Potthastia sp.,4
S220,Brillia japonica,4
S220,Orthocladius glabripennis,9
S220,Orthocladius sp.,8
S220,Rheocricotopus sp.,12
S220,Ablabesmyia prorasha,12
S220,Conchapelopia sp.,11
S220,Procladius choreus,6
S220,Saetheria tylus,11
S220,Chironomidae sp.,10
S221,Anodonta woodiana,3
S221,Haplotaxis gordioides,2
S221,Chaetogaster limnaei,7
S221,Opidonais sp.,9
S221,Amphichaeta asiatica,1
S221,Lamprotus orientalis,6
S221,Jesogammarus sp.,1
S221,Baetis fuscatus,6
S221,Procloeon maritimum,9
S221,Choroterpes altioculus,4
S221,Rhoenanthus coreanus,7
S221,Ephemera orientalis,6
S221,Chironomus circumdatus,5
S221,Cladotanytarsus vanderwulpi,5
S221,Cryptochironomus sp.,3
S221,Glyptotendipes tokunagai,1
S221,Polypedilum pedestre,6
S221,Stictochironomus sp.,1
S221,Tanytarsus kiseogi,4
S221,Tanytarsus tamakutibasi,6
S221,Tanytarsus sp.,4
S221,Cricotopus bimaculatus,7
S221,Eukiefferiella sp.,9
S221,Orthocladius glabripennis,2
S221,Orthocladius sp.,5
S221,Conchapelopia sp.,7
S221,Saetheria tylus,8
S221,Chironomidae sp.,5
S222,Anodonta woodiana,6
S222,Musculium lacustre,5
S222,Hediste sp.,3
S222,Branchiura sowerbyi,9
S222,Rhyacodrilus coccineus,10
S222,Tubifex tubifex,4
S222,Limnodrilus claparedeianus,8
S222,Limnodrilus hoffmeisteri,10
S222,Limnodrilus udekimineanus,4
S222,Haplotaxis gordioides,9
S222,Chaetogaster limnaei,7
S222,Opidonais sp.,12
S222,Amphichaeta asiatica,9
S222,Nais variabilis,10
S222,Nais communis,4
S222,Stylaria fossularis,6
S222,Pristina longiseta,12
S222,Lumbriculus variegatus,8
S222,Eisenia koreana,4
S222,Helobdella stagnalis,4
S222,Gnorimosphaeroma sp.,8
S222,Asellus sp.,6
S222,Cloeon dipterum,5
S222,Labiobaetis atrebatinus,5
S222,Choroterpes altioculus,6
S222,Potamanthus formosus,11
S222,Rhoenanthus coreanus,11
S222,Ephoron shigae,9
S222,Caenis sp.,5
S222,Psychoda sp.,3
S222,Ceratopogonidae sp.,7
S222,Benthalia sp.,7
S222,Chironomus flaviplumus,6
S222,Chironomus sp.,5
S222,Cladotanytarsus vanderwulpi,6
S222,Demicryptochironomus sp.,9
S222,Parachironomus arcuatus,3
S222,Paratanytarsus inopertus,2
S222,Paratanytarsus sp.,7
S222,Paratendipes albimanus,10
S222,Polypedilum pedestre,9
S222,Polypedilum decematoguttatum,3
S222,Polypedilum masudai,4
S222,Polypedilum nubeculosum,11
S222,Tanytarsus kiseogi,7
S222,Tanytarsus tamagotoi,11
S222,Tanytarsus sp.,12
S222,Corynoneura sp.,9
S222,Cricotopus bicinctus,9
S222,Cricotopus bimaculatus,8
S222,Cricotopus sylvestris,6
S222,Cricotopus triannulatus,5
S222,Cricotopus sp.,12
S222,Eukiefferiella sp.,10
S222,Hydrobaenus sp.,14
S222,Orthocladius sp.,13
S222,Conchapelopia sp.,7
S222,Hayesomyia tripunctata,2
S222,Procladius choreus,7
S222,Rheopelopia sp.,7
S222,Saetheria tylus,8
S222,Cladopelma edwardsi,3
S222,Chironomidae sp.,7
S223,Anodonta woodiana,12
S223,Musculium lacustre,7
S223,Branchiura sowerbyi,4
S223,Bothrioneurum vejdoskynum,10
S223,Rhyacodrilus coccineus,8
S223,Limnodrilus claparedeianus,4
S223,Opidonais sp.,15
S223,Amphichaeta asiatica,5
S223,Stylaria fossularis,7
S223,Pristina longiseta,7
S223,Henlea sp.,7
S223,Lumbriculus variegatus,12
S223,Lamprotus orientalis,11
S223,Helobdella stagnalis,9
S223,Gammarus sp.,8
S223,Collembola sp.,6
S223,Baetis fuscatus,12
S223,Cloeon dipterum,9
S223,Labiobaetis atrebatinus,5
S223,Procloeon maritimum,12
S223,Procloeon pennulatum,6
S223,Choroterpes altioculus,5
S223,Rhoenanthus coreanus,9
S223,Ephoron shigae,8
S223,Ephemera orientalis,9
S223,Caenis sp.,7
S223,Chironomus circumdatus,9
S223,Chironomus flaviplumus,8
S223,Chironomus kiiensis,3
S223,Chironomus nipponensis,4
S223,Chironomus edwardsi,4
S223,Chironomus sp.,8
S223,Cladotanytarsus vanderwulpi,5
S223,Cryptochironomus sp.,14
S223,Dicrotendipes nervosus,10
S223,Glyptotendipes tokunagai,7
S223,Lipiniella moderata,4
S223,Nilothauma sp.,10
S223,Paratendipes sp.,7
S223,Polypedilum nubifer,12
S223,Polypedilum cultellatum,8
S223,Polypedilum nubeculosum,7
S223,Polypedilum sp.,10
S223,Tanytarsus kiseogi,11
S223,Tanytarsus takahashii,6
S223,Tanytarsus tamakutibasi,7
S223,Potthastia sp.,6
S223,Thienemanniella sp.,9
S223,Brillia japonica,8
S223,Cricotopus bicinctus,3
S223,Cricotopus bimaculatus,9
S223,Cricotopus sylvestris,6
S223,Cricotopus triannulatus,4
S223,Hydrobaenus sp.,13
S223,Limnophyes tamakitanaides,3
S223,Orthocladius sp.,8
S223,Rheocricotopus sp.,7
S223,Ablabesmyia longistyla,1
S223,Procladius choreus,7
S223,Procladius nigriventris,2
S224,Anodonta woodiana,9
S224,Musculium lacustre,6
S224,Limnodrilus hoffmeisteri,14
S224,Limnodrilus udekimineanus,5
S224,Haplotaxis gordioides,5
S224,Chaetogaster diaphanus,7
S224,Chaetogaster limnaei,7
S224,Branchiodrilus hortensis,8
S224,Amphichaeta asiatica,11
S224,Haemonais waldvogeli,8
S224,Stylaria fossularis,17
S224,Pristina longiseta,5
S224,Mesenchytreanus sp.,5
S224,Helobdella stagnalis,9
S224,Gnorimosphaeroma sp.,6
S224,Asellus sp.,7
S224,Gammarus sp.,5
S224,Jesogammarus sp.,4
S224,Collembola sp.,11
S224,Baetis fuscatus,13
S224,Procloeon maritimum,9
S224,Potamanthus formosus,5
S224,Serratella setigera,8
S224,Psychoda sp.,9
S224,Dixidae sp.,8
S224,Ceratopogonidae sp.,9
S224,Chironomus nipponensis,12
S224,Chironomus sp.,8
S224,Cryptochironomus sp.,12
S224,Demicryptochironomus sp.,3
S224,Dicrotendipes nervosus,6
S224,Dicrotendipes septemmaculatus,4
S224,Glyptotendipes tokunagai,9
S224,Harnischiagumsanea,10
S224,Harnischia sp.,8
S224,Microchironomus sp.,8
S224,Microtendipes sp.,13
S224,Nilothauma sp.,8
S224,Parachironomus gracilior,11
S224,Parachironomus arcuatus,13
S224,Paratanytarsus inopertus,6
S224,Paratanytarsus grimmii,4
S224,Paratanytarsus sp.,8
S224,Paratendipes albimanus,12
S224,Paratendipes sp.,12
S224,Polypedilum asakawaense,6
S224,Polypedilum pedestre,10
S224,Polypedilum nubifer,6
S224,Polypedilum masudai,8
S224,Polypedilum nubeculosum,10
S224,Stictochironomus sinsauensis,8
S224,Tanytarsus kiseogi,11
S224,Tanytarsus tamagotoi,10
S224,Potthastia sp.,4
S224,Brillia japonica,3
S224,Cricotopus bimaculatus,13
S224,Cricotopus sylvestris,4
S224,Cricotopus triannulatus,6
S224,Cricotopus sp.,8
S224,Eukiefferiella sp.,6
S224,Hydrobaenus kondoi,7
S224,Hydrobaenus sp.,6
S224,Limnophyes tamakitanaides,15
S224,Paratrichocladius rufiventris,8
S224,Propsilocerus akamusi,8
S224,Ablabesmyia longistyla,16
S224,Ablabesmyia prorasha,9
S224,Ablabesmyia sp.,12
S224,Conchapelopia sp.,9
S224,Hayesomyia tripunctata,4
S224,Procladius choreus,7
S224,Procladius sp.,10
S224,Rheopelopia sp.,9
S224,Saetheria tylus,6
S224,Cladopelma virescens,7
S224,Chironomidae sp.,12
S224,Syrphidae sp.,9
S225,Rhyacodrilus coccineus,6
S225,Chaetogaster limnaei,9
S225,Lamprotus orientalis,3
S225,Procloeon maritimum,3
S225,Potamanthus formosus,3
S225,Rhoenanthus coreanus,4
S225,Chironomus kiiensis,2
S225,Polypedilum decematoguttatum,1
S225,Tanytarsus kiseogi,2
S225,Tanytarsus takahashii,1
S225,Tanytarsus tamagotoi,1
S225,Tanytarsus tamakutibasi,3
S225,Corynoneura sp.,3
S225,Cricotopus bicinctus,2
S225,Cricotopus bimaculatus,4
S225,Eukiefferiella sp.,7
S226,Anodonta woodiana,4
S226,Rhyacodrilus coccineus,8
S226,Limnodrilus claparedeianus,4
S226,Chaetogaster diaphanus,6
S226,Opidonais sp.,4
S226,Slavina appendiculata,1
S226,Lamprotus orientalis,3
S226,Erpobdella lineata,1
S226,Labiobaetis atrebatinus,4
S226,Choroterpes altioculus,2
S226,Potamanthus formosus,4
S226,Ephoron shigae,3
S226,Chironomus circumdatus,6
S226,Cryptochironomus sp.,5
S226,Lipiniella moderata,1
S226,Parachironomus arcuatus,1
S226,Paratendipes albimanus,3
S226,Paratendipes sp.,6
S226,Polypedilum pedestre,10
S226,Cricotopus bimaculatus,11
S226,Cricotopus sp.,1
S226,Rheocricotopus sp.,3
S226,Conchapelopia sp.,2
S226,Saetheria tylus,6
S226,Chironomidae sp.,11
S227,Rhyacodrilus coccineus,5
S227,Limnodrilus claparedeianus,2
S227,Haemonais waldvogeli,1
S227,Pristina longiseta,3
S227,Lamprotus orientalis,3
S227,Erpobdella lineata,2
S227,Potamanthus formosus,8
S227,Rhoenanthus coreanus,11
S227,Ephoron shigae,3
S227,Chironomus circumdatus,2
S227,Dicrotendipes nervosus,2
S227,Polypedilum pedestre,6
S227,Polypedilum cultellatum,1
S227,Stictochironomus sp.,1
S227,Tanytarsus kiseogi,3
S227,Tanytarsus takahashii,2
S227,Tanytarsus tamagotoi,1
S227,Tanytarsus tamakutibasi,2
S227,Brillia japonica,1
S227,Corynoneura sp.,8
S227,Cricotopus bimaculatus,7
S227,Cricotopus sp.,3
S227,Eukiefferiella sp.,7
S227,Hydrobaenus sp.,1
S227,Ablabesmyia prorasha,6
S227,Saetheria tylus,8
S227,Chironomidae sp.,3
S228,Corbicula fluminea,6
S228,Branchiura sowerbyi,5
S228,Pristina biserrata,13
S228,Lamprotus orientalis,5
S228,Procloeon maritimum,8
S228,Potamanthus formosus,7
S228,Rhoenanthus coreanus,11
S228,Ephoron shigae,9
S228,Ephemera orientalis,5
S228,Caenis sp.,5
S228,Chironomus circumdatus,7
S228,Cryptochironomus sp.,3
S228,Demicryptochironomus sp.,7
S228,Microchironomus tener,4
S228,Microtendipes sp.,1
S228,Paratendipes albimanus,3
S228,Polypedilum pedestre,4
S228,Polypedilum nubifer,6
S228,Tanytarsus tamakutibasi,3
S228,Thienemanniella sp.,6
S228,Brillia japonica,3
S228,Cricotopus bimaculatus,11
S228,Hydrobaenus sp.,6
S228,Orthocladius sp.,4
S228,Propsilocerus akamusi,2
S228,Rheocricotopus sp.,11
S228,Ablabesmyia prorasha,7
S228,Procladius sp.,1
S228,Saetheria tylus,7
S229,Anodonta woodiana,7
S229,Corbicula fluminea,11
S229,Branchiura sowerbyi,9
S229,Bothrioneurum vejdoskynum,13
S229,Rhyacodrilus coccineus,12
S229,Tubifex tubifex,13
S229,Limnodrilus hoffmeisteri,13
S229,Limnodrilus udekimineanus,11
S229,Haplotaxis gordioides,6
S229,Chaetogaster diaphanus,13
S229,Branchiodrilus hortensis,16
S229,Opidonais sp.,12
S229,Amphichaeta asiatica,7
S229,Haemonais waldvogeli,12
S229,Nais variabilis,12
S229,Pristina biserrata,9
S229,Pristina longiseta,7
S229,Lamprotus orientalis,8
S229,Eisenia koreana,7
S229,Erpobdella lineata,3
S229,Erpobdella sp.,5
S229,Gnorimosphaeroma sp.,9
S229,Cyathura higoensis,10
S229,Asellus sp.,14
S229,Gammarus sp.,8
S229,Jesogammarus sp.,11
S229,Monocorophium sp.,13
S229,Baetis fuscatus,10
S229,Cloeon dipterum,7
S229,Labiobaetis atrebatinus,9
S229,Procloeon maritimum,5
S229,Procloeon pennulatum,8
S229,Potamanthus formosus,12
S229,Rhoenanthus coreanus,8
S229,Ephemera orientalis,7
S229,Serratella setigera,10
S229,Caenis sp.,6
S229,Dixidae sp.,8
S229,Ceratopogonidae sp.,9
S229,Benthalia sp.,10
S229,Chironomus circumdatus,7
S229,Chironomus flaviplumus,9
S229,Chironomus kiiensis,10
S229,Chironomus edwardsi,4
S229,Cladotanytarsus vanderwulpi,10
S229,Dicrotendipes nervosus,13
S229,Harnischiagumsanea,5
S229,Microchironomus tener,8
S229,Microchironomus sp.,11
S229,Microtendipes sp.,11
S229,Nilothauma sp.,11
S229,Parachironomus gracilior,6
S229,Parachironomus arcuatus,10
S229,Paratanytarsus inopertus,9
S229,Paratanytarsus grimmii,11
S229,Paratanytarsus sp.,12
S229,Paratendipes sp.,11
S229,Polypedilum asakawaense,9
S229,Polypedilum pedestre,5
S229,Polypedilum decematoguttatum,14
S229,Polypedilum masudai,10
S229,Polypedilum cultellatum,11
S229,Polypedilum sp.,9
S229,Stictochironomus sp.,5
S229,Tanytarsus takahashii,3
S229,Tanytarsus tamagotoi,8
S229,Tanytarsus tamakutibasi,16
S229,Tanytarsus sp.,9
S229,Potthastia sp.,8
S229,Cricotopus bicinctus,7
S229,Cricotopus sylvestris,7
S229,Limnophyes tamakitanaides,13
S229,Paratrichocladius rufiventris,8
S229,Rheocricotopus sp.,12
S229,Ablabesmyia monilis,7
S229,Ablabesmyia prorasha,11
S229,Ablabesmyia sp.,6
S229,Rheopelopia sp.,13
S229,Saetheria tylus,10
S229,Cladopelma virescens,9
S229,Chironomidae sp.,15
S229,Syrphidae sp.,13
S230,Anodonta woodiana,6
S230,Musculium lacustre,3
S230,Branchiura sowerbyi,7
S230,Bothrioneurum vejdoskynum,6
S230,Rhyacodrilus coccineus,3
S230,Limnodrilus claparedeianus,5
S230,Chaetogaster limnaei,12
S230,Opidonais sp.,5
S230,Amphichaeta asiatica,5
S230,Stylaria fossularis,7
S230,Erpobdella lineata,9
S230,Gnorimosphaeroma sp.,5
S230,Collembola sp.,9
S230,Cloeon dipterum,7
S230,Choroterpes altioculus,8
S230,Potamanthus formosus,4
S230,Rhoenanthus coreanus,5
S230,Ephoron shigae,7
S230,Ephemera orientalis,9
S230,Serratella setigera,5
S230,Caenis sp.,5
S230,Dixidae sp.,4
S230,Chironomus circumdatus,12
S230,Chironomus flaviplumus,6
S230,Cladotanytarsus vanderwulpi,4
S230,Demicryptochironomus sp.,8
S230,Dicrotendipes nervosus,7
S230,Glyptotendipes tokunagai,3
S230,Lipiniella moderata,7
S230,Paratanytarsus inopertus,3
S230,Paratendipes albimanus,10
S230,Paratendipes sp.,13
S230,Polypedilum pedestre,9
S230,Polypedilum nubifer,9
S230,Polypedilum masudai,4
S230,Stictochironomus sp.,4
S230,Tanytarsus kiseogi,6
S230,Tanytarsus takahashii,13
S230,Tanytarsus tamakutibasi,9
S230,Tanytarsus sp.,5
S230,Potthastia sp.,6
S230,Thienemanniella sp.,5
S230,Cricotopus bicinctus,6
S230,Eukiefferiella sp.,14
S230,Hydrobaenus sp.,8
S230,Limnophyes tamakitanaides,3
S230,Orthocladius glabripennis,6
S230,Orthocladius sp.,6
S230,Paratrichocladius rufiventris,2
S230,Rheocricotopus sp.,5
S230,Ablabesmyia prorasha,10
S230,Hayesomyia tripunctata,1
S230,Rheopelopia sp.,7
S230,Saetheria tylus,12
S230,Chironomidae sp.,5
S231,Corbicula fluminea,11
S231,Bothrioneurum vejdoskynum,13
S231,Rhyacodrilus coccineus,5
S231,Limnodrilus claparedeianus,4
S231,Limnodrilus hoffmeisteri,8
S231,Haplotaxis gordioides,7
S231,Opidonais sp.,7
S231,Amphichaeta asiatica,9
S231,Haemonais waldvogeli,7
S231,Pristina biserrata,5
S231,Pristina longiseta,11
S231,Henlea sp.,5
S231,Lumbriculus variegatus,10
S231,Lamprotus orientalis,11
S231,Eisenia koreana,8
S231,Helobdella stagnalis,8
S231,Erpobdella sp.,2
S231,Gnorimosphaeroma sp.,7
S231,Asellus sp.,3
S231,Jesogammarus sp.,3
S231,Cloeon dipterum,8
S231,Procloeon maritimum,6
S231,Choroterpes altioculus,6
S231,Potamanthus formosus,7
S231,Rhoenanthus coreanus,4
S231,Ephoron shigae,12
S231,Psychoda sp.,6
S231,Dixidae sp.,11
S231,Ceratopogonidae sp.,4
S231,Chironomus circumdatus,9
S231,Chironomus flaviplumus,6
S231,Chironomus nipponensis,3
S231,Chironomus sp.,6
S231,Cladotanytarsus vanderwulpi,10
S231,Demicryptochironomus sp.,6
S231,Dicrotendipes nervosus,9
S231,Dicrotendipes septemmaculatus,7
S231,Dicrotendipes sp.,8
S231,Harnischia japonica,8
S231,Harnischia sp.,4
S231,Microchironomus tener,10
S231,Microchironomus sp.,7
S231,Parachironomus gracilior,6
S231,Parachironomus arcuatus,3
S231,Paratendipes albimanus,13
S231,Paratendipes sp.,7
S231,Polypedilum asakawaense,3
S231,Polypedilum pedestre,7
S231,Polypedilum decematoguttatum,5
S231,Polypedilum masudai,2
S231,Polypedilum nubeculosum,7
S231,Stictochironomus sinsauensis,7
S231,Tanytarsus sp.,7
S231,Potthastia sp.,1
S231,Brillia japonica,6
S231,Cricotopus bimaculatus,8
S231,Cricotopus sylvestris,7
S231,Cricotopus sp.,8
S231,Eukiefferiella sp.,12
S231,Hydrobaenus kondoi,7
S231,Paratrichocladius rufiventris,7
S231,Propsilocerus akamusi,6
S231,Ablabesmyia monilis,9
S231,Ablabesmyia sp.,5
S231,Conchapelopia sp.,8
S231,Procladius sp.,7
S231,Rheopelopia sp.,10
S231,Saetheria tylus,11
S231,Cladopelma virescens,5
S231,Chironomidae sp.,8
S232,Nais variabilis,3
S232,Pristina longiseta,3
S232,Cloeon dipterum,1
S232,Potamanthus formosus,4
S232,Rhoenanthus coreanus,1
S232,Ephoron shigae,1
S232,Parachironomus gracilior,3
S232,Chironomidae sp.,3
S232,Ephydridae sp.,2
S233,Anodonta woodiana,5
S233,Corbicula fluminea,9
S233,Bothrioneurum vejdoskynum,7
S233,Rhyacodrilus coccineus,8
S233,Limnodrilus claparedeianus,8
S233,Limnodrilus hoffmeisteri,11
S233,Chaetogaster limnaei,8
S233,Haemonais waldvogeli,8
S233,Stylaria fossularis,3
S233,Pristina biserrata,5
S233,Lamprotus orientalis,10
S233,Eisenia koreana,2
S233,Helobdella stagnalis,5
S233,Gammarus sp.,5
S233,Labiobaetis atrebatinus,6
S233,Procloeon pennulatum,6
S233,Choroterpes altioculus,10
S233,Rhoenanthus coreanus,13
S233,Caenis sp.,9
S233,Ceratopogonidae sp.,9
S233,Chironomus flaviplumus,8
S233,Chironomus nipponensis,6
S233,Cladotanytarsus vanderwulpi,12
S233,Glyptotendipes tokunagai,2
S233,Harnischia japonica,4
S233,Microchironomus tener,9
S233,Nilothauma sp.,5
S233,Parachironomus gracilior,9
S233,Parachironomus arcuatus,1
S233,Paratanytarsus sp.,5
S233,Paratendipes albimanus,4
S233,Polypedilum masudai,5
S233,Stictochironomus sp.,9
S233,Tanytarsus kiseogi,8
S233,Tanytarsus takahashii,11
S233,Tanytarsus tamagotoi,7
S233,Brillia japonica,3
S233,Cricotopus bicinctus,14
S233,Hydrobaenus kondoi,10
S233,Limnophyes tamakitanaides,5
S233,Orthocladius glabripennis,4
S233,Orthocladius sp.,7
S233,Ablabesmyia monilis,5
S233,Ablabesmyia prorasha,10
S233,Ablabesmyia sp.,6
S233,Conchapelopia sp.,5
S233,Procladius choreus,6
S233,Cladopelma virescens,10
S233,Chironomidae sp.,8
S234,Anodonta woodiana,6
S234,Corbicula fluminea,2
S234,Musculium lacustre,13
S234,Bothrioneurum vejdoskynum,5
S234,Tubifex tubifex,5
S234,Limnodrilus claparedeianus,8
S234,Limnodrilus hoffmeisteri,6
S234,Haplotaxis gordioides,5
S234,Chaetogaster diaphanus,12
S234,Branchiodrilus hortensis,13
S234,Opidonais sp.,7
S234,Amphichaeta asiatica,9
S234,Haemonais waldvogeli,10
S234,Nais variabilis,7
S234,Nais communis,10
S234,Slavina appendiculata,7
S234,Pristina biserrata,14
S234,Pristina longiseta,8
S234,Helobdella stagnalis,8
S234,Erpobdella lineata,7
S234,Cyathura higoensis,9
S234,Asellus sp.,14
S234,Gammarus sp.,10
S234,Collembola sp.,8
S234,Baetis fuscatus,10
S234,Labiobaetis atrebatinus,16
S234,Choroterpes altioculus,10
S234,Rhoenanthus coreanus,10
S234,Ephoron shigae,6
S234,Ephemera orientalis,8
S234,Serratella setigera,18
S234,Caenis sp.,12
S234,Psychoda sp.,7
S234,Ceratopogonidae sp.,10
S234,Benthalia sp.,12
S234,Chironomus flaviplumus,5
S234,Chironomus nipponensis,6
S234,Chironomus edwardsi,8
S234,Cryptochironomus sp.,12
S234,Dicrotendipes septemmaculatus,8
S234,Dicrotendipes sp.,13
S234,Harnischia japonica,11
S234,Harnischiagumsanea,9
S234,Harnischia sp.,8
S234,Lipiniella moderata,13
S234,Microchironomus tener,8
S234,Microchironomus sp.,7
S234,Microtendipes sp.,9
S234,Nilothauma sp.,5
S234,Parachironomus arcuatus,5
S234,Paratendipes albimanus,12
S234,Paratendipes sp.,10
S234,Polypedilum pedestre,11
S234,Polypedilum decematoguttatum,12
S234,Polypedilum masudai,6
S234,Polypedilum nubeculosum,13
S234,Stictochironomus sp.,10
S234,Tanytarsus kiseogi,9
S234,Tanytarsus takahashii,5
S234,Tanytarsus tamagotoi,8
S234,Tanytarsus tamakutibasi,7
S234,Tanytarsus formosanus,3
S234,Tanytarsus sp.,8
S234,Potthastia sp.,11
S234,Thienemanniella sp.,6
S234,Brillia japonica,6
S234,Corynoneura sp.,9
S234,Cricotopus bimaculatus,9
S234,Cricotopus triannulatus,9
S234,Cricotopus sp.,16
S234,Limnophyes tamakitanaides,5
S234,Orthocladius sp.,9
S234,Propsilocerus akamusi,9
S234,Rheocricotopus sp.,7
S234,Ablabesmyia longistyla,11
S234,Ablabesmyia monilis,13
S234,Ablabesmyia sp.,7
S234,Conchapelopia sp.,11
S234,Hayesomyia tripunctata,7
S234,Rheopelopia sp.,14
S234,Tanypus punctipennis,8
S234,Cladopelma edwardsi,9
S234,Chironomidae sp.,7
S234,Syrphidae sp.,9
S235,Corbicula fluminea,7
S235,Branchiura sowerbyi,2
S235,Limnodrilus claparedeianus,5
S235,Limnodrilus hoffmeisteri,6
S235,Chaetogaster diaphanus,9
S235,Chaetogaster limnaei,7
S235,Nais communis,1
S235,Pristina biserrata,9
S235,Pristina longiseta,7
S235,Lumbriculus variegatus,6
S235,Eisenia koreana,10
S235,Collembola sp.,6
S235,Labiobaetis atrebatinus,4
S235,Procloeon pennulatum,5
S235,Choroterpes altioculus,5
S235,Potamanthus formosus,9
S235,Rhoenanthus coreanus,10
S235,Ephemera orientalis,6
S235,Ceratopogonidae sp.,9
S235,Demicryptochironomus sp.,6
S235,Glyptotendipes tokunagai,1
S235,Harnischiagumsanea,1
S235,Lipiniella moderata,8
S235,Microchironomus tener,9
S235,Parachironomus gracilior,9
S235,Paratendipes albimanus,5
S235,Paratendipes sp.,10
S235,Polypedilum pedestre,7
S235,Polypedilum masudai,3
S235,Stictochironomus sinsauensis,3
S235,Tanytarsus takahashii,10
S235,Tanytarsus tamakutibasi,7
S235,Thienemanniella sp.,3
S235,Cricotopus bicinctus,6
S235,Cricotopus bimaculatus,11
S235,Eukiefferiella sp.,9
S235,Hydrobaenus kondoi,5
S235,Rheocricotopus sp.,11
S235,Conchapelopia sp.,6
S235,Procladius choreus,7
S235,Rheopelopia sp.,6
S235,Saetheria tylus,6
S235,Chironomidae sp.,4
S236,Bothrioneurum vejdoskynum,4
S236,Chaetogaster diaphanus,7
S236,Opidonais sp.,3
S236,Nais communis,1
S236,Pristina biserrata,5
S236,Pristina longiseta,8
S236,Lamprotus orientalis,5
S236,Gammarus sp.,1
S236,Procloeon maritimum,4
S236,Choroterpes altioculus,6
S236,Rhoenanthus coreanus,7
S236,Ephoron shigae,9
S236,Caenis sp.,2
S236,Ceratopogonidae sp.,1
S236,Benthalia sp.,4
S236,Chironomus circumdatus,10
S236,Demicryptochironomus sp.,6
S236,Microchironomus tener,1
S236,Parachironomus gracilior,10
S236,Paratendipes albimanus,6
S236,Polypedilum pedestre,7
S236,Polypedilum nubifer,9
S236,Polypedilum cultellatum,4
S236,Thienemanniella sp.,5
S236,Corynoneura sp.,7
S236,Cricotopus bicinctus,2
S236,Cricotopus bimaculatus,6
S236,Eukiefferiella sp.,12
S236,Procladius choreus,6
S236,Rheopelopia sp.,4
S236,Saetheria tylus,8
S236,Chironomidae sp.,3
S237,Corbicula fluminea,8
S237,Musculium lacustre,2
S237,Rhyacodrilus coccineus,9
S237,Limnodrilus claparedeianus,4
S237,Branchiodrilus hortensis,1
S237,Henlea sp.,1
S237,Lumbriculus variegatus,8
S237,Lamprotus orientalis,6
S237,Eisenia koreana,10
S237,Gnorimosphaeroma sp.,5
S237,Collembola sp.,4
S237,Choroterpes altioculus,10
S237,Rhoenanthus coreanus,10
S237,Ephemera orientalis,8
S237,Ceratopogonidae sp.,5
S237,Chironomus nipponensis,2
S237,Chironomus sp.,3
S237,Demicryptochironomus sp.,6
S237,Dicrotendipes nervosus,6
S237,Dicrotendipes septemmaculatus,1
S237,Microchironomus tener,5
S237,Paratanytarsus grimmii,1
S237,Paratendipes sp.,8
S237,Polypedilum nubeculosum,5
S237,Polypedilum sp.,4
S237,Stictochironomus sp.,7
S237,Tanytarsus kiseogi,18
S237,Tanytarsus takahashii,5
S237,Tanytarsus tamakutibasi,8
S237,Thienemanniella sp.,4
S237,Cricotopus bimaculatus,9
S237,Hydrobaenus kondoi,9
S237,Orthocladius sp.,7
S237,Rheocricotopus sp.,8
S237,Ablabesmyia monilis,2
S237,Ablabesmyia prorasha,6
S237,Conchapelopia sp.,2
S237,Procladius choreus,3
S237,Procladius sp.,3
S237,Cladopelma virescens,11
S237,Chironomidae sp.,8
S238,Anodonta woodiana,6
S238,Corbicula fluminea,9
S238,Musculium lacustre,10
S238,Hediste sp.,6
S238,Bothrioneurum vejdoskynum,7
S238,Rhyacodrilus coccineus,8
S238,Limnodrilus claparedeianus,11
S238,Limnodrilus hoffmeisteri,13
S238,Limnodrilus udekimineanus,9
S238,Haplotaxis gordioides,7
S238,Chaetogaster diaphanus,8
S238,Chaetogaster limnaei,11
S238,Branchiodrilus hortensis,12
S238,Amphichaeta asiatica,12
S238,Pristina biserrata,8
S238,Pristina longiseta,7
S238,Henlea sp.,3
S238,Mesenchytreanus sp.,2
S238,Lamprotus orientalis,13
S238,Eisenia koreana,5
S238,Erpobdella sp.,11
S238,Gnorimosphaeroma sp.,10
S238,Collembola sp.,11
S238,Cloeon dipterum,7
S238,Procloeon pennulatum,7
S238,Choroterpes altioculus,9
S238,Serratella setigera,5
S238,Caenis sp.,5
S238,Psychoda sp.,11
S238,Benthalia sp.,10
S238,Chironomus kiiensis,5
S238,Chironomus nipponensis,3
S238,Chironomus edwardsi,11
S238,Dicrotendipes septemmaculatus,10
S238,Glyptotendipes tokunagai,11
S238,Harnischia sp.,8
S238,Lipiniella moderata,11
S238,Microchironomus sp.,7
S238,Microtendipes sp.,18
S238,Nilothauma sp.,11
S238,Parachironomus gracilior,11
S238,Parachironomus arcuatus,5
S238,Paratanytarsus sp.,9
S238,Paratendipes sp.,10
S238,Polypedilum asakawaense,4
S238,Polypedilum pedestre,8
S238,Polypedilum nubifer,3
S238,Polypedilum decematoguttatum,7
S238,Polypedilum masudai,6
S238,Polypedilum cultellatum,6
S238,Polypedilum nubeculosum,11
S238,Polypedilum sp.,5
S238,Stictochironomus sp.,13
S238,Tanytarsus kiseogi,12
S238,Tanytarsus takahashii,8
S238,Tanytarsus tamakutibasi,11
S238,Tanytarsus formosanus,4
S238,Tanytarsus sp.,8
S238,Brillia japonica,5
S238,Corynoneura sp.,9
S238,Cricotopus bimaculatus,4
S238,Cricotopus sylvestris,7
S238,Cricotopus triannulatus,3
S238,Eukiefferiella sp.,10
S238,Orthocladius sp.,9
S238,Paratrichocladius rufiventris,16
S238,Rheocricotopus sp.,6
S238,Ablabesmyia prorasha,10
S238,Conchapelopia sp.,6
S238,Hayesomyia tripunctata,6
S238,Procladius choreus,6
S238,Rheopelopia sp.,5
S238,Tanypus punctipennis,6
S238,Saetheria tylus,13
S238,Cladopelma edwardsi,6
S238,Chironomidae sp.,7
S238,Syrphidae sp.,11
S239,Anodonta woodiana,6
S239,Corbicula fluminea,11
S239,Musculium lacustre,5
S239,Branchiura sowerbyi,9
S239,Bothrioneurum vejdoskynum,16
S239,Rhyacodrilus coccineus,9
S239,Limnodrilus hoffmeisteri,4
S239,Haplotaxis gordioides,10
S239,Chaetogaster limnaei,6
S239,Opidonais sp.,16
S239,Amphichaeta asiatica,3
S239,Nais communis,5
S239,Stylaria fossularis,8
S239,Pristina biserrata,5
S239,Pristina longiseta,5
S239,Henlea sp.,4
S239,Mesenchytreanus sp.,5
S239,Erpobdella lineata,5
S239,Erpobdella sp.,1
S239,Asellus sp.,6
S239,Gammarus sp.,9
S239,Jesogammarus sp.,2
S239,Collembola sp.,11
S239,Baetis fuscatus,11
S239,Cloeon dipterum,6
S239,Procloeon maritimum,5
S239,Procloeon pennulatum,10
S239,Choroterpes altioculus,7
S239,Rhoenanthus coreanus,6
S239,Serratella setigera,5
S239,Psychoda sp.,6
S239,Ceratopogonidae sp.,6
S239,Benthalia sp.,3
S239,Chironomus flaviplumus,9
S239,Chironomus kiiensis,1
S239,Chironomus nipponensis,5
S239,Dicrotendipes sp.,7
S239,Glyptotendipes tokunagai,5
S239,Microchironomus tener,8
S239,Microtendipes sp.,5
S239,Nilothauma sp.,6
S239,Parachironomus gracilior,5
S239,Parachironomus arcuatus,3
S239,Paratanytarsus grimmii,2
S239,Paratanytarsus sp.,8
S239,Paratendipes albimanus,8
S239,Polypedilum pedestre,8
S239,Polypedilum decematoguttatum,5
S239,Polypedilum masudai,12
S239,Polypedilum nubeculosum,9
S239,Polypedilum sp.,7
S239,Stictochironomus sinsauensis,15
S239,Tanytarsus kiseogi,6
S239,Tanytarsus takahashii,7
S239,Tanytarsus tamakutibasi,9
S239,Tanytarsus sp.,12
S239,Potthastia sp.,11
S239,Brillia japonica,6
S239,Cricotopus bimaculatus,11
S239,Eukiefferiella sp.,11
S239,Hydrobaenus kondoi,5
S239,Hydrobaenus sp.,14
S239,Limnophyes tamakitanaides,5
S239,Propsilocerus akamusi,11
S239,Rheocricotopus sp.,9
S239,Ablabesmyia monilis,7
S239,Ablabesmyia prorasha,7
S239,Ablabesmyia sp.,9
S239,Conchapelopia sp.,6
S239,Procladius choreus,11
S239,Procladius sp.,5
S239,Rheopelopia sp.,6
S239,Tanypus punctipennis,1
S239,Saetheria tylus,12
S239,Chironomidae sp.,9
S239,Syrphidae sp.,2
S240,Rhyacodrilus coccineus,10
S240,Chaetogaster limnaei,9
S240,Lamprotus orientalis,5
S240,Helobdella stagnalis,1
S240,Asellus sp.,1
S240,Gammarus sp.,1
S240,Baetis fuscatus,2
S240,Choroterpes altioculus,5
S240,Ephoron shigae,7
S240,Microchironomus tener,5
S240,Parachironomus gracilior,6
S240,Paratendipes albimanus,4
S240,Paratendipes sp.,8
S240,Polypedilum nubifer,6
S240,Tanytarsus kiseogi,6
S240,Tanytarsus sp.,2
S240,Eukiefferiella sp.,8
S240,Rheocricotopus sp.,7
S240,Saetheria tylus,5
S241,Musculium lacustre,5
S241,Limnodrilus claparedeianus,10
S241,Chaetogaster diaphanus,12
S241,Chaetogaster limnaei,5
S241,Opidonais sp.,8
S241,Amphichaeta asiatica,5
S241,Pristina biserrata,9
S241,Pristina longiseta,10
S241,Eisenia koreana,2
S241,Helobdella stagnalis,3
S241,Gammarus sp.,6
S241,Collembola sp.,3
S241,Procloeon maritimum,9
S241,Potamanthus formosus,1
S241,Rhoenanthus coreanus,7
S241,Psychoda sp.,7
S241,Chironomus flaviplumus,6
S241,Cladotanytarsus vanderwulpi,7
S241,Demicryptochironomus sp.,4
S241,Harnischia japonica,3
S241,Harnischia sp.,3
S241,Lipiniella moderata,2
S241,Nilothauma sp.,9
S241,Paratanytarsus sp.,2
S241,Paratendipes sp.,15
S241,Polypedilum sp.,5
S241,Stictochironomus sinsauensis,5
S241,Tanytarsus kiseogi,9
S241,Tanytarsus takahashii,10
S241,Tanytarsus tamagotoi,6
S241,Tanytarsus tamakutibasi,7
S241,Brillia japonica,6
S241,Cricotopus bicinctus,6
S241,Cricotopus bimaculatus,7
S241,Eukiefferiella sp.,10
S241,Limnophyes tamakitanaides,3
S241,Rheocricotopus sp.,9
S241,Ablabesmyia monilis,7
S241,Conchapelopia sp.,9
S241,Procladius sp.,5
S241,Saetheria tylus,11
S241,Cladopelma virescens,7
S242,Corbicula fluminea,12
S242,Musculium lacustre,5
S242,Rhyacodrilus coccineus,9
S242,Limnodrilus claparedeianus,8
S242,Chaetogaster diaphanus,6
S242,Chaetogaster limnaei,8
S242,Opidonais sp.,11
S242,Haemonais waldvogeli,3
S242,Nais communis,5
S242,Pristina biserrata,9
S242,Lumbriculus variegatus,9
S242,Lamprotus orientalis,7
S242,Helobdella stagnalis,5
S242,Gnorimosphaeroma sp.,9
S242,Labiobaetis atrebatinus,4
S242,Choroterpes altioculus,14
S242,Rhoenanthus coreanus,9
S242,Ephoron shigae,6
S242,Serratella setigera,3
S242,Psychoda sp.,5
S242,Benthalia sp.,7
S242,Chironomus circumdatus,5
S242,Chironomus nipponensis,8
S242,Chironomus sp.,6
S242,Cladotanytarsus vanderwulpi,9
S242,Harnischia japonica,4
S242,Harnischia sp.,5
S242,Lipiniella moderata,7
S242,Microchironomus tener,9
S242,Parachironomus gracilior,5
S242,Paratanytarsus sp.,7
S242,Polypedilum pedestre,4
S242,Polypedilum masudai,9
S242,Polypedilum nubeculosum,3
S242,Polypedilum sp.,5
S242,Stictochironomus sinsauensis,7
S242,Stictochironomus sp.,9
S242,Tanytarsus kiseogi,11
S242,Tanytarsus tamagotoi,11
S242,Tanytarsus tamakutibasi,6
S242,Tanytarsus sp.,4
S242,Potthastia sp.,7
S242,Corynoneura sp.,5
S242,Cricotopus bimaculatus,5
S242,Cricotopus sp.,9
S242,Eukiefferiella sp.,5
S242,Orthocladius sp.,13
S242,Propsilocerus akamusi,9
S242,Procladius choreus,12
S242,Rheopelopia sp.,13
S242,Tanypus punctipennis,2
S242,Saetheria tylus,11
S242,Cladopelma virescens,7
S242,Chironomidae sp.,9
S243,Corbicula fluminea,11
S243,Musculium lacustre,7
S243,Branchiura sowerbyi,8
S243,Bothrioneurum vejdoskynum,7
S243,Tubifex tubifex,7
S243,Limnodrilus hoffmeisteri,6
S243,Limnodrilus udekimineanus,10
S243,Chaetogaster limnaei,11
S243,Opidonais sp.,6
S243,Haemonais waldvogeli,10
S243,Nais variabilis,7
S243,Slavina appendiculata,10
S243,Stylaria fossularis,6
S243,Pristina biserrata,10
S243,Pristina longiseta,9
S243,Henlea sp.,11
S243,Mesenchytreanus sp.,5
S243,Lumbriculus variegatus,8
S243,Lamprotus orientalis,15
S243,Eisenia koreana,3
S243,Helobdella stagnalis,10
S243,Erpobdella sp.,5
S243,Cyathura higoensis,6
S243,Asellus sp.,5
S243,Gammarus sp.,13
S243,Jesogammarus sp.,9
S243,Monocorophium sp.,2
S243,Collembola sp.,6
S243,Choroterpes altioculus,7
S243,Rhoenanthus coreanus,12
S243,Ephoron shigae,5
S243,Caenis sp.,11
S243,Psychoda sp.,10
S243,Dixidae sp.,6
S243,Ceratopogonidae sp.,6
S243,Benthalia sp.,9
S243,Chironomus circumdatus,5
S243,Chironomus flaviplumus,7
S243,Chironomus nipponensis,13
S243,Chironomus sp.,6
S243,Cladotanytarsus vanderwulpi,4
S243,Cryptochironomus sp.,9
S243,Demicryptochironomus sp.,11
S243,Dicrotendipes nervosus,3
S243,Dicrotendipes sp.,5
S243,Harnischiagumsanea,9
S243,Lipiniella moderata,7
S243,Microchironomus tener,7
S243,Microchironomus sp.,7
S243,Microtendipes sp.,5
S243,Nilothauma sp.,5
S243,Parachironomus gracilior,11
S243,Parachironomus arcuatus,9
S243,Paratanytarsus grimmii,5
S243,Paratendipes albimanus,6
S243,Polypedilum nubifer,8
S243,Polypedilum masudai,8
S243,Polypedilum cultellatum,9
S243,Stictochironomus sinsauensis,5
S243,Tanytarsus takahashii,6
S243,Tanytarsus tamagotoi,6
S243,Tanytarsus tamakutibasi,8
S243,Tanytarsus formosanus,9
S243,Tanytarsus sp.,8
S243,Potthastia sp.,7
S243,Corynoneura sp.,10
S243,Cricotopus triannulatus,8
S243,Eukiefferiella sp.,11
S243,Orthocladius sp.,5
S243,Paratrichocladius rufiventris,10
S243,Propsilocerus akamusi,10
S243,Ablabesmyia monilis,11
S243,Ablabesmyia prorasha,3
S243,Procladius nigriventris,6
S243,Procladius sp.,13
S243,Tanypus punctipennis,10
S243,Cladopelma edwardsi,9
S243,Cladopelma virescens,11
S244,Musculium lacustre,1
S244,Rhyacodrilus coccineus,9
S244,Tubifex tubifex,2
S244,Limnodrilus claparedeianus,8
S244,Opidonais sp.,3
S244,Pristina longiseta,10
S244,Lumbriculus variegatus,5
S244,Baetis fuscatus,4
S244,Procloeon pennulatum,3
S244,Choroterpes altioculus,6
S244,Potamanthus formosus,7
S244,Ephoron shigae,8
S244,Chironomus circumdatus,3
S244,Demicryptochironomus sp.,6
S244,Harnischia sp.,1
S244,Paratendipes sp.,17
S244,Polypedilum sp.,1
S244,Stictochironomus sinsauensis,6
S244,Tanytarsus kiseogi,10
S244,Tanytarsus takahashii,10
S244,Thienemanniella sp.,6
S244,Cricotopus bimaculatus,6
S244,Eukiefferiella sp.,11
S244,Orthocladius sp.,8
S244,Procladius choreus,3
S244,Chironomidae sp.,4
S245,Anodonta woodiana,1
S245,Rhyacodrilus coccineus,3
S245,Limnodrilus claparedeianus,6
S245,Limnodrilus udekimineanus,3
S245,Chaetogaster limnaei,6
S245,Pristina biserrata,8
S245,Procloeon pennulatum,2
S245,Choroterpes altioculus,5
S245,Potamanthus formosus,8
S245,Rhoenanthus coreanus,7
S245,Chironomus circumdatus,8
S245,Chironomus nipponensis,2
S245,Parachironomus gracilior,5
S245,Tanytarsus tamakutibasi,3
S245,Thienemanniella sp.,3
S245,Cricotopus bimaculatus,8
S245,Ablabesmyia prorasha,3
S245,Saetheria tylus,7
S245,Chironomidae sp.,4
S246,Anodonta woodiana,5
S246,Branchiura sowerbyi,6
S246,Bothrioneurum vejdoskynum,4
S246,Tubifex tubifex,4
S246,Limnodrilus claparedeianus,6
S246,Limnodrilus hoffmeisteri,4
S246,Limnodrilus udekimineanus,4
S246,Chaetogaster diaphanus,3
S246,Chaetogaster limnaei,12
S246,Lumbriculus variegatus,5
S246,Procloeon maritimum,7
S246,Ephoron shigae,9
S246,Ephemera orientalis,10
S246,Demicryptochironomus sp.,7
S246,Microtendipes sp.,4
S246,Nilothauma sp.,3
S246,Paratendipes albimanus,3
S246,Paratendipes sp.,6
S246,Polypedilum asakawaense,2
S246,Polypedilum pedestre,7
S246,Polypedilum nubifer,6
S246,Stictochironomus sinsauensis,10
S246,Tanytarsus tamakutibasi,7
S246,Tanytarsus sp.,3
S246,Potthastia sp.,7
S246,Brillia japonica,1
S246,Cricotopus bicinctus,6
S246,Cricotopus bimaculatus,6
S246,Cricotopus triannulatus,3
S246,Cricotopus sp.,3
S246,Eukiefferiella sp.,8
S246,Hydrobaenus sp.,3
S246,Propsilocerus akamusi,4
S246,Ablabesmyia monilis,3
S246,Ablabesmyia prorasha,11
S246,Conchapelopia sp.,5
S246,Procladius choreus,4
S246,Procladius sp.,4
S246,Saetheria tylus,5
S246,Chironomidae sp.,8
S247,Anodonta woodiana,11
S247,Branchiura sowerbyi,5
S247,Tubifex tubifex,8
S247,Limnodrilus hoffmeisteri,13
S247,Haplotaxis gordioides,13
S247,Opidonais sp.,8
S247,Amphichaeta asiatica,4
S247,Nais variabilis,3
S247,Henlea sp.,6
S247,Mesenchytreanus sp.,4
S247,Lumbriculus variegatus,5
S247,Helobdella stagnalis,7
S247,Erpobdella lineata,6
S247,Cyprididae sp.,1
S247,Gammarus sp.,6
S247,Labiobaetis atrebatinus,9
S247,Procloeon maritimum,3
S247,Choroterpes altioculus,13
S247,Potamanthus formosus,7
S247,Ephemera orientalis,11
S247,Psychoda sp.,8
S247,Dixidae sp.,9
S247,Ceratopogonidae sp.,6
S247,Benthalia sp.,7
S247,Chironomus circumdatus,4
S247,Chironomus flaviplumus,9
S247,Chironomus edwardsi,5
S247,Chironomus sp.,6
S247,Cryptochironomus sp.,8
S247,Demicryptochironomus sp.,7
S247,Dicrotendipes sp.,6
S247,Harnischia japonica,5
S247,Microtendipes sp.,6
S247,Parachironomus gracilior,3
S247,Paratanytarsus sp.,8
S247,Polypedilum pedestre,11
S247,Polypedilum decematoguttatum,9
S247,Polypedilum cultellatum,6
S247,Tanytarsus kiseogi,14
S247,Tanytarsus tamagotoi,6
S247,Tanytarsus sp.,6
S247,Potthastia sp.,5
S247,Cricotopus bimaculatus,14
S247,Cricotopus triannulatus,8
S247,Cricotopus sp.,6
S247,Eukiefferiella sp.,8
S247,Hydrobaenus kondoi,10
S247,Hydrobaenus sp.,4
S247,Paratrichocladius rufiventris,4
S247,Rheocricotopus sp.,7
S247,Ablabesmyia prorasha,4
S247,Conchapelopia sp.,14
S247,Procladius choreus,12
S247,Procladius sp.,11
S247,Saetheria tylus,10
S247,Cladopelma edwardsi,4
S247,Cladopelma virescens,11
S247,Chironomidae sp.,12
S248,Anodonta woodiana,15
S248,Corbicula fluminea,6
S248,Musculium lacustre,7
S248,Hediste sp.,10
S248,Branchiura sowerbyi,13
S248,Bothrioneurum vejdoskynum,10
S248,Limnodrilus claparedeianus,15
S248,Limnodrilus hoffmeisteri,13
S248,Haplotaxis gordioides,4
S248,Chaetogaster diaphanus,9
S248,Chaetogaster limnaei,10
S248,Branchiodrilus hortensis,8
S248,Opidonais sp.,9
S248,Haemonais waldvogeli,12
S248,Nais variabilis,12
S248,Slavina appendiculata,7
S248,Stylaria fossularis,9
S248,Pristina biserrata,9
S248,Lamprotus orientalis,12
S248,Helobdella stagnalis,5
S248,Erpobdella lineata,3
S248,Erpobdella sp.,8
S248,Cyprididae sp.,14
S248,Cyathura higoensis,11
S248,Gammarus sp.,5
S248,Jesogammarus sp.,5
S248,Monocorophium sp.,7
S248,Baetis fuscatus,10
S248,Cloeon dipterum,4
S248,Labiobaetis atrebatinus,2
S248,Choroterpes altioculus,5
S248,Potamanthus formosus,8
S248,Rhoenanthus coreanus,5
S248,Ephoron shigae,8
S248,Ephemera orientalis,8
S248,Dixidae sp.,11
S248,Ceratopogonidae sp.,11
S248,Benthalia sp.,13
S248,Chironomus circumdatus,7
S248,Cladotanytarsus vanderwulpi,10
S248,Cryptochironomus sp.,8
S248,Demicryptochironomus sp.,9
S248,Dicrotendipes nervosus,8
S248,Dicrotendipes septemmaculatus,9
S248,Dicrotendipes sp.,5
S248,Glyptotendipes tokunagai,8
S248,Harnischia japonica,9
S248,Harnischiagumsanea,8
S248,Harnischia sp.,12
S248,Lipiniella moderata,9
S248,Microchironomus tener,9
S248,Microchironomus sp.,7
S248,Microtendipes sp.,6
S248,Nilothauma sp.,7
S248,Parachironomus gracilior,7
S248,Parachironomus arcuatus,8
S248,Paratanytarsus grimmii,9
S248,Paratanytarsus sp.,10
S248,Paratendipes albimanus,4
S248,Paratendipes sp.,12
S248,Polypedilum asakawaense,12
S248,Polypedilum pedestre,2
S248,Polypedilum nubifer,12
S248,Polypedilum decematoguttatum,10
S248,Polypedilum masudai,4
S248,Polypedilum nubeculosum,7
S248,Stictochironomus sinsauensis,15
S248,Stictochironomus sp.,13
S248,Tanytarsus takahashii,13
S248,Tanytarsus tamakutibasi,14
S248,Tanytarsus sp.,11
S248,Thienemanniella sp.,11
S248,Brillia japonica,9
S248,Corynoneura sp.,5
S248,Cricotopus bicinctus,11
S248,Cricotopus sylvestris,7
S248,Cricotopus triannulatus,9
S248,Cricotopus sp.,7
S248,Eukiefferiella sp.,10
S248,Hydrobaenus kondoi,10
S248,Hydrobaenus sp.,6
S248,Limnophyes tamakitanaides,8
S248,Paratrichocladius rufiventris,4
S248,Propsilocerus akamusi,5
S248,Rheocricotopus sp.,8
S248,Ablabesmyia prorasha,4
S248,Conchapelopia sp.,9
S248,Hayesomyia tripunctata,11
S248,Procladius nigriventris,8
S248,Rheopelopia sp.,6
S248,Tanypus punctipennis,10
S248,Saetheria tylus,4
S248,Cladopelma edwardsi,10
S248,Chironomidae sp.,7
S248,Syrphidae sp.,13
S249,Branchiura sowerbyi,2
S249,Bothrioneurum vejdoskynum,10
S249,Rhyacodrilus coccineus,9
S249,Limnodrilus claparedeianus,8
S249,Haplotaxis gordioides,7
S249,Chaetogaster diaphanus,10
S249,Amphichaeta asiatica,6
S249,Haemonais waldvogeli,4
S249,Nais variabilis,5
S249,Stylaria fossularis,12
S249,Mesenchytreanus sp.,4
S249,Lumbriculus variegatus,7
S249,Eisenia koreana,4
S249,Helobdella stagnalis,2
S249,Erpobdella lineata,7
S249,Cyprididae sp.,4
S249,Asellus sp.,1
S249,Collembola sp.,12
S249,Baetis fuscatus,9
S249,Labiobaetis atrebatinus,9
S249,Procloeon maritimum,10
S249,Procloeon pennulatum,8
S249,Choroterpes altioculus,10
S249,Rhoenanthus coreanus,7
S249,Ephoron shigae,14
S249,Ephemera orientalis,8
S249,Serratella setigera,4
S249,Caenis sp.,10
S249,Ceratopogonidae sp.,7
S249,Benthalia sp.,6
S249,Chironomus nipponensis,8
S249,Chironomus edwardsi,2
S249,Cryptochironomus sp.,9
S249,Demicryptochironomus sp.,4
S249,Dicrotendipes nervosus,14
S249,Dicrotendipes pelochloris,3
S249,Dicrotendipes sp.,3
S249,Glyptotendipes tokunagai,5
S249,Harnischia japonica,14
S249,Harnischia sp.,5
S249,Parachironomus gracilior,10
S249,Parachironomus arcuatus,2
S249,Paratanytarsus inopertus,6
S249,Paratanytarsus sp.,4
S249,Paratendipes albimanus,14
S249,Paratendipes sp.,6
S249,Polypedilum decematoguttatum,5
S249,Polypedilum cultellatum,7
S249,Polypedilum nubeculosum,4
S249,Stictochironomus sinsauensis,8
S249,Stictochironomus sp.,3
S249,Tanytarsus tamakutibasi,7
S249,Tanytarsus sp.,6
S249,Brillia japonica,7
S249,Cricotopus bimaculatus,6
S249,Cricotopus sylvestris,9
S249,Cricotopus triannulatus,13
S249,Hydrobaenus sp.,5
S249,Orthocladius glabripennis,7
S249,Propsilocerus akamusi,6
S249,Rheocricotopus sp.,7
S249,Ablabesmyia prorasha,6
S249,Ablabesmyia sp.,5
S249,Conchapelopia sp.,7
S249,Procladius choreus,2
S249,Procladius nigriventris,1
S249,Saetheria tylus,3
S249,Cladopelma edwardsi,6
S249,Cladopelma virescens,4
S249,Chironomidae sp.,7
S249,Ecnomus sp.,1
S250,Corbicula fluminea,8
S250,Limnodrilus claparedeianus,13
S250,Chaetogaster limnaei,11
S250,Opidonais sp.,6
S250,Stylaria fossularis,4
S250,Pristina biserrata,8
S250,Pristina longiseta,12
S250,Henlea sp.,1
S250,Lamprotus orientalis,4
S250,Erpobdella lineata,7
S250,Collembola sp.,4
S250,Chironomus nipponensis,4
S250,Demicryptochironomus sp.,6
S250,Microchironomus tener,3
S250,Nilothauma sp.,2
S250,Parachironomus gracilior,7
S250,Polypedilum pedestre,7
S250,Tanytarsus tamagotoi,6
S250,Tanytarsus tamakutibasi,7
S250,Tanytarsus sp.,2
S250,Thienemanniella sp.,4
S250,Cricotopus bimaculatus,8
S250,Ablabesmyia prorasha,7
S250,Ablabesmyia sp.,8
S250,Saetheria tylus,12
S250,Cladopelma virescens,4
S251,Musculium lacustre,4
S251,Branchiura sowerbyi,2
S251,Bothrioneurum vejdoskynum,6
S251,Tubifex tubifex,3
S251,Limnodrilus claparedeianus,3
S251,Opidonais sp.,9
S251,Amphichaeta asiatica,6
S251,Henlea sp.,2
S251,Lamprotus orientalis,7
S251,Helobdella stagnalis,7
S251,Erpobdella lineata,2
S251,Gnorimosphaeroma sp.,3
S251,Baetis fuscatus,7
S251,Labiobaetis atrebatinus,5
S251,Procloeon pennulatum,6
S251,Choroterpes altioculus,8
S251,Rhoenanthus coreanus,8
S251,Ephoron shigae,10
S251,Psychoda sp.,7
S251,Dixidae sp.,8
S251,Benthalia sp.,8
S251,Chironomus circumdatus,16
S251,Chironomus flaviplumus,2
S251,Microchironomus tener,8
S251,Microtendipes sp.,2
S251,Nilothauma sp.,6
S251,Parachironomus gracilior,5
S251,Polypedilum pedestre,7
S251,Polypedilum masudai,4
S251,Polypedilum cultellatum,2
S251,Polypedilum nubeculosum,2
S251,Tanytarsus kiseogi,4
S251,Tanytarsus tamakutibasi,6
S251,Thienemanniella sp.,5
S251,Brillia japonica,5
S251,Cricotopus bimaculatus,6
S251,Eukiefferiella sp.,5
S251,Hydrobaenus sp.,8
S251,Orthocladius glabripennis,2
S251,Orthocladius sp.,10
S251,Propsilocerus akamusi,4
S251,Rheocricotopus sp.,12
S251,Procladius choreus,3
S251,Rheopelopia sp.,8
S251,Saetheria tylus,12
S251,Cladopelma virescens,2
S252,Corbicula fluminea,8
S252,Musculium lacustre,8
S252,Hediste sp.,4
S252,Branchiura sowerbyi,4
S252,Bothrioneurum vejdoskynum,8
S252,Tubifex tubifex,6
S252,Haplotaxis gordioides,7
S252,Chaetogaster diaphanus,7
S252,Chaetogaster limnaei,11
S252,Branchiodrilus hortensis,8
S252,Opidonais sp.,10
S252,Nais variabilis,3
S252,Pristina biserrata,4
S252,Henlea sp.,5
S252,Lumbriculus variegatus,12
S252,Erpobdella lineata,5
S252,Gnorimosphaeroma sp.,2
S252,Cyathura higoensis,4
S252,Cloeon dipterum,3
S252,Labiobaetis atrebatinus,7
S252,Procloeon maritimum,10
S252,Choroterpes altioculus,7
S252,Rhoenanthus coreanus,9
S252,Ephoron shigae,7
S252,Caenis sp.,7
S252,Benthalia sp.,6
S252,Chironomus circumdatus,7
S252,Cryptochironomus sp.,11
S252,Demicryptochironomus sp.,6
S252,Dicrotendipes nervosus,6
S252,Lipiniella moderata,12
S252,Microtendipes sp.,10
S252,Nilothauma sp.,5
S252,Parachironomus gracilior,11
S252,Paratanytarsus sp.,5
S252,Paratendipes albimanus,9
S252,Paratendipes sp.,11
S252,Polypedilum pedestre,10
S252,Polypedilum decematoguttatum,3
S252,Polypedilum sp.,4
S252,Stictochironomus sinsauensis,3
S252,Tanytarsus takahashii,4
S252,Tanytarsus tamakutibasi,7
S252,Tanytarsus sp.,8
S252,Corynoneura sp.,8
S252,Cricotopus bimaculatus,11
S252,Eukiefferiella sp.,15
S252,Limnophyes tamakitanaides,1
S252,Paratrichocladius rufiventris,6
S252,Propsilocerus akamusi,8
S252,Rheocricotopus sp.,7
S252,Conchapelopia sp.,4
S252,Procladius choreus,7
S252,Cladopelma edwardsi,1
S252,Syrphidae sp.,3
S253,Anodonta woodiana,6
S253,Corbicula fluminea,10
S253,Musculium lacustre,3
S253,Branchiura sowerbyi,5
S253,Rhyacodrilus coccineus,3
S253,Tubifex tubifex,3
S253,Limnodrilus claparedeianus,7
S253,Haplotaxis gordioides,10
S253,Chaetogaster diaphanus,7
S253,Amphichaeta asiatica,6
S253,Stylaria fossularis,11
S253,Pristina biserrata,6
S253,Pristina longiseta,15
S253,Gnorimosphaeroma sp.,8
S253,Collembola sp.,10
S253,Procloeon maritimum,9
S253,Procloeon pennulatum,9
S253,Choroterpes altioculus,6
S253,Potamanthus formosus,7
S253,Rhoenanthus coreanus,4
S253,Ephoron shigae,12
S253,Caenis sp.,6
S253,Psychoda sp.,10
S253,Benthalia sp.,6
S253,Cryptochironomus sp.,7
S253,Demicryptochironomus sp.,8
S253,Harnischia japonica,5
S253,Paratanytarsus inopertus,3
S253,Paratendipes sp.,5
S253,Polypedilum nubifer,6
S253,Polypedilum decematoguttatum,10
S253,Polypedilum masudai,9
S253,Stictochironomus sinsauensis,8
S253,Tanytarsus kiseogi,8
S253,Tanytarsus formosanus,4
S253,Tanytarsus sp.,8
S253,Thienemanniella sp.,6
S253,Cricotopus bimaculatus,9
S253,Cricotopus sylvestris,8
S253,Cricotopus sp.,5
S253,Eukiefferiella sp.,11
S253,Hydrobaenus sp.,6
S253,Orthocladius glabripennis,3
S253,Paratrichocladius rufiventris,6
S253,Propsilocerus akamusi,3
S253,Rheocricotopus sp.,6
S253,Ablabesmyia longistyla,2
S253,Rheopelopia sp.,3
S253,Saetheria tylus,9
S253,Cladopelma virescens,8
S254,Anodonta woodiana,6
S254,Musculium lacustre,8
S254,Hediste sp.,8
S254,Branchiura sowerbyi,8
S254,Bothrioneurum vejdoskynum,7
S254,Rhyacodrilus coccineus,5
S254,Tubifex tubifex,8
S254,Limnodrilus claparedeianus,9
S254,Limnodrilus hoffmeisteri,9
S254,Chaetogaster limnaei,11
S254,Amphichaeta asiatica,12
S254,Haemonais waldvogeli,11
S254,Slavina appendiculata,5
S254,Stylaria fossularis,7
S254,Pristina longiseta,17
S254,Henlea sp.,10
S254,Mesenchytreanus sp.,9
S254,Lamprotus orientalis,9
S254,Eisenia koreana,4
S254,Helobdella stagnalis,4
S254,Erpobdella lineata,5
S254,Asellus sp.,12
S254,Gammarus sp.,5
S254,Jesogammarus sp.,4
S254,Monocorophium sp.,3
S254,Collembola sp.,11
S254,Baetis fuscatus,7
S254,Labiobaetis atrebatinus,14
S254,Procloeon maritimum,13
S254,Choroterpes altioculus,12
S254,Rhoenanthus coreanus,15
S254,Ephoron shigae,14
S254,Ephemera orientalis,6
S254,Ceratopogonidae sp.,12
S254,Benthalia sp.,5
S254,Chironomus circumdatus,5
S254,Chironomus nipponensis,10
S254,Chironomus sp.,7
S254,Cladotanytarsus vanderwulpi,11
S254,Cryptochironomus sp.,6
S254,Demicryptochironomus sp.,9
S254,Dicrotendipes nervosus,7
S254,Dicrotendipes sp.,8
S254,Glyptotendipes tokunagai,7
S254,Harnischiagumsanea,9
S254,Harnischia sp.,10
S254,Lipiniella moderata,10
S254,Microchironomus tener,12
S254,Microtendipes sp.,6
S254,Nilothauma sp.,7
S254,Paratanytarsus inopertus,5
S254,Paratanytarsus sp.,9
S254,Paratendipes albimanus,7
S254,Polypedilum nubifer,4
S254,Polypedilum decematoguttatum,7
S254,Polypedilum masudai,9
S254,Polypedilum nubeculosum,4
S254,Polypedilum sp.,7
S254,Stictochironomus sinsauensis,4
S254,Tanytarsus takahashii,4
S254,Tanytarsus tamagotoi,14
S254,Tanytarsus tamakutibasi,5
S254,Corynoneura sp.,7
S254,Cricotopus bimaculatus,9
S254,Cricotopus sylvestris,5
S254,Cricotopus sp.,10
S254,Hydrobaenus kondoi,9
S254,Limnophyes tamakitanaides,2
S254,Orthocladius glabripennis,10
S254,Orthocladius sp.,10
S254,Paratrichocladius rufiventris,14
S254,Propsilocerus akamusi,10
S254,Ablabesmyia prorasha,6
S254,Ablabesmyia sp.,7
S254,Conchapelopia sp.,6
S254,Hayesomyia tripunctata,5
S254,Procladius choreus,12
S254,Rheopelopia sp.,7
S254,Saetheria tylus,9
S254,Cladopelma edwardsi,10
S254,Cladopelma virescens,13
S254,Chironomidae sp.,4
S254,Syrphidae sp.,8
S254,Ecnomus sp.,3
S255,Corbicula fluminea,2
S255,Procloeon maritimum,7
S255,Rhoenanthus coreanus,2
S255,Ephoron shigae,5
S255,Cryptochironomus sp.,4
S255,Paratendipes albimanus,4
S255,Polypedilum pedestre,5
S255,Polypedilum nubeculosum,1
S255,Thienemanniella sp.,4
S255,Ablabesmyia sp.,2
S255,Conchapelopia sp.,1
S256,Anodonta woodiana,3
S256,Rhyacodrilus coccineus,8
S256,Limnodrilus claparedeianus,12
S256,Limnodrilus hoffmeisteri,5
S256,Chaetogaster diaphanus,7
S256,Opidonais sp.,6
S256,Pristina biserrata,12
S256,Pristina longiseta,5
S256,Lamprotus orientalis,2
S256,Choroterpes altioculus,7
S256,Rhoenanthus coreanus,10
S256,Ephoron shigae,7
S256,Ephemera orientalis,7
S256,Benthalia sp.,5
S256,Chironomus circumdatus,6
S256,Demicryptochironomus sp.,6
S256,Microtendipes sp.,2
S256,Parachironomus gracilior,5
S256,Paratendipes albimanus,4
S256,Paratendipes sp.,5
S256,Polypedilum nubifer,11
S256,Polypedilum decematoguttatum,6
S256,Tanytarsus takahashii,2
S256,Cricotopus bimaculatus,10
S256,Cricotopus triannulatus,4
S256,Hydrobaenus sp.,7
S256,Rheocricotopus sp.,9
S256,Ablabesmyia prorasha,3
S256,Procladius nigriventris,1
S256,Saetheria tylus,9
S256,Chironomidae sp.,6
S256,Ecnomus sp.,4
S257,Corbicula fluminea,6
S257,Rhyacodrilus coccineus,6
S257,Limnodrilus claparedeianus,10
S257,Opidonais sp.,8
S257,Stylaria fossularis,1
S257,Pristina biserrata,7
S257,Mesenchytreanus sp.,1
S257,Eisenia koreana,1
S257,Erpobdella lineata,1
S257,Procloeon maritimum,12
S257,Choroterpes altioculus,9
S257,Potamanthus formosus,10
S257,Rhoenanthus coreanus,7
S257,Ephoron shigae,5
S257,Ephemera orientalis,5
S257,Chironomus circumdatus,12
S257,Chironomus flaviplumus,3
S257,Chironomus edwardsi,1
S257,Demicryptochironomus sp.,7
S257,Paratendipes sp.,10
S257,Polypedilum pedestre,6
S257,Polypedilum nubeculosum,2
S257,Tanytarsus kiseogi,10
S257,Tanytarsus takahashii,3
S257,Tanytarsus tamakutibasi,5
S257,Eukiefferiella sp.,9
S257,Paratrichocladius rufiventris,2
S257,Rheocricotopus sp.,8
S257,Ablabesmyia monilis,3
S257,Ablabesmyia prorasha,3
S257,Saetheria tylus,4
S257,Chironomidae sp.,4
S258,Corbicula fluminea,8
S258,Musculium lacustre,11
S258,Hediste sp.,8
S258,Branchiura sowerbyi,7
S258,Rhyacodrilus coccineus,5
S258,Tubifex tubifex,7
S258,Branchiodrilus hortensis,6
S258,Opidonais sp.,4
S258,Amphichaeta asiatica,10
S258,Haemonais waldvogeli,7
S258,Nais communis,8
S258,Stylaria fossularis,6
S258,Pristina longiseta,7
S258,Henlea sp.,6
S258,Mesenchytreanus sp.,12
S258,Lumbriculus variegatus,9
S258,Lamprotus orientalis,11
S258,Eisenia koreana,9
S258,Helobdella stagnalis,8
S258,Erpobdella lineata,10
S258,Gnorimosphaeroma sp.,5
S258,Cyathura higoensis,6
S258,Asellus sp.,14
S258,Gammarus sp.,4
S258,Jesogammarus sp.,5
S258,Collembola sp.,6
S258,Baetis fuscatus,10
S258,Cloeon dipterum,12
S258,Labiobaetis atrebatinus,11
S258,Procloeon maritimum,11
S258,Procloeon pennulatum,7
S258,Choroterpes altioculus,3
S258,Rhoenanthus coreanus,9
S258,Ephemera orientalis,12
S258,Serratella setigera,5
S258,Ceratopogonidae sp.,5
S258,Benthalia sp.,12
S258,Chironomus circumdatus,13
S258,Chironomus flaviplumus,15
S258,Chironomus nipponensis,7
S258,Chironomus sp.,8
S258,Cladotanytarsus vanderwulpi,6
S258,Dicrotendipes pelochloris,3
S258,Dicrotendipes septemmaculatus,3
S258,Harnischia japonica,8
S258,Harnischiagumsanea,9
S258,Harnischia sp.,2
S258,Lipiniella moderata,5
S258,Microchironomus tener,2
S258,Microtendipes sp.,15
S258,Parachironomus gracilior,5
S258,Paratanytarsus inopertus,7
S258,Paratendipes albimanus,13
S258,Polypedilum asakawaense,9
S258,Polypedilum pedestre,12
S258,Polypedilum nubifer,5
S258,Polypedilum decematoguttatum,8
S258,Polypedilum masudai,10
S258,Polypedilum cultellatum,7
S258,Polypedilum sp.,17
S258,Stictochironomus sinsauensis,11
S258,Stictochironomus sp.,11
S258,Tanytarsus tamagotoi,10
S258,Tanytarsus tamakutibasi,8
S258,Thienemanniella sp.,10
S258,Brillia japonica,8
S258,Corynoneura sp.,9
S258,Cricotopus bicinctus,14
S258,Cricotopus triannulatus,7
S258,Cricotopus sp.,13
S258,Eukiefferiella sp.,13
S258,Hydrobaenus kondoi,17
S258,Hydrobaenus sp.,11
S258,Orthocladius glabripennis,8
S258,Orthocladius sp.,6
S258,Paratrichocladius rufiventris,12
S258,Propsilocerus akamusi,10
S258,Ablabesmyia monilis,9
S258,Ablabesmyia prorasha,7
S258,Ablabesmyia sp.,4
S258,Procladius choreus,5
S258,Procladius nigriventris,4
S258,Procladius sp.,4
S258,Rheopelopia sp.,10
S258,Saetheria tylus,11
S258,Chironomidae sp.,4
S258,Ephydridae sp.,8
S259,Corbicula fluminea,4
S259,Musculium lacustre,10
S259,Rhyacodrilus coccineus,5
S259,Limnodrilus claparedeianus,4
S259,Limnodrilus udekimineanus,4
S259,Amphichaeta asiatica,6
S259,Pristina biserrata,10
S259,Eisenia koreana,10
S259,Cyprididae sp.,3
S259,Gnorimosphaeroma sp.,12
S259,Cyathura higoensis,5
S259,Cloeon dipterum,13
S259,Labiobaetis atrebatinus,11
S259,Procloeon pennulatum,11
S259,Choroterpes altioculus,7
S259,Rhoenanthus coreanus,9
S259,Ephemera orientalis,6
S259,Serratella setigera,4
S259,Caenis sp.,11
S259,Psychoda sp.,6
S259,Benthalia sp.,5
S259,Chironomus circumdatus,10
S259,Chironomus edwardsi,5
S259,Cryptochironomus sp.,9
S259,Glyptotendipes tokunagai,10
S259,Harnischia japonica,9
S259,Harnischia sp.,2
S259,Lipiniella moderata,7
S259,Parachironomus gracilior,7
S259,Parachironomus arcuatus,4
S259,Paratanytarsus sp.,10
S259,Paratendipes albimanus,11
S259,Polypedilum pedestre,5
S259,Polypedilum masudai,8
S259,Polypedilum nubeculosum,9
S259,Polypedilum sp.,5
S259,Stictochironomus sinsauensis,14
S259,Tanytarsus takahashii,12
S259,Tanytarsus tamagotoi,17
S259,Potthastia sp.,5
S259,Cricotopus bicinctus,9
S259,Cricotopus triannulatus,14
S259,Cricotopus sp.,3
S259,Orthocladius sp.,8
S259,Paratrichocladius rufiventris,10
S259,Propsilocerus akamusi,8
S259,Ablabesmyia longistyla,1
S259,Ablabesmyia monilis,5
S259,Cladopelma virescens,12
S259,Chironomidae sp.,10
S260,Corbicula fluminea,3
S260,Chaetogaster limnaei,12
S260,Lamprotus orientalis,2
S260,Procloeon maritimum,8
S260,Procloeon pennulatum,1
S260,Choroterpes altioculus,4
S260,Potamanthus formosus,5
S260,Rhoenanthus coreanus,7
S260,Ephoron shigae,10
S260,Serratella setigera,1
S260,Caenis sp.,4
S260,Chironomus circumdatus,7
S260,Demicryptochironomus sp.,4
S260,Glyptotendipes tokunagai,2
S260,Parachironomus gracilior,6
S260,Parachironomus arcuatus,1
S260,Polypedilum masudai,3
S260,Polypedilum nubeculosum,3
S260,Tanytarsus kiseogi,13
S260,Tanytarsus takahashii,6
S260,Tanytarsus sp.,1
S260,Thienemanniella sp.,9
S260,Cricotopus triannulatus,8
S260,Eukiefferiella sp.,8
S260,Ablabesmyia prorasha,7
S260,Procladius sp.,2
S260,Saetheria tylus,7
S261,Anodonta woodiana,16
S261,Corbicula fluminea,3
S261,Musculium lacustre,5
S261,Hediste sp.,5
S261,Branchiura sowerbyi,7
S261,Bothrioneurum vejdoskynum,5
S261,Rhyacodrilus coccineus,13
S261,Tubifex tubifex,8
S261,Limnodrilus hoffmeisteri,13
S261,Haplotaxis gordioides,5
S261,Chaetogaster limnaei,8
S261,Branchiodrilus hortensis,7
S261,Opidonais sp.,10
S261,Amphichaeta asiatica,9
S261,Haemonais waldvogeli,11
S261,Nais variabilis,7
S261,Stylaria fossularis,10
S261,Pristina biserrata,8
S261,Henlea sp.,9
S261,Lumbriculus variegatus,8
S261,Lamprotus orientalis,10
S261,Eisenia koreana,7
S261,Helobdella stagnalis,8
S261,Erpobdella sp.,6
S261,Cyprididae sp.,9
S261,Gnorimosphaeroma sp.,7
S261,Cyathura higoensis,4
S261,Asellus sp.,5
S261,Gammarus sp.,6
S261,Collembola sp.,11
S261,Baetis fuscatus,11
S261,Cloeon dipterum,10
S261,Procloeon maritimum,12
S261,Procloeon pennulatum,11
S261,Choroterpes altioculus,12
S261,Ephoron shigae,8
S261,Caenis sp.,7
S261,Psychoda sp.,7
S261,Dixidae sp.,13
S261,Ceratopogonidae sp.,5
S261,Benthalia sp.,8
S261,Chironomus circumdatus,13
S261,Chironomus flaviplumus,7
S261,Chironomus kiiensis,6
S261,Chironomus nipponensis,7
S261,Cryptochironomus sp.,5
S261,Demicryptochironomus sp.,5
S261,Dicrotendipes nervosus,12
S261,Dicrotendipes pelochloris,6
S261,Dicrotendipes septemmaculatus,10
S261,Microchironomus tener,11
S261,Microtendipes sp.,9
S261,Nilothauma sp.,4
S261,Parachironomus gracilior,8
S261,Parachironomus arcuatus,10
S261,Paratanytarsus inopertus,8
S261,Paratanytarsus grimmii,10
S261,Paratendipes albimanus,13
S261,Paratendipes sp.,12
S261,Polypedilum asakawaense,7
S261,Polypedilum pedestre,8
S261,Polypedilum nubifer,12
S261,Polypedilum decematoguttatum,10
S261,Polypedilum masudai,10
S261,Polypedilum nubeculosum,6
S261,Polypedilum sp.,10
S261,Stictochironomus sp.,3
S261,Tanytarsus kiseogi,4
S261,Tanytarsus takahashii,11
S261,Tanytarsus tamagotoi,4
S261,Tanytarsus formosanus,5
S261,Potthastia sp.,9
S261,Brillia japonica,9
S261,Corynoneura sp.,13
S261,Cricotopus bicinctus,6
S261,Cricotopus bimaculatus,5
S261,Cricotopus triannulatus,12
S261,Cricotopus sp.,10
S261,Eukiefferiella sp.,9
S261,Hydrobaenus kondoi,9
S261,Limnophyes tamakitanaides,9
S261,Orthocladius glabripennis,10
S261,Orthocladius sp.,8
S261,Paratrichocladius rufiventris,13
S261,Propsilocerus akamusi,9
S261,Rheocricotopus sp.,9
S261,Ablabesmyia monilis,7
S261,Rheopelopia sp.,9
S261,Saetheria tylus,14
S261,Cladopelma virescens,10
S261,Ecnomus sp.,10
S262,Rhyacodrilus coccineus,7
S262,Limnodrilus claparedeianus,5
S262,Chaetogaster limnaei,7
S262,Pristina biserrata,7
S262,Pristina longiseta,2
S262,Lamprotus orientalis,8
S262,Cyathura higoensis,1
S262,Procloeon maritimum,13
S262,Potamanthus formosus,6
S262,Cryptochironomus sp.,7
S262,Dicrotendipes nervosus,3
S262,Microchironomus tener,5
S262,Paratanytarsus sp.,3
S262,Paratendipes sp.,7
S262,Tanytarsus kiseogi,3
S262,Tanytarsus takahashii,9
S262,Cricotopus bimaculatus,15
S262,Cricotopus sp.,1
S262,Eukiefferiella sp.,5
S262,Hydrobaenus kondoi,1
S262,Limnophyes tamakitanaides,1
S262,Orthocladius sp.,3
S262,Rheocricotopus sp.,8
S262,Cladopelma virescens,4
S262,Chironomidae sp.,7
S263,Anodonta woodiana,4
S263,Musculium lacustre,1
S263,Rhyacodrilus coccineus,8
S263,Limnodrilus claparedeianus,5
S263,Chaetogaster diaphanus,5
S263,Chaetogaster limnaei,5
S263,Pristina biserrata,7
S263,Lamprotus orientalis,7
S263,Procloeon maritimum,10
S263,Potamanthus formosus,4
S263,Rhoenanthus coreanus,7
S263,Ephoron shigae,9
S263,Psychoda sp.,4
S263,Dixidae sp.,6
S263,Ceratopogonidae sp.,5
S263,Chironomus flaviplumus,5
S263,Cryptochironomus sp.,8
S263,Lipiniella moderata,6
S263,Paratendipes sp.,8
S263,Polypedilum pedestre,10
S263,Polypedilum cultellatum,1
S263,Stictochironomus sinsauensis,3
S263,Tanytarsus kiseogi,7
S263,Thienemanniella sp.,10
S263,Corynoneura sp.,10
S263,Eukiefferiella sp.,4
S263,Orthocladius sp.,5
S263,Paratrichocladius rufiventris,1
S263,Ablabesmyia monilis,6
S263,Ablabesmyia prorasha,3
S263,Ablabesmyia sp.,1
S264,Musculium lacustre,8
S264,Hediste sp.,12
S264,Branchiura sowerbyi,5
S264,Rhyacodrilus coccineus,8
S264,Tubifex tubifex,7
S264,Limnodrilus hoffmeisteri,10
S264,Chaetogaster limnaei,10
S264,Branchiodrilus hortensis,3
S264,Amphichaeta asiatica,13
S264,Haemonais waldvogeli,7
S264,Nais variabilis,7
S264,Stylaria fossularis,6
S264,Pristina biserrata,11
S264,Pristina longiseta,3
S264,Henlea sp.,11
S264,Lamprotus orientalis,9
S264,Erpobdella sp.,7
S264,Cyprididae sp.,9
S264,Gnorimosphaeroma sp.,6
S264,Cyathura higoensis,6
S264,Asellus sp.,9
S264,Collembola sp.,10
S264,Choroterpes altioculus,12
S264,Potamanthus formosus,7
S264,Rhoenanthus coreanus,8
S264,Ephemera orientalis,9
S264,Serratella setigera,6
S264,Caenis sp.,5
S264,Psychoda sp.,15
S264,Ceratopogonidae sp.,10
S264,Benthalia sp.,12
S264,Chironomus circumdatus,8
S264,Chironomus flaviplumus,11
S264,Cryptochironomus sp.,7
S264,Demicryptochironomus sp.,7
S264,Dicrotendipes sp.,8
S264,Glyptotendipes tokunagai,11
S264,Harnischia japonica,9
S264,Harnischiagumsanea,12
S264,Harnischia sp.,11
S264,Lipiniella moderata,9
S264,Microchironomus tener,6
S264,Microchironomus sp.,6
S264,Nilothauma sp.,9
S264,Parachironomus gracilior,10
S264,Parachironomus arcuatus,5
S264,Paratanytarsus inopertus,8
S264,Paratendipes albimanus,6
S264,Paratendipes sp.,9
S264,Polypedilum asakawaense,9
S264,Polypedilum nubifer,7
S264,Polypedilum decematoguttatum,10
S264,Polypedilum masudai,7
S264,Polypedilum sp.,7
S264,Stictochironomus sinsauensis,10
S264,Stictochironomus sp.,12
S264,Tanytarsus kiseogi,5
S264,Tanytarsus takahashii,5
S264,Tanytarsus tamagotoi,8
S264,Tanytarsus formosanus,3
S264,Potthastia sp.,1
S264,Thienemanniella sp.,11
S264,Cricotopus bimaculatus,8
S264,Cricotopus sp.,6
S264,Hydrobaenus kondoi,9
S264,Paratrichocladius rufiventris,13
S264,Propsilocerus akamusi,7
S264,Rheocricotopus sp.,13
S264,Ablabesmyia prorasha,6
S264,Ablabesmyia sp.,9
S264,Conchapelopia sp.,10
S264,Hayesomyia tripunctata,3
S264,Procladius choreus,8
S264,Procladius nigriventris,5
S264,Procladius sp.,7
S264,Cladopelma edwardsi,10
S264,Cladopelma virescens,5
S264,Chironomidae sp.,13
S265,Rhyacodrilus coccineus,2
S265,Chaetogaster diaphanus,1
S265,Pristina biserrata,3
S265,Erpobdella lineata,1
S265,Gammarus sp.,1
S265,Potamanthus formosus,6
S265,Glyptotendipes tokunagai,1
S265,Microchironomus sp.,4
S265,Rheocricotopus sp.,1
S265,Procladius choreus,2
S266,Anodonta woodiana,11
S266,Corbicula fluminea,7
S266,Branchiura sowerbyi,10
S266,Limnodrilus hoffmeisteri,10
S266,Haplotaxis gordioides,8
S266,Branchiodrilus hortensis,5
S266,Opidonais sp.,11
S266,Amphichaeta asiatica,9
S266,Haemonais waldvogeli,11
S266,Nais variabilis,3
S266,Slavina appendiculata,4
S266,Pristina biserrata,2
S266,Pristina longiseta,4
S266,Henlea sp.,4
S266,Mesenchytreanus sp.,3
S266,Erpobdella sp.,5
S266,Cyprididae sp.,3
S266,Collembola sp.,12
S266,Baetis fuscatus,8
S266,Cloeon dipterum,6
S266,Labiobaetis atrebatinus,3
S266,Procloeon pennulatum,7
S266,Choroterpes altioculus,8
S266,Ephoron shigae,11
S266,Ceratopogonidae sp.,6
S266,Benthalia sp.,8
S266,Chironomus flaviplumus,11
S266,Chironomus kiiensis,1
S266,Chironomus nipponensis,9
S266,Cladotanytarsus vanderwulpi,9
S266,Cryptochironomus sp.,12
S266,Dicrotendipes sp.,6
S266,Glyptotendipes tokunagai,4
S266,Harnischia japonica,4
S266,Harnischia sp.,3
S266,Lipiniella moderata,8
S266,Microchironomus tener,10
S266,Parachironomus gracilior,12
S266,Parachironomus arcuatus,1
S266,Paratanytarsus inopertus,2
S266,Paratanytarsus sp.,6
S266,Paratendipes albimanus,8
S266,Polypedilum pedestre,10
S266,Polypedilum nubifer,5
S266,Polypedilum masudai,7
S266,Polypedilum cultellatum,10
S266,Polypedilum nubeculosum,6
S266,Polypedilum sp.,9
S266,Stictochironomus sp.,6
S266,Tanytarsus kiseogi,17
S266,Tanytarsus takahashii,11
S266,Tanytarsus tamagotoi,10
S266,Tanytarsus tamakutibasi,8
S266,Tanytarsus sp.,10
S266,Potthastia sp.,7
S266,Thienemanniella sp.,11
S266,Brillia japonica,7
S266,Corynoneura sp.,12
S266,Cricotopus bicinctus,4
S266,Cricotopus bimaculatus,12
S266,Cricotopus sylvestris,4
S266,Cricotopus triannulatus,5
S266,Limnophyes tamakitanaides,7
S266,Orthocladius sp.,9
S266,Ablabesmyia monilis,9
S266,Ablabesmyia prorasha,11
S266,Ablabesmyia sp.,11
S266,Conchapelopia sp.,12
S266,Procladius choreus,8
S266,Saetheria tylus,12
S266,Cladopelma edwardsi,2
S266,Cladopelma virescens,5
S266,Chironomidae sp.,13
S266,Syrphidae sp.,6
S267,Branchiura sowerbyi,8
S267,Rhyacodrilus coccineus,10
S267,Tubifex tubifex,6
S267,Chaetogaster diaphanus,4
S267,Opidonais sp.,11
S267,Amphichaeta asiatica,8
S267,Haemonais waldvogeli,5
S267,Stylaria fossularis,11
S267,Henlea sp.,5
S267,Lamprotus orientalis,10
S267,Erpobdella lineata,5
S267,Erpobdella sp.,4
S267,Gnorimosphaeroma sp.,8
S267,Asellus sp.,4
S267,Gammarus sp.,11
S267,Cloeon dipterum,11
S267,Procloeon maritimum,11
S267,Procloeon pennulatum,11
S267,Choroterpes altioculus,6
S267,Potamanthus formosus,5
S267,Ephoron shigae,12
S267,Ephemera orientalis,7
S267,Serratella setigera,4
S267,Dixidae sp.,13
S267,Ceratopogonidae sp.,11
S267,Benthalia sp.,4
S267,Chironomus circumdatus,7
S267,Cryptochironomus sp.,7
S267,Demicryptochironomus sp.,9
S267,Dicrotendipes septemmaculatus,3
S267,Harnischia japonica,10
S267,Harnischia sp.,7
S267,Lipiniella moderata,9
S267,Nilothauma sp.,9
S267,Paratanytarsus inopertus,2
S267,Paratanytarsus grimmii,1
S267,Paratanytarsus sp.,8
S267,Paratendipes albimanus,17
S267,Polypedilum pedestre,7
S267,Polypedilum nubifer,9
S267,Polypedilum masudai,7
S267,Polypedilum cultellatum,7
S267,Tanytarsus kiseogi,10
S267,Tanytarsus takahashii,8
S267,Tanytarsus tamagotoi,10
S267,Tanytarsus formosanus,1
S267,Tanytarsus sp.,7
S267,Thienemanniella sp.,5
S267,Brillia japonica,10
S267,Corynoneura sp.,6
S267,Cricotopus triannulatus,10
S267,Eukiefferiella sp.,6
S267,Hydrobaenus kondoi,5
S267,Hydrobaenus sp.,4
S267,Orthocladius glabripennis,5
S267,Orthocladius sp.,5
S267,Paratrichocladius rufiventris,9
S267,Propsilocerus akamusi,5
S267,Rheocricotopus sp.,11
S267,Ablabesmyia monilis,11
S267,Ablabesmyia prorasha,8
S267,Ablabesmyia sp.,7
S267,Conchapelopia sp.,12
S267,Procladius choreus,6
S267,Procladius sp.,6
S267,Rheopelopia sp.,9
S267,Saetheria tylus,6
S267,Cladopelma virescens,9
S267,Chironomidae sp.,5
S267,Ephydridae sp.,2
S268,Anodonta woodiana,3
S268,Corbicula fluminea,3
S268,Rhyacodrilus coccineus,9
S268,Tubifex tubifex,6
S268,Limnodrilus claparedeianus,9
S268,Limnodrilus udekimineanus,1
S268,Chaetogaster limnaei,10
S268,Opidonais sp.,5
S268,Amphichaeta asiatica,3
S268,Stylaria fossularis,7
S268,Pristina longiseta,5
S268,Lamprotus orientalis,7
S268,Erpobdella lineata,4
S268,Collembola sp.,2
S268,Baetis fuscatus,8
S268,Choroterpes altioculus,6
S268,Rhoenanthus coreanus,10
S268,Ephoron shigae,17
S268,Serratella setigera,6
S268,Ceratopogonidae sp.,6
S268,Cladotanytarsus vanderwulpi,6
S268,Demicryptochironomus sp.,11
S268,Dicrotendipes septemmaculatus,4
S268,Harnischia japonica,2
S268,Microchironomus tener,6
S268,Paratendipes sp.,4
S268,Polypedilum nubifer,9
S268,Tanytarsus kiseogi,13
S268,Tanytarsus takahashii,7
S268,Tanytarsus tamakutibasi,7
S268,Thienemanniella sp.,7
S268,Corynoneura sp.,7
S268,Cricotopus bicinctus,6
S268,Eukiefferiella sp.,8
S268,Propsilocerus akamusi,4
S268,Rheocricotopus sp.,6
S268,Ablabesmyia monilis,3
S268,Ablabesmyia prorasha,7
S268,Rheopelopia sp.,4
S268,Cladopelma virescens,6
S269,Anodonta woodiana,8
S269,Corbicula fluminea,6
S269,Tubifex tubifex,5
S269,Chaetogaster limnaei,13
S269,Opidonais sp.,10
S269,Pristina biserrata,9
S269,Lumbriculus variegatus,5
S269,Helobdella stagnalis,1
S269,Erpobdella lineata,1
S269,Procloeon maritimum,14
S269,Procloeon pennulatum,3
S269,Choroterpes altioculus,8
S269,Rhoenanthus coreanus,7
S269,Ephoron shigae,7
S269,Ephemera orientalis,6
S269,Psychoda sp.,2
S269,Dixidae sp.,5
S269,Benthalia sp.,2
S269,Chironomus circumdatus,13
S269,Chironomus flaviplumus,4
S269,Cladotanytarsus vanderwulpi,6
S269,Demicryptochironomus sp.,5
S269,Microchironomus tener,5
S269,Microtendipes sp.,5
S269,Nilothauma sp.,3
S269,Parachironomus gracilior,9
S269,Parachironomus arcuatus,1
S269,Paratendipes albimanus,10
S269,Paratendipes sp.,14
S269,Polypedilum nubifer,5
S269,Polypedilum decematoguttatum,3
S269,Polypedilum nubeculosum,2
S269,Tanytarsus kiseogi,8
S269,Tanytarsus tamagotoi,5
S269,Brillia japonica,1
S269,Cricotopus bimaculatus,9
S269,Hydrobaenus sp.,6
S269,Paratrichocladius rufiventris,3
S269,Conchapelopia sp.,6
S269,Procladius sp.,2
S269,Rheopelopia sp.,3
S269,Chironomidae sp.,4
S270,Anodonta woodiana,9
S270,Bothrioneurum vejdoskynum,8
S270,Limnodrilus hoffmeisteri,2
S270,Haplotaxis gordioides,3
S270,Chaetogaster diaphanus,5
S270,Chaetogaster limnaei,5
S270,Opidonais sp.,5
S270,Pristina biserrata,12
S270,Collembola sp.,6
S270,Baetis fuscatus,11
S270,Potamanthus formosus,6
S270,Rhoenanthus coreanus,5
S270,Ephoron shigae,6
S270,Ephemera orientalis,5
S270,Caenis sp.,8
S270,Psychoda sp.,6
S270,Cladotanytarsus vanderwulpi,7
S270,Cryptochironomus sp.,15
S270,Demicryptochironomus sp.,6
S270,Dicrotendipes nervosus,5
S270,Microtendipes sp.,7
S270,Paratanytarsus sp.,6
S270,Paratendipes albimanus,10
S270,Paratendipes sp.,5
S270,Polypedilum nubifer,9
S270,Polypedilum decematoguttatum,7
S270,Tanytarsus kiseogi,6
S270,Tanytarsus tamakutibasi,8
S270,Thienemanniella sp.,10
S270,Corynoneura sp.,14
S270,Cricotopus bicinctus,5
S270,Orthocladius sp.,12
S270,Paratrichocladius rufiventris,1
S270,Propsilocerus akamusi,6
S270,Rheocricotopus sp.,8
S270,Rheopelopia sp.,4
S270,Saetheria tylus,8
S271,Anodonta woodiana,7
S271,Musculium lacustre,7
S271,Branchiura sowerbyi,2
S271,Rhyacodrilus coccineus,11
S271,Tubifex tubifex,5
S271,Limnodrilus claparedeianus,8
S271,Limnodrilus hoffmeisteri,5
S271,Limnodrilus udekimineanus,1
S271,Haplotaxis gordioides,10
S271,Chaetogaster diaphanus,10
S271,Chaetogaster limnaei,8
S271,Branchiodrilus hortensis,3
S271,Opidonais sp.,13
S271,Amphichaeta asiatica,10
S271,Haemonais waldvogeli,3
S271,Pristina longiseta,9
S271,Mesenchytreanus sp.,1
S271,Gnorimosphaeroma sp.,6
S271,Baetis fuscatus,7
S271,Cloeon dipterum,3
S271,Procloeon maritimum,10
S271,Procloeon pennulatum,11
S271,Choroterpes altioculus,12
S271,Potamanthus formosus,11
S271,Rhoenanthus coreanus,12
S271,Ephoron shigae,10
S271,Ephemera orientalis,9
S271,Caenis sp.,12
S271,Dixidae sp.,11
S271,Benthalia sp.,11
S271,Chironomus flaviplumus,5
S271,Chironomus nipponensis,6
S271,Chironomus sp.,4
S271,Cryptochironomus sp.,7
S271,Dicrotendipes nervosus,11
S271,Dicrotendipes sp.,3
S271,Harnischiagumsanea,1
S271,Lipiniella moderata,3
S271,Microchironomus sp.,4
S271,Nilothauma sp.,8
S271,Parachironomus gracilior,8
S271,Paratanytarsus sp.,4
S271,Paratendipes albimanus,10
S271,Paratendipes sp.,12
S271,Polypedilum nubifer,12
S271,Polypedilum nubeculosum,3
S271,Stictochironomus sinsauensis,6
S271,Tanytarsus kiseogi,7
S271,Tanytarsus takahashii,9
S271,Tanytarsus tamakutibasi,5
S271,Tanytarsus sp.,6
S271,Cricotopus bimaculatus,10
S271,Cricotopus triannulatus,6
S271,Cricotopus sp.,9
S271,Eukiefferiella sp.,7
S271,Hydrobaenus sp.,10
S271,Paratrichocladius rufiventris,5
S271,Rheocricotopus sp.,8
S271,Ablabesmyia prorasha,5
S271,Rheopelopia sp.,8
S271,Saetheria tylus,5
S271,Cladopelma edwardsi,4
S271,Cladopelma virescens,8
S272,Musculium lacustre,8
S272,Bothrioneurum vejdoskynum,7
S272,Rhyacodrilus coccineus,10
S272,Limnodrilus claparedeianus,5
S272,Limnodrilus hoffmeisteri,8
S272,Limnodrilus udekimineanus,2
S272,Chaetogaster diaphanus,11
S272,Chaetogaster limnaei,5
S272,Branchiodrilus hortensis,2
S272,Opidonais sp.,7
S272,Amphichaeta asiatica,2
S272,Nais variabilis,4
S272,Stylaria fossularis,9
S272,Pristina longiseta,10
S272,Henlea sp.,5
S272,Lamprotus orientalis,9
S272,Helobdella stagnalis,6
S272,Erpobdella lineata,9
S272,Asellus sp.,6
S272,Gammarus sp.,3
S272,Collembola sp.,7
S272,Baetis fuscatus,11
S272,Choroterpes altioculus,6
S272,Rhoenanthus coreanus,10
S272,Ephoron shigae,6
S272,Caenis sp.,5
S272,Psychoda sp.,10
S272,Benthalia sp.,4
S272,Chironomus edwardsi,4
S272,Cladotanytarsus vanderwulpi,6
S272,Cryptochironomus sp.,8
S272,Dicrotendipes nervosus,9
S272,Dicrotendipes sp.,4
S272,Harnischia japonica,7
S272,Harnischiagumsanea,6
S272,Paratanytarsus grimmii,2
S272,Paratendipes albimanus,6
S272,Paratendipes sp.,14
S272,Polypedilum nubifer,9
S272,Polypedilum masudai,7
S272,Polypedilum cultellatum,10
S272,Polypedilum sp.,4
S272,Stictochironomus sinsauensis,8
S272,Stictochironomus sp.,13
S272,Tanytarsus tamagotoi,8
S272,Brillia japonica,10
S272,Cricotopus bicinctus,8
S272,Cricotopus triannulatus,7
S272,Eukiefferiella sp.,7
S272,Hydrobaenus sp.,7
S272,Propsilocerus akamusi,9
S272,Ablabesmyia monilis,9
S272,Ablabesmyia prorasha,8
S272,Conchapelopia sp.,8
S272,Procladius choreus,7
S272,Procladius sp.,6
S272,Rheopelopia sp.,15
S272,Tanypus punctipennis,2
S272,Chironomidae sp.,8
S272,Ecnomus sp.,6
S273,Anodonta woodiana,6
S273,Corbicula fluminea,13
S273,Musculium lacustre,8
S273,Hediste sp.,2
S273,Bothrioneurum vejdoskynum,11
S273,Tubifex tubifex,12
S273,Limnodrilus claparedeianus,5
S273,Limnodrilus hoffmeisteri,6
S273,Chaetogaster diaphanus,6
S273,Amphichaeta asiatica,6
S273,Haemonais waldvogeli,6
S273,Pristina biserrata,8
S273,Lamprotus orientalis,6
S273,Eisenia koreana,3
S273,Helobdella stagnalis,2
S273,Gnorimosphaeroma sp.,5
S273,Gammarus sp.,7
S273,Collembola sp.,3
S273,Procloeon maritimum,8
S273,Procloeon pennulatum,14
S273,Choroterpes altioculus,7
S273,Rhoenanthus coreanus,9
S273,Dixidae sp.,8
S273,Ceratopogonidae sp.,6
S273,Cladotanytarsus vanderwulpi,3
S273,Cryptochironomus sp.,4
S273,Microchironomus tener,9
S273,Microchironomus sp.,3
S273,Microtendipes sp.,8
S273,Nilothauma sp.,9
S273,Paratendipes albimanus,7
S273,Polypedilum pedestre,10
S273,Polypedilum sp.,7
S273,Tanytarsus kiseogi,7
S273,Tanytarsus takahashii,6
S273,Tanytarsus tamakutibasi,8
S273,Tanytarsus sp.,7
S273,Potthastia sp.,5
S273,Thienemanniella sp.,6
S273,Corynoneura sp.,3
S273,Cricotopus bicinctus,8
S273,Cricotopus bimaculatus,4
S273,Eukiefferiella sp.,8
S273,Orthocladius sp.,8
S273,Ablabesmyia monilis,11
S273,Ablabesmyia prorasha,10
S273,Conchapelopia sp.,5
S273,Procladius choreus,4
S273,Procladius sp.,6
S273,Rheopelopia sp.,7
S273,Saetheria tylus,8
S273,Cladopelma edwardsi,3
S273,Cladopelma virescens,10
S273,Chironomidae sp.,5
S274,Anodonta woodiana,6
S274,Corbicula fluminea,4
S274,Musculium lacustre,10
S274,Branchiura sowerbyi,3
S274,Rhyacodrilus coccineus,10
S274,Tubifex tubifex,4
S274,Chaetogaster diaphanus,15
S274,Chaetogaster limnaei,4
S274,Opidonais sp.,10
S274,Amphichaeta asiatica,7
S274,Haemonais waldvogeli,5
S274,Slavina appendiculata,5
S274,Pristina biserrata,12
S274,Pristina longiseta,9
S274,Lamprotus orientalis,9
S274,Eisenia koreana,5
S274,Helobdella stagnalis,5
S274,Erpobdella lineata,10
S274,Cyprididae sp.,2
S274,Gammarus sp.,6
S274,Jesogammarus sp.,2
S274,Collembola sp.,5
S274,Baetis fuscatus,11
S274,Procloeon maritimum,9
S274,Potamanthus formosus,8
S274,Rhoenanthus coreanus,8
S274,Ephoron shigae,7
S274,Ephemera orientalis,9
S274,Psychoda sp.,9
S274,Dixidae sp.,7
S274,Chironomus circumdatus,10
S274,Cladotanytarsus vanderwulpi,4
S274,Demicryptochironomus sp.,11
S274,Dicrotendipes nervosus,10
S274,Glyptotendipes tokunagai,5
S274,Harnischia japonica,6
S274,Harnischiagumsanea,1
S274,Lipiniella moderata,13
S274,Microtendipes sp.,4
S274,Parachironomus gracilior,6
S274,Paratendipes albimanus,7
S274,Polypedilum nubifer,6
S274,Polypedilum masudai,1
S274,Stictochironomus sinsauensis,8
S274,Tanytarsus kiseogi,13
S274,Tanytarsus tamagotoi,9
S274,Tanytarsus tamakutibasi,9
S274,Thienemanniella sp.,13
S274,Brillia japonica,3
S274,Corynoneura sp.,9
S274,Cricotopus bicinctus,14
S274,Cricotopus triannulatus,5
S274,Eukiefferiella sp.,9
S274,Hydrobaenus kondoi,12
S274,Orthocladius glabripennis,8
S274,Orthocladius sp.,7
S274,Propsilocerus akamusi,8
S274,Rheocricotopus sp.,10
S274,Ablabesmyia monilis,5
S274,Ablabesmyia prorasha,6
S274,Ablabesmyia sp.,3
S274,Procladius choreus,8
S274,Procladius sp.,4
S274,Saetheria tylus,4
S274,Chironomidae sp.,8
S275,Corbicula fluminea,5
S275,Musculium lacustre,4
S275,Hediste sp.,11
S275,Branchiura sowerbyi,7
S275,Bothrioneurum vejdoskynum,5
S275,Limnodrilus hoffmeisteri,7
S275,Limnodrilus udekimineanus,6
S275,Haplotaxis gordioides,7
S275,Chaetogaster diaphanus,5
S275,Chaetogaster limnaei,9
S275,Branchiodrilus hortensis,10
S275,Opidonais sp.,7
S275,Haemonais waldvogeli,14
S275,Nais variabilis,11
S275,Stylaria fossularis,9
S275,Pristina biserrata,7
S275,Mesenchytreanus sp.,11
S275,Lumbriculus variegatus,6
S275,Lamprotus orientalis,11
S275,Eisenia koreana,6
S275,Helobdella stagnalis,9
S275,Erpobdella lineata,5
S275,Erpobdella sp.,8
S275,Cyprididae sp.,7
S275,Gnorimosphaeroma sp.,10
S275,Collembola sp.,5
S275,Baetis fuscatus,8
S275,Labiobaetis atrebatinus,6
S275,Choroterpes altioculus,6
S275,Potamanthus formosus,7
S275,Rhoenanthus coreanus,7
S275,Ephoron shigae,7
S275,Ephemera orientalis,8
S275,Serratella setigera,13
S275,Psychoda sp.,7
S275,Dixidae sp.,11
S275,Ceratopogonidae sp.,15
S275,Benthalia sp.,5
S275,Chironomus flaviplumus,11
S275,Chironomus kiiensis,7
S275,Chironomus nipponensis,9
S275,Chironomus edwardsi,3
S275,Cryptochironomus sp.,15
S275,Dicrotendipes nervosus,10
S275,Dicrotendipes septemmaculatus,8
S275,Glyptotendipes tokunagai,15
S275,Harnischia japonica,6
S275,Harnischia sp.,7
S275,Lipiniella moderata,12
S275,Microchironomus sp.,4
S275,Parachironomus gracilior,10
S275,Paratanytarsus inopertus,10
S275,Paratendipes albimanus,6
S275,Polypedilum pedestre,7
S275,Polypedilum decematoguttatum,6
S275,Polypedilum masudai,7
S275,Polypedilum nubeculosum,7
S275,Polypedilum sp.,8
S275,Stictochironomus sinsauensis,19
S275,Tanytarsus kiseogi,8
S275,Tanytarsus takahashii,13
S275,Tanytarsus tamagotoi,11
S275,Tanytarsus tamakutibasi,7
S275,Tanytarsus sp.,2
S275,Potthastia sp.,7
S275,Thienemanniella sp.,5
S275,Brillia japonica,6
S275,Corynoneura sp.,8
S275,Cricotopus bicinctus,13
S275,Cricotopus bimaculatus,7
S275,Cricotopus sylvestris,8
S275,Cricotopus triannulatus,6
S275,Cricotopus sp.,12
S275,Hydrobaenus kondoi,10
S275,Orthocladius sp.,12
S275,Paratrichocladius rufiventris,7
S275,Rheocricotopus sp.,7
S275,Ablabesmyia sp.,7
S275,Hayesomyia tripunctata,1
S275,Procladius choreus,14
S275,Rheopelopia sp.,11
S275,Cladopelma edwardsi,5
S275,Cladopelma virescens,8
S275,Syrphidae sp.,6
S275,Ephydridae sp.,3
S275,Ecnomus sp.,6
S276,Anodonta woodiana,3
S276,Corbicula fluminea,4
S276,Hediste sp.,5
S276,Branchiura sowerbyi,10
S276,Tubifex tubifex,10
S276,Limnodrilus udekimineanus,2
S276,Chaetogaster diaphanus,7
S276,Opidonais sp.,8
S276,Stylaria fossularis,6
S276,Lumbriculus variegatus,5
S276,Lamprotus orientalis,9
S276,Erpobdella lineata,4
S276,Cyprididae sp.,4
S276,Gammarus sp.,3
S276,Baetis fuscatus,4
S276,Procloeon maritimum,10
S276,Procloeon pennulatum,4
S276,Ephoron shigae,11
S276,Ephemera orientalis,5
S276,Psychoda sp.,12
S276,Ceratopogonidae sp.,4
S276,Chironomus circumdatus,10
S276,Chironomus nipponensis,8
S276,Cladotanytarsus vanderwulpi,7
S276,Demicryptochironomus sp.,6
S276,Dicrotendipes nervosus,7
S276,Dicrotendipes sp.,3
S276,Microchironomus tener,13
S276,Parachironomus arcuatus,6
S276,Polypedilum pedestre,9
S276,Polypedilum masudai,6
S276,Polypedilum sp.,9
S276,Stictochironomus sinsauensis,8
S276,Stictochironomus sp.,6
S276,Tanytarsus takahashii,12
S276,Tanytarsus tamagotoi,7
S276,Tanytarsus tamakutibasi,5
S276,Tanytarsus formosanus,1
S276,Tanytarsus sp.,5
S276,Potthastia sp.,8
S276,Thienemanniella sp.,9
S276,Cricotopus bimaculatus,3
S276,Eukiefferiella sp.,10
S276,Propsilocerus akamusi,13
S276,Ablabesmyia prorasha,7
S276,Ablabesmyia sp.,7
S276,Procladius choreus,11
S276,Procladius sp.,7
S276,Rheopelopia sp.,11
S276,Cladopelma virescens,13
S277,Anodonta woodiana,5
S277,Corbicula fluminea,12
S277,Musculium lacustre,11
S277,Branchiura sowerbyi,12
S277,Bothrioneurum vejdoskynum,4
S277,Limnodrilus claparedeianus,9
S277,Limnodrilus udekimineanus,12
S277,Haplotaxis gordioides,8
S277,Chaetogaster diaphanus,11
S277,Chaetogaster limnaei,9
S277,Branchiodrilus hortensis,9
S277,Opidonais sp.,8
S277,Haemonais waldvogeli,7
S277,Nais variabilis,11
S277,Nais communis,9
S277,Slavina appendiculata,13
S277,Pristina biserrata,8
S277,Henlea sp.,10
S277,Erpobdella lineata,14
S277,Cyprididae sp.,13
S277,Cyathura higoensis,7
S277,Gammarus sp.,8
S277,Jesogammarus sp.,10
S277,Monocorophium sp.,7
S277,Collembola sp.,9
S277,Baetis fuscatus,5
S277,Labiobaetis atrebatinus,16
S277,Procloeon maritimum,9
S277,Procloeon pennulatum,8
S277,Choroterpes altioculus,6
S277,Potamanthus formosus,7
S277,Caenis sp.,11
S277,Ceratopogonidae sp.,11
S277,Benthalia sp.,11
S277,Chironomus flaviplumus,12
S277,Chironomus edwardsi,15
S277,Cladotanytarsus vanderwulpi,7
S277,Cryptochironomus sp.,6
S277,Dicrotendipes nervosus,6
S277,Dicrotendipes septemmaculatus,8
S277,Dicrotendipes sp.,7
S277,Glyptotendipes tokunagai,8
S277,Harnischia japonica,6
S277,Harnischiagumsanea,12
S277,Harnischia sp.,6
S277,Microchironomus sp.,6
S277,Microtendipes sp.,4
S277,Nilothauma sp.,7
S277,Parachironomus gracilior,5
S277,Parachironomus arcuatus,12
S277,Paratanytarsus grimmii,5
S277,Paratanytarsus sp.,5
S277,Paratendipes sp.,7
S277,Polypedilum asakawaense,12
S277,Polypedilum nubifer,10
S277,Polypedilum masudai,9
S277,Polypedilum nubeculosum,11
S277,Stictochironomus sp.,11
S277,Tanytarsus kiseogi,10
S277,Tanytarsus takahashii,10
S277,Tanytarsus tamagotoi,9
S277,Tanytarsus tamakutibasi,7
S277,Tanytarsus formosanus,5
S277,Tanytarsus sp.,9
S277,Thienemanniella sp.,8
S277,Corynoneura sp.,15
S277,Cricotopus bicinctus,8
S277,Cricotopus bimaculatus,8
S277,Cricotopus sylvestris,13
S277,Cricotopus triannulatus,9
S277,Cricotopus sp.,10
S277,Hydrobaenus kondoi,7
S277,Hydrobaenus sp.,9
S277,Limnophyes tamakitanaides,9
S277,Orthocladius glabripennis,7
S277,Paratrichocladius rufiventris,9
S277,Propsilocerus akamusi,7
S277,Ablabesmyia longistyla,6
S277,Ablabesmyia monilis,8
S277,Ablabesmyia prorasha,11
S277,Ablabesmyia sp.,8
S277,Conchapelopia sp.,5
S277,Procladius nigriventris,9
S277,Procladius sp.,11
S277,Rheopelopia sp.,6
S277,Tanypus punctipennis,10
S277,Saetheria tylus,5
S277,Cladopelma edwardsi,11
S277,Cladopelma virescens,8
S277,Chironomidae sp.,4
S277,Syrphidae sp.,7
S278,Corbicula fluminea,8
S278,Branchiura sowerbyi,15
S278,Rhyacodrilus coccineus,7
S278,Limnodrilus hoffmeisteri,10
S278,Limnodrilus udekimineanus,16
S278,Haplotaxis gordioides,10
S278,Opidonais sp.,7
S278,Haemonais waldvogeli,5
S278,Slavina appendiculata,5
S278,Stylaria fossularis,5
S278,Pristina biserrata,10
S278,Pristina longiseta,6
S278,Mesenchytreanus sp.,7
S278,Eisenia koreana,11
S278,Helobdella stagnalis,9
S278,Cyprididae sp.,9
S278,Cyathura higoensis,7
S278,Asellus sp.,4
S278,Gammarus sp.,6
S278,Jesogammarus sp.,10
S278,Monocorophium sp.,13
S278,Baetis fuscatus,9
S278,Cloeon dipterum,8
S278,Labiobaetis atrebatinus,5
S278,Procloeon maritimum,8
S278,Choroterpes altioculus,12
S278,Dixidae sp.,10
S278,Ceratopogonidae sp.,8
S278,Chironomus kiiensis,9
S278,Chironomus nipponensis,7
S278,Chironomus edwardsi,4
S278,Chironomus sp.,5
S278,Cladotanytarsus vanderwulpi,10
S278,Demicryptochironomus sp.,11
S278,Dicrotendipes pelochloris,6
S278,Dicrotendipes septemmaculatus,5
S278,Dicrotendipes sp.,9
S278,Harnischia japonica,5
S278,Lipiniella moderata,7
S278,Microchironomus tener,11
S278,Microchironomus sp.,11
S278,Nilothauma sp.,10
S278,Parachironomus gracilior,9
S278,Parachironomus arcuatus,9
S278,Paratendipes sp.,16
S278,Polypedilum asakawaense,7
S278,Polypedilum pedestre,6
S278,Polypedilum nubifer,10
S278,Polypedilum decematoguttatum,10
S278,Polypedilum masudai,10
S278,Polypedilum cultellatum,8
S278,Polypedilum nubeculosum,7
S278,Polypedilum sp.,9
S278,Stictochironomus sinsauensis,7
S278,Stictochironomus sp.,10
S278,Tanytarsus kiseogi,5
S278,Tanytarsus takahashii,8
S278,Tanytarsus tamakutibasi,8
S278,Tanytarsus formosanus,7
S278,Thienemanniella sp.,8
S278,Brillia japonica,5
S278,Corynoneura sp.,11
S278,Cricotopus bicinctus,10
S278,Cricotopus sylvestris,6
S278,Cricotopus sp.,6
S278,Eukiefferiella sp.,10
S278,Hydrobaenus kondoi,8
S278,Hydrobaenus sp.,11
S278,Paratrichocladius rufiventris,13
S278,Propsilocerus akamusi,6
S278,Rheocricotopus sp.,8
S278,Ablabesmyia monilis,7
S278,Ablabesmyia prorasha,9
S278,Ablabesmyia sp.,12
S278,Conchapelopia sp.,9
S278,Hayesomyia tripunctata,5
S278,Procladius choreus,8
S278,Procladius nigriventris,8
S278,Procladius sp.,15
S278,Rheopelopia sp.,9
S278,Saetheria tylus,11
S278,Cladopelma virescens,12
S278,Ephydridae sp.,6
S278,Ecnomus sp.,9
S279,Corbicula fluminea,7
S279,Musculium lacustre,2
S279,Bothrioneurum vejdoskynum,1
S279,Limnodrilus claparedeianus,10
S279,Chaetogaster diaphanus,6
S279,Amphichaeta asiatica,8
S279,Stylaria fossularis,6
S279,Pristina biserrata,7
S279,Pristina longiseta,13
S279,Lamprotus orientalis,9
S279,Erpobdella lineata,8
S279,Labiobaetis atrebatinus,6
S279,Procloeon maritimum,4
S279,Procloeon pennulatum,4
S279,Choroterpes altioculus,10
S279,Ceratopogonidae sp.,8
S279,Chironomus flaviplumus,8
S279,Chironomus nipponensis,6
S279,Chironomus sp.,2
S279,Cladotanytarsus vanderwulpi,5
S279,Dicrotendipes nervosus,6
S279,Microtendipes sp.,9
S279,Parachironomus gracilior,5
S279,Paratendipes sp.,4
S279,Polypedilum pedestre,6
S279,Polypedilum nubifer,4
S279,Polypedilum cultellatum,5
S279,Stictochironomus sinsauensis,7
S279,Tanytarsus tamakutibasi,9
S279,Tanytarsus formosanus,4
S279,Brillia japonica,1
S279,Corynoneura sp.,9
S279,Cricotopus bicinctus,8
S279,Cricotopus sylvestris,2
S279,Eukiefferiella sp.,13
S279,Orthocladius sp.,9
S279,Ablabesmyia monilis,10
S279,Ablabesmyia prorasha,13
S279,Ablabesmyia sp.,5
S279,Procladius choreus,10
S279,Rheopelopia sp.,8
S280,Anodonta woodiana,7
S280,Corbicula fluminea,11
S280,Musculium lacustre,6
S280,Tubifex tubifex,2
S280,Limnodrilus claparedeianus,11
S280,Haplotaxis gordioides,4
S280,Chaetogaster diaphanus,6
S280,Chaetogaster limnaei,9
S280,Opidonais sp.,5
S280,Amphichaeta asiatica,3
S280,Nais communis,3
S280,Stylaria fossularis,12
S280,Pristina longiseta,6
S280,Henlea sp.,3
S280,Lumbriculus variegatus,9
S280,Collembola sp.,6
S280,Baetis fuscatus,9
S280,Cloeon dipterum,6
S280,Procloeon maritimum,4
S280,Potamanthus formosus,9
S280,Rhoenanthus coreanus,9
S280,Ephoron shigae,9
S280,Ephemera orientalis,4
S280,Caenis sp.,10
S280,Ceratopogonidae sp.,7
S280,Benthalia sp.,13
S280,Chironomus circumdatus,12
S280,Chironomus nipponensis,3
S280,Demicryptochironomus sp.,7
S280,Dicrotendipes nervosus,4
S280,Harnischia sp.,1
S280,Microchironomus tener,9
S280,Nilothauma sp.,7
S280,Parachironomus gracilior,4
S280,Paratanytarsus sp.,4
S280,Paratendipes albimanus,7
S280,Polypedilum pedestre,11
S280,Polypedilum masudai,3
S280,Stictochironomus sp.,7
S280,Tanytarsus takahashii,3
S280,Tanytarsus tamakutibasi,7
S280,Tanytarsus sp.,6
S280,Brillia japonica,8
S280,Cricotopus triannulatus,3
S280,Cricotopus sp.,7
S280,Hydrobaenus kondoi,8
S280,Hydrobaenus sp.,7
S280,Ablabesmyia prorasha,5
S280,Conchapelopia sp.,8
S280,Saetheria tylus,5
S280,Cladopelma virescens,8
S280,Chironomidae sp.,8
S281,Corbicula fluminea,9
S281,Rhyacodrilus coccineus,6
S281,Haplotaxis gordioides,3
S281,Chaetogaster limnaei,6
S281,Opidonais sp.,3
S281,Nais variabilis,4
S281,Henlea sp.,3
S281,Eisenia koreana,4
S281,Erpobdella lineata,2
S281,Gammarus sp.,4
S281,Baetis fuscatus,2
S281,Potamanthus formosus,4
S281,Rhoenanthus coreanus,7
S281,Ephoron shigae,6
S281,Dixidae sp.,9
S281,Benthalia sp.,5
S281,Chironomus flaviplumus,3
S281,Chironomus nipponensis,2
S281,Cladotanytarsus vanderwulpi,5
S281,Cryptochironomus sp.,9
S281,Demicryptochironomus sp.,11
S281,Glyptotendipes tokunagai,6
S281,Harnischia japonica,3
S281,Parachironomus gracilior,11
S281,Paratanytarsus sp.,7
S281,Paratendipes albimanus,5
S281,Polypedilum sp.,3
S281,Stictochironomus sp.,5
S281,Tanytarsus takahashii,9
S281,Tanytarsus sp.,1
S281,Potthastia sp.,3
S281,Brillia japonica,5
S281,Corynoneura sp.,8
S281,Cricotopus bimaculatus,11
S281,Cricotopus triannulatus,7
S281,Eukiefferiella sp.,4
S281,Hydrobaenus sp.,7
S281,Orthocladius sp.,15
S281,Paratrichocladius rufiventris,3
S281,Propsilocerus akamusi,13
S281,Rheocricotopus sp.,10
S281,Conchapelopia sp.,2
S281,Procladius choreus,5
S281,Rheopelopia sp.,4
S281,Cladopelma virescens,4
S282,Anodonta woodiana,9
S282,Corbicula fluminea,4
S282,Musculium lacustre,6
S282,Branchiura sowerbyi,5
S282,Bothrioneurum vejdoskynum,6
S282,Limnodrilus claparedeianus,7
S282,Chaetogaster limnaei,2
S282,Opidonais sp.,10
S282,Amphichaeta asiatica,11
S282,Haemonais waldvogeli,7
S282,Pristina biserrata,5
S282,Pristina longiseta,11
S282,Henlea sp.,4
S282,Mesenchytreanus sp.,3
S282,Lamprotus orientalis,8
S282,Gnorimosphaeroma sp.,2
S282,Gammarus sp.,9
S282,Baetis fuscatus,10
S282,Cloeon dipterum,13
S282,Labiobaetis atrebatinus,9
S282,Procloeon maritimum,10
S282,Procloeon pennulatum,9
S282,Choroterpes altioculus,5
S282,Rhoenanthus coreanus,6
S282,Ephemera orientalis,6
S282,Serratella setigera,4
S282,Ceratopogonidae sp.,8
S282,Benthalia sp.,6
S282,Chironomus nipponensis,4
S282,Chironomus sp.,2
S282,Cladotanytarsus vanderwulpi,7
S282,Dicrotendipes pelochloris,1
S282,Harnischia japonica,7
S282,Harnischiagumsanea,3
S282,Lipiniella moderata,4
S282,Microtendipes sp.,3
S282,Nilothauma sp.,9
S282,Parachironomus gracilior,4
S282,Paratendipes albimanus,8
S282,Polypedilum pedestre,9
S282,Polypedilum nubifer,8
S282,Polypedilum decematoguttatum,3
S282,Polypedilum cultellatum,5
S282,Polypedilum sp.,5
S282,Stictochironomus sinsauensis,4
S282,Tanytarsus kiseogi,12
S282,Tanytarsus tamagotoi,4
S282,Thienemanniella sp.,4
S282,Cricotopus bicinctus,14
S282,Cricotopus bimaculatus,9
S282,Cricotopus triannulatus,8
S282,Hydrobaenus sp.,4
S282,Orthocladius sp.,5
S282,Propsilocerus akamusi,12
S282,Ablabesmyia monilis,9
S282,Ablabesmyia prorasha,10
S282,Conchapelopia sp.,11
S282,Hayesomyia tripunctata,1
S282,Procladius choreus,5
S282,Procladius sp.,7
S282,Saetheria tylus,5
S282,Cladopelma virescens,9
S282,Syrphidae sp.,3
S283,Rhyacodrilus coccineus,8
S283,Chaetogaster limnaei,7
S283,Pristina biserrata,12
S283,Pristina longiseta,5
S283,Erpobdella lineata,3
S283,Choroterpes altioculus,11
S283,Potamanthus formosus,12
S283,Ephoron shigae,13
S283,Ephemera orientalis,4
S283,Caenis sp.,3
S283,Chironomus edwardsi,1
S283,Cryptochironomus sp.,7
S283,Glyptotendipes tokunagai,3
S283,Harnischia sp.,2
S283,Microtendipes sp.,3
S283,Parachironomus gracilior,10
S283,Paratendipes sp.,11
S283,Polypedilum pedestre,3
S283,Polypedilum nubifer,6
S283,Polypedilum masudai,3
S283,Polypedilum cultellatum,1
S283,Stictochironomus sinsauensis,1
S283,Tanytarsus tamakutibasi,5
S283,Thienemanniella sp.,10
S283,Cricotopus bicinctus,3
S283,Cricotopus bimaculatus,2
S283,Hydrobaenus kondoi,4
S283,Hydrobaenus sp.,3
S283,Orthocladius sp.,7
S283,Propsilocerus akamusi,5
S283,Rheocricotopus sp.,6
S283,Ablabesmyia monilis,5
S283,Cladopelma virescens,3
S284,Rhyacodrilus coccineus,7
S284,Haplotaxis gordioides,7
S284,Chaetogaster diaphanus,10
S284,Amphichaeta asiatica,7
S284,Haemonais waldvogeli,9
S284,Stylaria fossularis,13
S284,Pristina biserrata,9
S284,Lumbriculus variegatus,7
S284,Lamprotus orientalis,7
S284,Eisenia koreana,7
S284,Erpobdella lineata,7
S284,Erpobdella sp.,4
S284,Baetis fuscatus,12
S284,Labiobaetis atrebatinus,5
S284,Procloeon maritimum,8
S284,Procloeon pennulatum,6
S284,Choroterpes altioculus,10
S284,Potamanthus formosus,7
S284,Ephemera orientalis,7
S284,Caenis sp.,12
S284,Psychoda sp.,4
S284,Ceratopogonidae sp.,6
S284,Benthalia sp.,5
S284,Chironomus circumdatus,7
S284,Chironomus flaviplumus,5
S284,Cryptochironomus sp.,7
S284,Demicryptochironomus sp.,8
S284,Dicrotendipes nervosus,8
S284,Lipiniella moderata,10
S284,Microchironomus tener,8
S284,Microchironomus sp.,2
S284,Parachironomus gracilior,16
S284,Paratanytarsus sp.,6
S284,Paratendipes albimanus,6
S284,Polypedilum nubifer,7
S284,Polypedilum decematoguttatum,8
S284,Polypedilum masudai,9
S284,Polypedilum cultellatum,7
S284,Polypedilum nubeculosum,8
S284,Stictochironomus sp.,5
S284,Tanytarsus kiseogi,6
S284,Tanytarsus takahashii,10
S284,Tanytarsus sp.,6
S284,Potthastia sp.,10
S284,Thienemanniella sp.,7
S284,Cricotopus bimaculatus,8
S284,Cricotopus sylvestris,8
S284,Cricotopus triannulatus,11
S284,Cricotopus sp.,4
S284,Eukiefferiella sp.,6
S284,Orthocladius sp.,6
S284,Rheocricotopus sp.,6
S284,Ablabesmyia monilis,9
S284,Conchapelopia sp.,10
S284,Procladius choreus,9
S284,Saetheria tylus,12
S284,Chironomidae sp.,9
S285,Tubifex tubifex,3
S285,Limnodrilus claparedeianus,9
S285,Chaetogaster diaphanus,11
S285,Opidonais sp.,9
S285,Slavina appendiculata,1
S285,Stylaria fossularis,5
S285,Pristina longiseta,3
S285,Lumbriculus variegatus,3
S285,Erpobdella lineata,6
S285,Choroterpes altioculus,9
S285,Potamanthus formosus,12
S285,Rhoenanthus coreanus,11
S285,Caenis sp.,4
S285,Benthalia sp.,8
S285,Chironomus nipponensis,3
S285,Chironomus sp.,1
S285,Cryptochironomus sp.,6
S285,Harnischia japonica,2
S285,Lipiniella moderata,4
S285,Nilothauma sp.,4
S285,Parachironomus gracilior,5
S285,Paratendipes albimanus,9
S285,Polypedilum pedestre,7
S285,Polypedilum nubifer,4
S285,Polypedilum nubeculosum,1
S285,Polypedilum sp.,7
S285,Stictochironomus sinsauensis,4
S285,Stictochironomus sp.,2
S285,Tanytarsus takahashii,6
S285,Tanytarsus tamagotoi,5
S285,Potthastia sp.,2
S285,Thienemanniella sp.,5
S285,Brillia japonica,4
S285,Cricotopus bimaculatus,5
S285,Cricotopus triannulatus,9
S285,Eukiefferiella sp.,6
S285,Limnophyes tamakitanaides,1
S285,Orthocladius sp.,10
S285,Rheocricotopus sp.,8
S285,Ablabesmyia monilis,5
S285,Ablabesmyia prorasha,9
S285,Procladius choreus,7
S285,Rheopelopia sp.,5
S285,Saetheria tylus,7
S285,Cladopelma virescens,4
S285,Chironomidae sp.,8
S286,Rhyacodrilus coccineus,3
S286,Chaetogaster limnaei,7
S286,Opidonais sp.,6
S286,Haemonais waldvogeli,2
S286,Eisenia koreana,1
S286,Collembola sp.,1
S286,Rhoenanthus coreanus,6
S286,Ephoron shigae,1
S286,Paratendipes sp.,8
S286,Tanytarsus takahashii,5
S286,Corynoneura sp.,3
S286,Cricotopus bimaculatus,3
S286,Eukiefferiella sp.,2
S287,Musculium lacustre,12
S287,Hediste sp.,2
S287,Rhyacodrilus coccineus,10
S287,Limnodrilus hoffmeisteri,6
S287,Chaetogaster diaphanus,7
S287,Chaetogaster limnaei,3
S287,Haemonais waldvogeli,10
S287,Nais variabilis,1
S287,Slavina appendiculata,4
S287,Pristina biserrata,11
S287,Pristina longiseta,7
S287,Henlea sp.,5
S287,Lumbriculus variegatus,8
S287,Lamprotus orientalis,5
S287,Eisenia koreana,11
S287,Gnorimosphaeroma sp.,8
S287,Jesogammarus sp.,1
S287,Monocorophium sp.,4
S287,Collembola sp.,11
S287,Baetis fuscatus,9
S287,Cloeon dipterum,9
S287,Potamanthus formosus,12
S287,Rhoenanthus coreanus,6
S287,Ephoron shigae,9
S287,Caenis sp.,8
S287,Psychoda sp.,5
S287,Dixidae sp.,8
S287,Ceratopogonidae sp.,7
S287,Benthalia sp.,7
S287,Chironomus flaviplumus,2
S287,Chironomus nipponensis,5
S287,Cryptochironomus sp.,7
S287,Glyptotendipes tokunagai,7
S287,Harnischia japonica,3
S287,Harnischiagumsanea,8
S287,Harnischia sp.,3
S287,Microchironomus tener,7
S287,Microtendipes sp.,4
S287,Parachironomus gracilior,9
S287,Paratanytarsus sp.,9
S287,Paratendipes albimanus,6
S287,Paratendipes sp.,13
S287,Polypedilum asakawaense,6
S287,Polypedilum pedestre,8
S287,Polypedilum decematoguttatum,5
S287,Polypedilum masudai,12
S287,Polypedilum nubeculosum,7
S287,Polypedilum sp.,9
S287,Stictochironomus sinsauensis,7
S287,Stictochironomus sp.,5
S287,Tanytarsus kiseogi,8
S287,Tanytarsus takahashii,5
S287,Tanytarsus tamakutibasi,7
S287,Tanytarsus sp.,10
S287,Potthastia sp.,9
S287,Thienemanniella sp.,10
S287,Cricotopus sylvestris,6
S287,Hydrobaenus sp.,12
S287,Limnophyes tamakitanaides,9
S287,Orthocladius glabripennis,4
S287,Propsilocerus akamusi,4
S287,Rheocricotopus sp.,5
S287,Ablabesmyia monilis,13
S287,Ablabesmyia sp.,5
S287,Conchapelopia sp.,11
S287,Cladopelma edwardsi,4
S287,Cladopelma virescens,7
S287,Chironomidae sp.,6
S287,Syrphidae sp.,2
S288,Chaetogaster limnaei,11
S288,Nais variabilis,1
S288,Pristina biserrata,10
S288,Pristina longiseta,6
S288,Procloeon pennulatum,3
S288,Choroterpes altioculus,3
S288,Ephoron shigae,4
S288,Ephemera orientalis,10
S288,Caenis sp.,5
S288,Dixidae sp.,4
S288,Chironomus circumdatus,7
S288,Cryptochironomus sp.,8
S288,Dicrotendipes nervosus,3
S288,Harnischia japonica,8
S288,Microchironomus tener,4
S288,Paratendipes albimanus,8
S288,Paratendipes sp.,6
S288,Polypedilum pedestre,4
S288,Polypedilum nubifer,10
S288,Polypedilum cultellatum,4
S288,Stictochironomus sp.,2
S288,Tanytarsus tamakutibasi,5
S288,Tanytarsus sp.,1
S288,Potthastia sp.,1
S288,Thienemanniella sp.,3
S288,Corynoneura sp.,3
S288,Orthocladius glabripennis,3
S288,Rheocricotopus sp.,5
S288,Ablabesmyia prorasha,9
S288,Ablabesmyia sp.,5
S288,Saetheria tylus,9
S288,Cladopelma edwardsi,1
S288,Cladopelma virescens,4
S288,Chironomidae sp.,10
S289,Anodonta woodiana,6
S289,Musculium lacustre,8
S289,Branchiura sowerbyi,8
S289,Rhyacodrilus coccineus,9
S289,Tubifex tubifex,8
S289,Limnodrilus claparedeianus,9
S289,Limnodrilus hoffmeisteri,10
S289,Limnodrilus udekimineanus,4
S289,Chaetogaster diaphanus,11
S289,Chaetogaster limnaei,6
S289,Opidonais sp.,7
S289,Amphichaeta asiatica,14
S289,Haemonais waldvogeli,11
S289,Nais variabilis,8
S289,Nais communis,7
S289,Stylaria fossularis,7
S289,Pristina biserrata,7
S289,Pristina longiseta,6
S289,Mesenchytreanus sp.,3
S289,Lumbriculus variegatus,9
S289,Lamprotus orientalis,10
S289,Eisenia koreana,8
S289,Helobdella stagnalis,4
S289,Erpobdella lineata,3
S289,Cyprididae sp.,4
S289,Gnorimosphaeroma sp.,10
S289,Asellus sp.,10
S289,Collembola sp.,8
S289,Baetis fuscatus,8
S289,Cloeon dipterum,4
S289,Labiobaetis atrebatinus,10
S289,Procloeon maritimum,6
S289,Procloeon pennulatum,6
S289,Choroterpes altioculus,6
S289,Rhoenanthus coreanus,7
S289,Ephoron shigae,9
S289,Ephemera orientalis,11
S289,Psychoda sp.,8
S289,Dixidae sp.,11
S289,Ceratopogonidae sp.,11
S289,Benthalia sp.,10
S289,Chironomus flaviplumus,16
S289,Chironomus sp.,3
S289,Cladotanytarsus vanderwulpi,9
S289,Cryptochironomus sp.,8
S289,Demicryptochironomus sp.,8
S289,Dicrotendipes nervosus,9
S289,Harnischia japonica,6
S289,Harnischiagumsanea,3
S289,Harnischia sp.,8
S289,Microchironomus sp.,1
S289,Nilothauma sp.,11
S289,Parachironomus gracilior,9
S289,Paratanytarsus inopertus,3
S289,Paratanytarsus grimmii,2
S289,Paratendipes albimanus,8
S289,Polypedilum pedestre,7
S289,Polypedilum decematoguttatum,10
S289,Polypedilum masudai,11
S289,Stictochironomus sp.,13
S289,Tanytarsus kiseogi,11
S289,Tanytarsus tamagotoi,8
S289,Tanytarsus tamakutibasi,7
S289,Tanytarsus sp.,12
S289,Thienemanniella sp.,9
S289,Brillia japonica,3
S289,Cricotopus bimaculatus,8
S289,Cricotopus sylvestris,5
S289,Cricotopus triannulatus,8
S289,Eukiefferiella sp.,4
S289,Hydrobaenus kondoi,9
S289,Limnophyes tamakitanaides,6
S289,Orthocladius glabripennis,7
S289,Orthocladius sp.,10
S289,Propsilocerus akamusi,5
S289,Ablabesmyia monilis,7
S289,Ablabesmyia prorasha,9
S289,Ablabesmyia sp.,16
S289,Conchapelopia sp.,5
S289,Rheopelopia sp.,8
S289,Saetheria tylus,7
S290,Anodonta woodiana,12
S290,Musculium lacustre,7
S290,Hediste sp.,9
S290,Rhyacodrilus coccineus,7
S290,Tubifex tubifex,9
S290,Limnodrilus claparedeianus,9
S290,Limnodrilus udekimineanus,6
S290,Haplotaxis gordioides,5
S290,Chaetogaster diaphanus,6
S290,Chaetogaster limnaei,9
S290,Branchiodrilus hortensis,3
S290,Opidonais sp.,6
S290,Amphichaeta asiatica,7
S290,Haemonais waldvogeli,6
S290,Nais variabilis,7
S290,Nais communis,5
S290,Stylaria fossularis,10
S290,Pristina biserrata,11
S290,Henlea sp.,10
S290,Mesenchytreanus sp.,2
S290,Lumbriculus variegatus,5
S290,Lamprotus orientalis,5
S290,Eisenia koreana,5
S290,Helobdella stagnalis,11
S290,Erpobdella lineata,8
S290,Cyprididae sp.,8
S290,Gnorimosphaeroma sp.,10
S290,Asellus sp.,3
S290,Gammarus sp.,8
S290,Cloeon dipterum,6
S290,Labiobaetis atrebatinus,8
S290,Procloeon maritimum,7
S290,Procloeon pennulatum,7
S290,Choroterpes altioculus,9
S290,Rhoenanthus coreanus,8
S290,Ephemera orientalis,11
S290,Serratella setigera,5
S290,Caenis sp.,6
S290,Psychoda sp.,8
S290,Dixidae sp.,6
S290,Ceratopogonidae sp.,4
S290,Benthalia sp.,9
S290,Chironomus circumdatus,8
S290,Chironomus flaviplumus,10
S290,Chironomus edwardsi,3
S290,Chironomus sp.,7
S290,Cladotanytarsus vanderwulpi,10
S290,Cryptochironomus sp.,12
S290,Dicrotendipes sp.,8
S290,Glyptotendipes tokunagai,2
S290,Harnischia sp.,9
S290,Lipiniella moderata,5
S290,Microtendipes sp.,13
S290,Parachironomus gracilior,6
S290,Parachironomus arcuatus,3
S290,Paratanytarsus inopertus,4
S290,Paratanytarsus sp.,8
S290,Paratendipes albimanus,11
S290,Paratendipes sp.,12
S290,Polypedilum asakawaense,13
S290,Polypedilum pedestre,6
S290,Polypedilum nubifer,8
S290,Polypedilum decematoguttatum,10
S290,Polypedilum masudai,7
S290,Polypedilum nubeculosum,7
S290,Polypedilum sp.,8
S290,Stictochironomus sinsauensis,8
S290,Stictochironomus sp.,7
S290,Tanytarsus kiseogi,10
S290,Tanytarsus tamagotoi,12
S290,Tanytarsus tamakutibasi,9
S290,Tanytarsus formosanus,3
S290,Tanytarsus sp.,10
S290,Brillia japonica,10
S290,Cricotopus bimaculatus,4
S290,Cricotopus sylvestris,7
S290,Cricotopus sp.,7
S290,Eukiefferiella sp.,8
S290,Hydrobaenus kondoi,4
S290,Hydrobaenus sp.,7
S290,Limnophyes tamakitanaides,9
S290,Orthocladius sp.,15
S290,Paratrichocladius rufiventris,3
S290,Rheocricotopus sp.,5
S290,Ablabesmyia longistyla,8
S290,Ablabesmyia sp.,11
S290,Procladius sp.,11
S290,Rheopelopia sp.,14
S290,Saetheria tylus,6
S290,Cladopelma edwardsi,6
S290,Cladopelma virescens,5
S290,Chironomidae sp.,17
S291,Anodonta woodiana,10
S291,Corbicula fluminea,9
S291,Hediste sp.,6
S291,Branchiura sowerbyi,13
S291,Rhyacodrilus coccineus,10
S291,Tubifex tubifex,9
S291,Limnodrilus claparedeianus,9
S291,Limnodrilus hoffmeisteri,11
S291,Limnodrilus udekimineanus,6
S291,Haplotaxis gordioides,9
S291,Chaetogaster diaphanus,9
S291,Opidonais sp.,7
S291,Amphichaeta asiatica,12
S291,Haemonais waldvogeli,13
S291,Nais variabilis,3
S291,Slavina appendiculata,11
S291,Henlea sp.,5
S291,Mesenchytreanus sp.,11
S291,Lamprotus orientalis,7
S291,Erpobdella lineata,12
S291,Gnorimosphaeroma sp.,8
S291,Asellus sp.,13
S291,Gammarus sp.,7
S291,Baetis fuscatus,9
S291,Procloeon maritimum,4
S291,Potamanthus formosus,11
S291,Ephoron shigae,13
S291,Ephemera orientalis,7
S291,Caenis sp.,12
S291,Psychoda sp.,7
S291,Dixidae sp.,8
S291,Benthalia sp.,9
S291,Chironomus kiiensis,5
S291,Chironomus nipponensis,10
S291,Chironomus sp.,7
S291,Cladotanytarsus vanderwulpi,8
S291,Demicryptochironomus sp.,10
S291,Dicrotendipes nervosus,13
S291,Dicrotendipes pelochloris,9
S291,Dicrotendipes septemmaculatus,5
S291,Dicrotendipes sp.,7
S291,Harnischia japonica,15
S291,Harnischia sp.,9
S291,Lipiniella moderata,8
S291,Microchironomus tener,8
S291,Microtendipes sp.,10
S291,Nilothauma sp.,9
S291,Parachironomus gracilior,16
S291,Paratanytarsus sp.,8
S291,Paratendipes sp.,10
S291,Polypedilum asakawaense,6
S291,Polypedilum pedestre,8
S291,Polypedilum nubifer,8
S291,Polypedilum masudai,6
S291,Polypedilum cultellatum,5
S291,Polypedilum nubeculosum,9
S291,Stictochironomus sp.,6
S291,Tanytarsus kiseogi,15
S291,Tanytarsus tamagotoi,8
S291,Tanytarsus sp.,8
S291,Potthastia sp.,8
S291,Thienemanniella sp.,11
S291,Corynoneura sp.,7
S291,Cricotopus bicinctus,8
S291,Cricotopus triannulatus,10
S291,Eukiefferiella sp.,7
S291,Hydrobaenus kondoi,10
S291,Hydrobaenus sp.,7
S291,Limnophyes tamakitanaides,8
S291,Orthocladius sp.,6
S291,Ablabesmyia longistyla,5
S291,Ablabesmyia prorasha,16
S291,Conchapelopia sp.,13
S291,Procladius choreus,4
S291,Procladius sp.,7
S291,Rheopelopia sp.,7
S291,Saetheria tylus,6
S291,Cladopelma virescens,5
S291,Ecnomus sp.,7
S292,Hediste sp.,1
S292,Branchiura sowerbyi,2
S292,Chaetogaster diaphanus,12
S292,Chaetogaster limnaei,15
S292,Opidonais sp.,4
S292,Haemonais waldvogeli,6
S292,Pristina biserrata,6
S292,Lamprotus orientalis,4
S292,Labiobaetis atrebatinus,4
S292,Procloeon maritimum,7
S292,Potamanthus formosus,7
S292,Rhoenanthus coreanus,12
S292,Ephoron shigae,8
S292,Ephemera orientalis,8
S292,Psychoda sp.,5
S292,Chironomus circumdatus,3
S292,Harnischia sp.,2
S292,Microchironomus tener,6
S292,Nilothauma sp.,2
S292,Paratendipes albimanus,4
S292,Paratendipes sp.,4
S292,Polypedilum asakawaense,1
S292,Polypedilum pedestre,12
S292,Polypedilum nubifer,10
S292,Polypedilum masudai,1
S292,Stictochironomus sinsauensis,9
S292,Tanytarsus tamakutibasi,5
S292,Tanytarsus formosanus,1
S292,Thienemanniella sp.,8
S292,Cricotopus bicinctus,4
S292,Eukiefferiella sp.,8
S292,Hydrobaenus kondoi,6
S292,Propsilocerus akamusi,5
S292,Rheocricotopus sp.,8
S292,Ablabesmyia prorasha,10
S292,Procladius choreus,6
S292,Saetheria tylus,13
S292,Chironomidae sp.,9
S293,Anodonta woodiana,5
S293,Musculium lacustre,1
S293,Rhyacodrilus coccineus,5
S293,Limnodrilus claparedeianus,9
S293,Pristina biserrata,8
S293,Lamprotus orientalis,5
S293,Gammarus sp.,3
S293,Choroterpes altioculus,3
S293,Potamanthus formosus,5
S293,Ephoron shigae,8
S293,Caenis sp.,1
S293,Chironomus circumdatus,6
S293,Cladotanytarsus vanderwulpi,1
S293,Nilothauma sp.,2
S293,Paratanytarsus inopertus,1
S293,Paratanytarsus sp.,2
S293,Paratendipes sp.,13
S293,Tanytarsus takahashii,7
S293,Tanytarsus tamakutibasi,2
S293,Brillia japonica,2
S293,Cricotopus sp.,3
S293,Eukiefferiella sp.,5
S293,Conchapelopia sp.,2
S293,Chironomidae sp.,4
S294,Anodonta woodiana,7
S294,Corbicula fluminea,6
S294,Musculium lacustre,4
S294,Rhyacodrilus coccineus,9
S294,Tubifex tubifex,5
S294,Limnodrilus claparedeianus,9
S294,Limnodrilus udekimineanus,11
S294,Haplotaxis gordioides,5
S294,Chaetogaster diaphanus,4
S294,Chaetogaster limnaei,11
S294,Branchiodrilus hortensis,9
S294,Opidonais sp.,8
S294,Amphichaeta asiatica,5
S294,Haemonais waldvogeli,9
S294,Slavina appendiculata,8
S294,Stylaria fossularis,13
S294,Pristina biserrata,10
S294,Pristina longiseta,6
S294,Mesenchytreanus sp.,14
S294,Lumbriculus variegatus,8
S294,Eisenia koreana,10
S294,Erpobdella sp.,9
S294,Gnorimosphaeroma sp.,9
S294,Asellus sp.,7
S294,Collembola sp.,11
S294,Baetis fuscatus,7
S294,Cloeon dipterum,11
S294,Labiobaetis atrebatinus,9
S294,Procloeon maritimum,12
S294,Choroterpes altioculus,8
S294,Potamanthus formosus,8
S294,Rhoenanthus coreanus,8
S294,Ephoron shigae,12
S294,Caenis sp.,13
S294,Psychoda sp.,7
S294,Dixidae sp.,12
S294,Ceratopogonidae sp.,11
S294,Benthalia sp.,5
S294,Chironomus circumdatus,10
S294,Chironomus flaviplumus,13
S294,Chironomus kiiensis,9
S294,Chironomus nipponensis,5
S294,Chironomus sp.,8
S294,Cryptochironomus sp.,9
S294,Demicryptochironomus sp.,7
S294,Dicrotendipes septemmaculatus,6
S294,Glyptotendipes tokunagai,12
S294,Harnischiagumsanea,5
S294,Harnischia sp.,7
S294,Microchironomus tener,7
S294,Nilothauma sp.,12
S294,Parachironomus gracilior,13
S294,Paratanytarsus inopertus,6
S294,Paratanytarsus grimmii,7
S294,Paratendipes albimanus,2
S294,Paratendipes sp.,12
S294,Polypedilum asakawaense,4
S294,Polypedilum pedestre,7
S294,Polypedilum decematoguttatum,5
S294,Polypedilum sp.,6
S294,Stictochironomus sinsauensis,7
S294,Stictochironomus sp.,11
S294,Tanytarsus kiseogi,5
S294,Tanytarsus tamagotoi,9
S294,Tanytarsus formosanus,1
S294,Thienemanniella sp.,6
S294,Brillia japonica,13
S294,Corynoneura sp.,10
S294,Cricotopus triannulatus,9
S294,Cricotopus sp.,7
S294,Eukiefferiella sp.,7
S294,Hydrobaenus sp.,10
S294,Orthocladius glabripennis,7
S294,Orthocladius sp.,8
S294,Paratrichocladius rufiventris,8
S294,Propsilocerus akamusi,8
S294,Rheocricotopus sp.,11
S294,Ablabesmyia longistyla,8
S294,Ablabesmyia monilis,13
S294,Ablabesmyia prorasha,10
S294,Ablabesmyia sp.,12
S294,Conchapelopia sp.,3
S294,Hayesomyia tripunctata,5
S294,Procladius nigriventris,8
S294,Procladius sp.,9
S294,Saetheria tylus,6
S294,Chironomidae sp.,12
S294,Ecnomus sp.,11
S295,Anodonta woodiana,11
S295,Corbicula fluminea,14
S295,Musculium lacustre,9
S295,Hediste sp.,6
S295,Branchiura sowerbyi,12
S295,Bothrioneurum vejdoskynum,12
S295,Rhyacodrilus coccineus,7
S295,Limnodrilus hoffmeisteri,5
S295,Limnodrilus udekimineanus,5
S295,Chaetogaster limnaei,8
S295,Nais variabilis,7
S295,Nais communis,13
S295,Stylaria fossularis,3
S295,Henlea sp.,5
S295,Mesenchytreanus sp.,8
S295,Lamprotus orientalis,13
S295,Eisenia koreana,9
S295,Helobdella stagnalis,8
S295,Erpobdella sp.,6
S295,Cyprididae sp.,7
S295,Cyathura higoensis,2
S295,Baetis fuscatus,9
S295,Cloeon dipterum,8
S295,Procloeon pennulatum,2
S295,Potamanthus formosus,8
S295,Rhoenanthus coreanus,12
S295,Ephoron shigae,10
S295,Ephemera orientalis,9
S295,Caenis sp.,18
S295,Psychoda sp.,8
S295,Dixidae sp.,9
S295,Ceratopogonidae sp.,10
S295,Benthalia sp.,9
S295,Chironomus circumdatus,9
S295,Chironomus flaviplumus,8
S295,Chironomus kiiensis,8
S295,Chironomus edwardsi,12
S295,Chironomus sp.,8
S295,Cladotanytarsus vanderwulpi,7
S295,Cryptochironomus sp.,15
S295,Demicryptochironomus sp.,10
S295,Dicrotendipes nervosus,5
S295,Dicrotendipes sp.,4
S295,Glyptotendipes tokunagai,7
S295,Harnischia japonica,15
S295,Harnischia sp.,8
S295,Microchironomus sp.,9
S295,Nilothauma sp.,9
S295,Parachironomus gracilior,8
S295,Paratanytarsus inopertus,7
S295,Paratanytarsus sp.,13
S295,Paratendipes albimanus,9
S295,Paratendipes sp.,5
S295,Polypedilum asakawaense,7
S295,Polypedilum pedestre,4
S295,Polypedilum nubifer,8
S295,Polypedilum decematoguttatum,12
S295,Polypedilum masudai,11
S295,Polypedilum nubeculosum,5
S295,Polypedilum sp.,3
S295,Stictochironomus sinsauensis,7
S295,Stictochironomus sp.,9
S295,Tanytarsus kiseogi,10
S295,Tanytarsus takahashii,9
S295,Tanytarsus tamakutibasi,7
S295,Tanytarsus sp.,6
S295,Potthastia sp.,7
S295,Thienemanniella sp.,11
S295,Brillia japonica,10
S295,Cricotopus bicinctus,1
S295,Cricotopus bimaculatus,8
S295,Cricotopus sylvestris,6
S295,Cricotopus triannulatus,10
S295,Cricotopus sp.,10
S295,Hydrobaenus kondoi,8
S295,Hydrobaenus sp.,8
S295,Orthocladius glabripennis,10
S295,Propsilocerus akamusi,9
S295,Ablabesmyia longistyla,5
S295,Ablabesmyia prorasha,10
S295,Hayesomyia tripunctata,6
S295,Procladius choreus,10
S295,Procladius nigriventris,4
S295,Rheopelopia sp.,14
S295,Tanypus punctipennis,2
S295,Saetheria tylus,7
S295,Cladopelma virescens,3
S295,Chironomidae sp.,9
S295,Ephydridae sp.,2
S295,Ecnomus sp.,4
S296,Corbicula fluminea,9
S296,Musculium lacustre,6
S296,Hediste sp.,7
S296,Branchiura sowerbyi,4
S296,Rhyacodrilus coccineus,8
S296,Tubifex tubifex,8
S296,Limnodrilus claparedeianus,6
S296,Limnodrilus hoffmeisteri,8
S296,Haplotaxis gordioides,11
S296,Chaetogaster limnaei,10
S296,Amphichaeta asiatica,8
S296,Nais variabilis,11
S296,Nais communis,7
S296,Slavina appendiculata,6
S296,Stylaria fossularis,11
S296,Pristina longiseta,7
S296,Henlea sp.,10
S296,Mesenchytreanus sp.,7
S296,Lamprotus orientalis,9
S296,Helobdella stagnalis,6
S296,Erpobdella lineata,5
S296,Gnorimosphaeroma sp.,11
S296,Monocorophium sp.,3
S296,Baetis fuscatus,6
S296,Procloeon maritimum,8
S296,Procloeon pennulatum,7
S296,Choroterpes altioculus,12
S296,Potamanthus formosus,9
S296,Ephoron shigae,11
S296,Serratella setigera,7
S296,Dixidae sp.,9
S296,Ceratopogonidae sp.,4
S296,Benthalia sp.,12
S296,Chironomus flaviplumus,5
S296,Chironomus kiiensis,11
S296,Chironomus edwardsi,13
S296,Chironomus sp.,10
S296,Cladotanytarsus vanderwulpi,4
S296,Demicryptochironomus sp.,11
S296,Dicrotendipes nervosus,9
S296,Dicrotendipes septemmaculatus,11
S296,Glyptotendipes tokunagai,11
S296,Harnischia sp.,4
S296,Lipiniella moderata,8
S296,Microchironomus tener,11
S296,Microchironomus sp.,11
S296,Microtendipes sp.,2
S296,Nilothauma sp.,8
S296,Parachironomus gracilior,7
S296,Paratanytarsus inopertus,7
S296,Paratanytarsus sp.,8
S296,Paratendipes sp.,6
S296,Polypedilum pedestre,4
S296,Polypedilum masudai,12
S296,Polypedilum cultellatum,15
S296,Polypedilum nubeculosum,3
S296,Polypedilum sp.,7
S296,Stictochironomus sinsauensis,10
S296,Stictochironomus sp.,10
S296,Tanytarsus kiseogi,12
S296,Tanytarsus formosanus,11
S296,Tanytarsus sp.,7
S296,Thienemanniella sp.,7
S296,Brillia japonica,8
S296,Corynoneura sp.,4
S296,Cricotopus sylvestris,8
S296,Cricotopus sp.,7
S296,Eukiefferiella sp.,13
S296,Limnophyes tamakitanaides,5
S296,Orthocladius glabripennis,6
S296,Paratrichocladius rufiventris,10
S296,Ablabesmyia monilis,10
S296,Ablabesmyia sp.,10
S296,Conchapelopia sp.,10
S296,Procladius choreus,6
S296,Rheopelopia sp.,10
S296,Saetheria tylus,9
S296,Syrphidae sp.,10
S297,Anodonta woodiana,14
S297,Corbicula fluminea,10
S297,Musculium lacustre,7
S297,Bothrioneurum vejdoskynum,12
S297,Rhyacodrilus coccineus,6
S297,Tubifex tubifex,8
S297,Haplotaxis gordioides,11
S297,Chaetogaster diaphanus,9
S297,Chaetogaster limnaei,12
S297,Branchiodrilus hortensis,2
S297,Opidonais sp.,6
S297,Amphichaeta asiatica,4
S297,Haemonais waldvogeli,11
S297,Nais variabilis,2
S297,Slavina appendiculata,8
S297,Henlea sp.,7
S297,Lamprotus orientalis,6
S297,Erpobdella lineata,10
S297,Cyprididae sp.,5
S297,Gammarus sp.,5
S297,Monocorophium sp.,1
S297,Baetis fuscatus,11
S297,Labiobaetis atrebatinus,8
S297,Procloeon pennulatum,5
S297,Choroterpes altioculus,10
S297,Rhoenanthus coreanus,8
S297,Ephoron shigae,7
S297,Ephemera orientalis,11
S297,Serratella setigera,10
S297,Caenis sp.,5
S297,Ceratopogonidae sp.,5
S297,Chironomus flaviplumus,5
S297,Chironomus sp.,5
S297,Cladotanytarsus vanderwulpi,7
S297,Dicrotendipes nervosus,7
S297,Glyptotendipes tokunagai,13
S297,Harnischia japonica,10
S297,Harnischiagumsanea,4
S297,Lipiniella moderata,14
S297,Microtendipes sp.,10
S297,Nilothauma sp.,8
S297,Paratanytarsus sp.,6
S297,Polypedilum asakawaense,6
S297,Polypedilum pedestre,9
S297,Polypedilum nubifer,8
S297,Polypedilum decematoguttatum,9
S297,Polypedilum masudai,1
S297,Polypedilum cultellatum,9
S297,Polypedilum sp.,6
S297,Stictochironomus sinsauensis,5
S297,Stictochironomus sp.,8
S297,Tanytarsus kiseogi,7
S297,Tanytarsus sp.,8
S297,Brillia japonica,5
S297,Corynoneura sp.,10
S297,Cricotopus bimaculatus,11
S297,Cricotopus sylvestris,7
S297,Cricotopus sp.,5
S297,Eukiefferiella sp.,6
S297,Hydrobaenus kondoi,12
S297,Hydrobaenus sp.,6
S297,Orthocladius glabripennis,6
S297,Propsilocerus akamusi,9
S297,Rheocricotopus sp.,9
S297,Ablabesmyia monilis,2
S297,Conchapelopia sp.,9
S297,Procladius choreus,5
S297,Procladius sp.,4
S297,Rheopelopia sp.,9
S297,Saetheria tylus,9
S297,Cladopelma virescens,7
S298,Anodonta woodiana,3
S298,Hediste sp.,13
S298,Branchiura sowerbyi,6
S298,Bothrioneurum vejdoskynum,5
S298,Rhyacodrilus coccineus,10
S298,Limnodrilus claparedeianus,5
S298,Limnodrilus hoffmeisteri,8
S298,Chaetogaster diaphanus,12
S298,Chaetogaster limnaei,9
S298,Branchiodrilus hortensis,9
S298,Opidonais sp.,8
S298,Haemonais waldvogeli,11
S298,Nais communis,3
S298,Slavina appendiculata,5
S298,Stylaria fossularis,6
S298,Pristina biserrata,6
S298,Pristina longiseta,10
S298,Henlea sp.,10
S298,Lumbriculus variegatus,9
S298,Lamprotus orientalis,9
S298,Eisenia koreana,3
S298,Helobdella stagnalis,9
S298,Erpobdella sp.,8
S298,Cyprididae sp.,6
S298,Gnorimosphaeroma sp.,10
S298,Cyathura higoensis,8
S298,Monocorophium sp.,13
S298,Collembola sp.,11
S298,Choroterpes altioculus,8
S298,Potamanthus formosus,6
S298,Rhoenanthus coreanus,8
S298,Ephemera orientalis,7
S298,Psychoda sp.,8
S298,Dixidae sp.,12
S298,Ceratopogonidae sp.,7
S298,Chironomus flaviplumus,7
S298,Chironomus sp.,10
S298,Cladotanytarsus vanderwulpi,8
S298,Cryptochironomus sp.,7
S298,Dicrotendipes septemmaculatus,7
S298,Glyptotendipes tokunagai,14
S298,Harnischia japonica,8
S298,Harnischiagumsanea,7
S298,Lipiniella moderata,12
S298,Microchironomus sp.,6
S298,Microtendipes sp.,17
S298,Nilothauma sp.,7
S298,Parachironomus gracilior,11
S298,Parachironomus arcuatus,9
S298,Paratanytarsus inopertus,5
S298,Paratanytarsus grimmii,7
S298,Paratanytarsus sp.,16
S298,Paratendipes albimanus,8
S298,Paratendipes sp.,11
S298,Polypedilum asakawaense,7
S298,Polypedilum pedestre,7
S298,Polypedilum decematoguttatum,5
S298,Polypedilum masudai,6
S298,Polypedilum nubeculosum,8
S298,Stictochironomus sinsauensis,10
S298,Tanytarsus takahashii,5
S298,Tanytarsus tamagotoi,9
S298,Tanytarsus formosanus,6
S298,Potthastia sp.,10
S298,Brillia japonica,8
S298,Corynoneura sp.,11
S298,Cricotopus bicinctus,9
S298,Cricotopus sylvestris,10
S298,Cricotopus triannulatus,9
S298,Hydrobaenus kondoi,15
S298,Limnophyes tamakitanaides,6
S298,Orthocladius glabripennis,6
S298,Orthocladius sp.,3
S298,Ablabesmyia longistyla,6
S298,Ablabesmyia monilis,9
S298,Ablabesmyia prorasha,6
S298,Ablabesmyia sp.,11
S298,Conchapelopia sp.,13
S298,Hayesomyia tripunctata,8
S298,Procladius choreus,5
S298,Procladius nigriventris,5
S298,Procladius sp.,5
S298,Tanypus punctipennis,5
S298,Cladopelma edwardsi,13
S298,Cladopelma virescens,10
S298,Chironomidae sp.,9
S298,Syrphidae sp.,7
S298,Ephydridae sp.,6
S299,Anodonta woodiana,5
S299,Corbicula fluminea,17
S299,Musculium lacustre,12
S299,Rhyacodrilus coccineus,5
S299,Limnodrilus hoffmeisteri,8
S299,Limnodrilus udekimineanus,7
S299,Haplotaxis gordioides,9
S299,Chaetogaster diaphanus,8
S299,Branchiodrilus hortensis,16
S299,Amphichaeta asiatica,10
S299,Nais variabilis,8
S299,Slavina appendiculata,8
S299,Pristina biserrata,8
S299,Pristina longiseta,9
S299,Henlea sp.,6
S299,Mesenchytreanus sp.,6
S299,Lumbriculus variegatus,11
S299,Lamprotus orientalis,11
S299,Helobdella stagnalis,4
S299,Erpobdella lineata,8
S299,Erpobdella sp.,7
S299,Cyprididae sp.,7
S299,Cyathura higoensis,7
S299,Asellus sp.,13
S299,Gammarus sp.,13
S299,Monocorophium sp.,2
S299,Collembola sp.,8
S299,Labiobaetis atrebatinus,10
S299,Procloeon maritimum,10
S299,Choroterpes altioculus,11
S299,Potamanthus formosus,8
S299,Serratella setigera,11
S299,Caenis sp.,7
S299,Ceratopogonidae sp.,11
S299,Benthalia sp.,7
S299,Chironomus flaviplumus,12
S299,Chironomus nipponensis,13
S299,Chironomus sp.,15
S299,Cladotanytarsus vanderwulpi,13
S299,Cryptochironomus sp.,11
S299,Demicryptochironomus sp.,9
S299,Dicrotendipes nervosus,15
S299,Dicrotendipes septemmaculatus,11
S299,Glyptotendipes tokunagai,4
S299,Harnischia japonica,9
S299,Harnischiagumsanea,5
S299,Harnischia sp.,6
S299,Microchironomus tener,13
S299,Microchironomus sp.,14
S299,Microtendipes sp.,7
S299,Parachironomus gracilior,6
S299,Parachironomus arcuatus,4
S299,Paratanytarsus inopertus,5
S299,Paratanytarsus grimmii,10
S299,Paratendipes sp.,6
S299,Polypedilum pedestre,5
S299,Polypedilum nubifer,7
S299,Polypedilum decematoguttatum,10
S299,Polypedilum cultellatum,4
S299,Polypedilum nubeculosum,5
S299,Polypedilum sp.,5
S299,Stictochironomus sinsauensis,9
S299,Stictochironomus sp.,8
S299,Tanytarsus takahashii,8
S299,Tanytarsus tamagotoi,9
S299,Tanytarsus tamakutibasi,5
S299,Tanytarsus sp.,6
S299,Corynoneura sp.,4
S299,Cricotopus bimaculatus,5
S299,Cricotopus sylvestris,9
S299,Cricotopus sp.,9
S299,Limnophyes tamakitanaides,8
S299,Orthocladius glabripennis,14
S299,Orthocladius sp.,9
S299,Paratrichocladius rufiventris,11
S299,Ablabesmyia monilis,8
S299,Ablabesmyia sp.,9
S299,Conchapelopia sp.,13
S299,Procladius choreus,11
S299,Rheopelopia sp.,10
S299,Saetheria tylus,17
S299,Cladopelma virescens,15
S299,Chironomidae sp.,12
S299,Ecnomus sp.,7
S300,Anodonta woodiana,3
S300,Musculium lacustre,13
S300,Bothrioneurum vejdoskynum,4
S300,Rhyacodrilus coccineus,7
S300,Tubifex tubifex,6
S300,Limnodrilus claparedeianus,9
S300,Limnodrilus hoffmeisteri,9
S300,Haplotaxis gordioides,12
S300,Chaetogaster limnaei,15
S300,Branchiodrilus hortensis,2
S300,Amphichaeta asiatica,9
S300,Haemonais waldvogeli,4
S300,Stylaria fossularis,11
S300,Pristina longiseta,7
S300,Henlea sp.,4
S300,Mesenchytreanus sp.,5
S300,Lamprotus orientalis,9
S300,Eisenia koreana,3
S300,Helobdella stagnalis,7
S300,Erpobdella lineata,11
S300,Erpobdella sp.,2
S300,Gammarus sp.,7
S300,Collembola sp.,11
S300,Labiobaetis atrebatinus,5
S300,Procloeon pennulatum,7
S300,Potamanthus formosus,9
S300,Rhoenanthus coreanus,8
S300,Serratella setigera,6
S300,Psychoda sp.,8
S300,Dixidae sp.,5
S300,Benthalia sp.,7
S300,Chironomus circumdatus,6
S300,Chironomus kiiensis,3
S300,Chironomus nipponensis,5
S300,Chironomus edwardsi,6
S300,Chironomus sp.,5
S300,Cladotanytarsus vanderwulpi,7
S300,Cryptochironomus sp.,10
S300,Demicryptochironomus sp.,5
S300,Dicrotendipes sp.,6
S300,Glyptotendipes tokunagai,9
S300,Harnischia japonica,8
S300,Harnischia sp.,8
S300,Lipiniella moderata,4
S300,Microchironomus tener,10
S300,Nilothauma sp.,8
S300,Parachironomus gracilior,7
S300,Parachironomus arcuatus,2
S300,Paratendipes albimanus,15
S300,Polypedilum pedestre,5
S300,Polypedilum decematoguttatum,5
S300,Polypedilum cultellatum,8
S300,Polypedilum nubeculosum,3
S300,Polypedilum sp.,5
S300,Stictochironomus sinsauensis,6
S300,Stictochironomus sp.,7
S300,Tanytarsus takahashii,9
S300,Tanytarsus sp.,7
S300,Thienemanniella sp.,10
S300,Corynoneura sp.,11
S300,Cricotopus bimaculatus,9
S300,Hydrobaenus kondoi,7
S300,Hydrobaenus sp.,8
S300,Limnophyes tamakitanaides,5
S300,Paratrichocladius rufiventris,12
S300,Rheocricotopus sp.,8
S300,Ablabesmyia monilis,4
S300,Procladius choreus,6
S300,Rheopelopia sp.,10
S300,Saetheria tylus,7
S300,Cladopelma virescens,12
S301,Pristina longiseta,3
S301,Rhoenanthus coreanus,5
S301,Microchironomus tener,1
S301,Parachironomus gracilior,3
S301,Polypedilum pedestre,3
S302,Anodonta woodiana,8
S302,Corbicula fluminea,8
S302,Rhyacodrilus coccineus,5
S302,Tubifex tubifex,6
S302,Haplotaxis gordioides,7
S302,Opidonais sp.,6
S302,Amphichaeta asiatica,4
S302,Haemonais waldvogeli,9
S302,Nais communis,4
S302,Stylaria fossularis,5
S302,Pristina longiseta,11
S302,Lumbriculus variegatus,11
S302,Lamprotus orientalis,6
S302,Eisenia koreana,5
S302,Erpobdella lineata,4
S302,Cyprididae sp.,1
S302,Gnorimosphaeroma sp.,5
S302,Gammarus sp.,5
S302,Choroterpes altioculus,10
S302,Rhoenanthus coreanus,7
S302,Ephoron shigae,7
S302,Ceratopogonidae sp.,6
S302,Benthalia sp.,7
S302,Chironomus circumdatus,9
S302,Chironomus flaviplumus,6
S302,Chironomus edwardsi,1
S302,Chironomus sp.,5
S302,Cryptochironomus sp.,5
S302,Dicrotendipes nervosus,10
S302,Glyptotendipes tokunagai,2
S302,Harnischia japonica,4
S302,Harnischia sp.,7
S302,Lipiniella moderata,8
S302,Microchironomus tener,7
S302,Parachironomus arcuatus,5
S302,Paratanytarsus sp.,5
S302,Paratendipes albimanus,9
S302,Polypedilum asakawaense,6
S302,Polypedilum pedestre,6
S302,Polypedilum nubifer,9
S302,Stictochironomus sinsauensis,10
S302,Tanytarsus kiseogi,6
S302,Tanytarsus takahashii,11
S302,Tanytarsus tamagotoi,8
S302,Tanytarsus tamakutibasi,9
S302,Tanytarsus sp.,6
S302,Potthastia sp.,7
S302,Cricotopus bicinctus,9
S302,Cricotopus bimaculatus,12
S302,Cricotopus triannulatus,7
S302,Eukiefferiella sp.,7
S302,Hydrobaenus kondoi,5
S302,Hydrobaenus sp.,6
S302,Orthocladius sp.,6
S302,Rheocricotopus sp.,8
S302,Ablabesmyia monilis,9
S302,Ablabesmyia sp.,9
S302,Conchapelopia sp.,4
S302,Procladius choreus,11
S302,Rheopelopia sp.,4
S302,Saetheria tylus,14
S303,Anodonta woodiana,4
S303,Musculium lacustre,9
S303,Bothrioneurum vejdoskynum,6
S303,Rhyacodrilus coccineus,4
S303,Chaetogaster diaphanus,13
S303,Chaetogaster limnaei,8
S303,Branchiodrilus hortensis,2
S303,Stylaria fossularis,5
S303,Pristina biserrata,4
S303,Pristina longiseta,10
S303,Lumbriculus variegatus,3
S303,Lamprotus orientalis,9
S303,Erpobdella lineata,3
S303,Erpobdella sp.,2
S303,Asellus sp.,1
S303,Baetis fuscatus,5
S303,Procloeon maritimum,4
S303,Procloeon pennulatum,8
S303,Ephoron shigae,8
S303,Caenis sp.,9
S303,Cladotanytarsus vanderwulpi,7
S303,Cryptochironomus sp.,3
S303,Microchironomus tener,7
S303,Nilothauma sp.,4
S303,Paratendipes sp.,7
S303,Polypedilum pedestre,6
S303,Stictochironomus sp.,1
S303,Tanytarsus kiseogi,8
S303,Tanytarsus takahashii,8
S303,Thienemanniella sp.,16
S303,Brillia japonica,7
S303,Corynoneura sp.,5
S303,Cricotopus bicinctus,5
S303,Cricotopus bimaculatus,8
S303,Cricotopus triannulatus,9
S303,Eukiefferiella sp.,7
S303,Orthocladius sp.,6
S303,Propsilocerus akamusi,2
S303,Rheocricotopus sp.,7
S303,Ablabesmyia prorasha,7
S303,Conchapelopia sp.,2
S303,Procladius choreus,4
S303,Cladopelma virescens,1
S303,Chironomidae sp.,10
S303,Ecnomus sp.,1
S304,Opidonais sp.,2
S304,Procloeon maritimum,6
S304,Procloeon pennulatum,4
S304,Ephoron shigae,4
S304,Caenis sp.,1
S304,Chironomus circumdatus,6
S304,Chironomus edwardsi,1
S304,Polypedilum pedestre,9
S304,Thienemanniella sp.,6
S304,Eukiefferiella sp.,3
S304,Saetheria tylus,4
S304,Chironomidae sp.,2
S305,Corbicula fluminea,8
S305,Hediste sp.,2
S305,Bothrioneurum vejdoskynum,6
S305,Limnodrilus claparedeianus,7
S305,Haplotaxis gordioides,5
S305,Chaetogaster diaphanus,9
S305,Chaetogaster limnaei,10
S305,Branchiodrilus hortensis,7
S305,Amphichaeta asiatica,11
S305,Haemonais waldvogeli,4
S305,Nais variabilis,9
S305,Pristina biserrata,9
S305,Lumbriculus variegatus,7
S305,Helobdella stagnalis,7
S305,Erpobdella sp.,4
S305,Gnorimosphaeroma sp.,9
S305,Cyathura higoensis,2
S305,Asellus sp.,3
S305,Cloeon dipterum,11
S305,Labiobaetis atrebatinus,14
S305,Procloeon pennulatum,9
S305,Potamanthus formosus,6
S305,Rhoenanthus coreanus,12
S305,Ephoron shigae,5
S305,Ephemera orientalis,7
S305,Caenis sp.,8
S305,Psychoda sp.,4
S305,Ceratopogonidae sp.,9
S305,Chironomus circumdatus,6
S305,Chironomus nipponensis,8
S305,Chironomus sp.,11
S305,Cryptochironomus sp.,12
S305,Demicryptochironomus sp.,10
S305,Dicrotendipes nervosus,7
S305,Dicrotendipes sp.,8
S305,Glyptotendipes tokunagai,11
S305,Harnischia japonica,4
S305,Lipiniella moderata,9
S305,Microchironomus tener,12
S305,Nilothauma sp.,10
S305,Parachironomus gracilior,10
S305,Paratendipes albimanus,5
S305,Polypedilum asakawaense,3
S305,Polypedilum pedestre,12
S305,Polypedilum masudai,7
S305,Polypedilum nubeculosum,6
S305,Polypedilum sp.,10
S305,Stictochironomus sinsauensis,8
S305,Tanytarsus kiseogi,9
S305,Tanytarsus takahashii,10
S305,Tanytarsus tamakutibasi,9
S305,Tanytarsus sp.,9
S305,Potthastia sp.,7
S305,Thienemanniella sp.,6
S305,Brillia japonica,9
S305,Cricotopus bicinctus,9
S305,Hydrobaenus kondoi,7
S305,Orthocladius sp.,8
S305,Propsilocerus akamusi,8
S305,Ablabesmyia prorasha,15
S305,Conchapelopia sp.,12
S305,Procladius choreus,4
S305,Rheopelopia sp.,5
S305,Saetheria tylus,5
S305,Cladopelma edwardsi,5
S305,Cladopelma virescens,11
S305,Chironomidae sp.,8
S306,Rhoenanthus coreanus,3
S307,Anodonta woodiana,6
S307,Musculium lacustre,3
S307,Hediste sp.,4
S307,Branchiura sowerbyi,6
S307,Rhyacodrilus coccineus,5
S307,Tubifex tubifex,4
S307,Limnodrilus udekimineanus,1
S307,Haplotaxis gordioides,8
S307,Chaetogaster diaphanus,9
S307,Chaetogaster limnaei,10
S307,Opidonais sp.,4
S307,Nais variabilis,5
S307,Stylaria fossularis,10
S307,Erpobdella lineata,10
S307,Monocorophium sp.,2
S307,Collembola sp.,6
S307,Cloeon dipterum,4
S307,Procloeon maritimum,3
S307,Choroterpes altioculus,9
S307,Rhoenanthus coreanus,5
S307,Ephoron shigae,11
S307,Ephemera orientalis,6
S307,Caenis sp.,5
S307,Psychoda sp.,7
S307,Dixidae sp.,4
S307,Cladotanytarsus vanderwulpi,8
S307,Demicryptochironomus sp.,14
S307,Dicrotendipes nervosus,3
S307,Lipiniella moderata,4
S307,Microchironomus tener,9
S307,Nilothauma sp.,8
S307,Paratendipes sp.,6
S307,Polypedilum pedestre,9
S307,Polypedilum nubifer,2
S307,Polypedilum masudai,5
S307,Polypedilum cultellatum,6
S307,Polypedilum nubeculosum,6
S307,Stictochironomus sinsauensis,8
S307,Stictochironomus sp.,3
S307,Tanytarsus kiseogi,12
S307,Tanytarsus takahashii,6
S307,Tanytarsus tamagotoi,2
S307,Tanytarsus tamakutibasi,7
S307,Tanytarsus sp.,5
S307,Potthastia sp.,4
S307,Thienemanniella sp.,7
S307,Corynoneura sp.,7
S307,Cricotopus triannulatus,10
S307,Cricotopus sp.,8
S307,Hydrobaenus kondoi,9
S307,Orthocladius glabripennis,9
S307,Orthocladius sp.,15
S307,Ablabesmyia monilis,10
S307,Ablabesmyia prorasha,10
S307,Ablabesmyia sp.,9
S307,Conchapelopia sp.,7
S307,Saetheria tylus,10
S307,Cladopelma virescens,5
S307,Chironomidae sp.,3
S308,Anodonta woodiana,7
S308,Musculium lacustre,9
S308,Bothrioneurum vejdoskynum,10
S308,Rhyacodrilus coccineus,9
S308,Limnodrilus claparedeianus,7
S308,Limnodrilus hoffmeisteri,7
S308,Chaetogaster limnaei,11
S308,Branchiodrilus hortensis,6
S308,Amphichaeta asiatica,9
S308,Haemonais waldvogeli,9
S308,Nais variabilis,10
S308,Slavina appendiculata,3
S308,Pristina biserrata,6
S308,Pristina longiseta,5
S308,Henlea sp.,6
S308,Lumbriculus variegatus,11
S308,Lamprotus orientalis,12
S308,Erpobdella lineata,16
S308,Gammarus sp.,5
S308,Collembola sp.,10
S308,Labiobaetis atrebatinus,6
S308,Choroterpes altioculus,9
S308,Serratella setigera,4
S308,Dixidae sp.,8
S308,Ceratopogonidae sp.,7
S308,Benthalia sp.,8
S308,Chironomus circumdatus,12
S308,Chironomus flaviplumus,6
S308,Chironomus kiiensis,7
S308,Chironomus nipponensis,11
S308,Chironomus edwardsi,11
S308,Chironomus sp.,6
S308,Cladotanytarsus vanderwulpi,6
S308,Cryptochironomus sp.,6
S308,Demicryptochironomus sp.,12
S308,Dicrotendipes nervosus,9
S308,Dicrotendipes pelochloris,4
S308,Dicrotendipes sp.,3
S308,Glyptotendipes tokunagai,12
S308,Harnischia japonica,5
S308,Harnischiagumsanea,7
S308,Lipiniella moderata,12
S308,Microtendipes sp.,9
S308,Parachironomus gracilior,6
S308,Parachironomus arcuatus,3
S308,Paratendipes albimanus,7
S308,Polypedilum pedestre,16
S308,Polypedilum masudai,7
S308,Tanytarsus kiseogi,6
S308,Tanytarsus takahashii,12
S308,Tanytarsus tamagotoi,9
S308,Tanytarsus tamakutibasi,4
S308,Tanytarsus sp.,12
S308,Thienemanniella sp.,21
S308,Corynoneura sp.,8
S308,Cricotopus bimaculatus,6
S308,Cricotopus triannulatus,7
S308,Cricotopus sp.,9
S308,Hydrobaenus kondoi,6
S308,Limnophyes tamakitanaides,5
S308,Paratrichocladius rufiventris,6
S308,Propsilocerus akamusi,4
S308,Ablabesmyia longistyla,5
S308,Procladius sp.,10
S308,Tanypus punctipennis,1
S308,Saetheria tylus,9
S308,Chironomidae sp.,11
S308,Syrphidae sp.,7
S308,Ecnomus sp.,5
S309,Anodonta woodiana,9
S309,Limnodrilus claparedeianus,14
S309,Limnodrilus udekimineanus,2
S309,Chaetogaster diaphanus,6
S309,Pristina biserrata,8
S309,Helobdella stagnalis,3
S309,Gammarus sp.,1
S309,Collembola sp.,5
S309,Baetis fuscatus,3
S309,Procloeon maritimum,6
S309,Rhoenanthus coreanus,11
S309,Serratella setigera,3
S309,Psychoda sp.,2
S309,Chironomus circumdatus,7
S309,Cryptochironomus sp.,7
S309,Lipiniella moderata,1
S309,Parachironomus gracilior,6
S309,Paratendipes sp.,7
S309,Polypedilum pedestre,7
S309,Polypedilum cultellatum,9
S309,Polypedilum nubeculosum,3
S309,Stictochironomus sinsauensis,3
S309,Tanytarsus kiseogi,7
S309,Tanytarsus takahashii,7
S309,Tanytarsus tamagotoi,5
S309,Potthastia sp.,6
S309,Corynoneura sp.,12
S309,Cricotopus bicinctus,2
S309,Eukiefferiella sp.,12
S309,Limnophyes tamakitanaides,1
S309,Rheocricotopus sp.,13
S309,Ablabesmyia monilis,1
S309,Ablabesmyia prorasha,11
S309,Rheopelopia sp.,5
S310,Anodonta woodiana,3
S310,Bothrioneurum vejdoskynum,2
S310,Stylaria fossularis,4
S310,Rhoenanthus coreanus,4
S310,Cryptochironomus sp.,1
S310,Parachironomus gracilior,5
S310,Paratendipes albimanus,1
S310,Polypedilum pedestre,5
S310,Tanytarsus kiseogi,3
S310,Orthocladius sp.,3
S310,Rheocricotopus sp.,4
S310,Procladius choreus,1
S310,Procladius sp.,2
S311,Anodonta woodiana,8
S311,Rhyacodrilus coccineus,4
S311,Chaetogaster limnaei,10
S311,Branchiodrilus hortensis,2
S311,Slavina appendiculata,1
S311,Stylaria fossularis,7
S311,Pristina biserrata,10
S311,Lamprotus orientalis,7
S311,Procloeon pennulatum,1
S311,Potamanthus formosus,14
S311,Rhoenanthus coreanus,7
S311,Ephoron shigae,10
S311,Caenis sp.,3
S311,Dixidae sp.,7
S311,Chironomus circumdatus,8
S311,Demicryptochironomus sp.,10
S311,Microchironomus tener,3
S311,Microchironomus sp.,1
S311,Polypedilum pedestre,6
S311,Polypedilum nubifer,12
S311,Polypedilum decematoguttatum,2
S311,Stictochironomus sinsauensis,4
S311,Tanytarsus kiseogi,9
S311,Tanytarsus tamagotoi,3
S311,Thienemanniella sp.,12
S311,Corynoneura sp.,7
S311,Cricotopus bimaculatus,10
S311,Cricotopus sylvestris,2
S311,Propsilocerus akamusi,3
S311,Rheocricotopus sp.,6
S311,Ablabesmyia monilis,5
S311,Ablabesmyia prorasha,4
S311,Ablabesmyia sp.,3
S311,Procladius choreus,3
S311,Rheopelopia sp.,6
S311,Chironomidae sp.,12
S312,Hediste sp.,1
S312,Rhyacodrilus coccineus,4
S312,Limnodrilus claparedeianus,5
S312,Chaetogaster limnaei,13
S312,Opidonais sp.,5
S312,Pristina longiseta,7
S312,Collembola sp.,1
S312,Procloeon maritimum,3
S312,Choroterpes altioculus,10
S312,Potamanthus formosus,6
S312,Rhoenanthus coreanus,4
S312,Chironomus circumdatus,10
S312,Polypedilum pedestre,3
S312,Polypedilum masudai,3
S312,Thienemanniella sp.,6
S312,Cricotopus bimaculatus,3
S312,Eukiefferiella sp.,9
S312,Ablabesmyia prorasha,8
S313,Anodonta woodiana,15
S313,Corbicula fluminea,10
S313,Musculium lacustre,8
S313,Hediste sp.,11
S313,Branchiura sowerbyi,10
S313,Rhyacodrilus coccineus,7
S313,Limnodrilus claparedeianus,18
S313,Limnodrilus hoffmeisteri,6
S313,Limnodrilus udekimineanus,6
S313,Haplotaxis gordioides,4
S313,Chaetogaster limnaei,4
S313,Branchiodrilus hortensis,4
S313,Opidonais sp.,9
S313,Amphichaeta asiatica,10
S313,Haemonais waldvogeli,5
S313,Nais variabilis,6
S313,Henlea sp.,4
S313,Lamprotus orientalis,6
S313,Eisenia koreana,13
S313,Erpobdella lineata,9
S313,Erpobdella sp.,4
S313,Cyprididae sp.,6
S313,Gammarus sp.,9
S313,Cloeon dipterum,10
S313,Labiobaetis atrebatinus,5
S313,Choroterpes altioculus,4
S313,Rhoenanthus coreanus,6
S313,Ephoron shigae,8
S313,Ephemera orientalis,12
S313,Caenis sp.,7
S313,Psychoda sp.,8
S313,Ceratopogonidae sp.,7
S313,Benthalia sp.,1
S313,Chironomus flaviplumus,14
S313,Chironomus edwardsi,10
S313,Chironomus sp.,6
S313,Demicryptochironomus sp.,10
S313,Dicrotendipes nervosus,3
S313,Dicrotendipes septemmaculatus,8
S313,Glyptotendipes tokunagai,8
S313,Harnischia sp.,3
S313,Microchironomus tener,6
S313,Microchironomus sp.,5
S313,Parachironomus gracilior,10
S313,Paratanytarsus grimmii,4
S313,Paratanytarsus sp.,12
S313,Polypedilum pedestre,14
S313,Polypedilum cultellatum,7
S313,Polypedilum nubeculosum,7
S313,Polypedilum sp.,6
S313,Stictochironomus sinsauensis,5
S313,Tanytarsus kiseogi,11
S313,Tanytarsus tamagotoi,9
S313,Tanytarsus tamakutibasi,6
S313,Tanytarsus sp.,6
S313,Thienemanniella sp.,7
S313,Cricotopus bicinctus,12
S313,Cricotopus bimaculatus,7
S313,Cricotopus sylvestris,6
S313,Cricotopus sp.,12
S313,Eukiefferiella sp.,10
S313,Orthocladius glabripennis,7
S313,Orthocladius sp.,7
S313,Paratrichocladius rufiventris,4
S313,Procladius choreus,9
S313,Saetheria tylus,9
S313,Cladopelma edwardsi,9
S313,Cladopelma virescens,7
S313,Ecnomus sp.,5
S314,Rhyacodrilus coccineus,3
S314,Chaetogaster diaphanus,2
S314,Chaetogaster limnaei,4
S314,Pristina longiseta,1
S314,Mesenchytreanus sp.,2
S314,Gammarus sp.,3
S314,Rhoenanthus coreanus,4
S314,Paratendipes albimanus,1
S314,Paratendipes sp.,3
S314,Polypedilum pedestre,4
S314,Cricotopus bimaculatus,5
S314,Cricotopus sp.,3
S314,Ablabesmyia prorasha,5
S314,Chironomidae sp.,2
S315,Chaetogaster limnaei,1
S315,Pristina biserrata,4
S315,Pristina longiseta,6
S315,Potamanthus formosus,7
S315,Rhoenanthus coreanus,6
S315,Ephemera orientalis,3
S315,Ceratopogonidae sp.,1
S315,Thienemanniella sp.,5
S315,Cricotopus bimaculatus,2
S315,Hydrobaenus sp.,1
S315,Rheocricotopus sp.,5
S316,Anodonta woodiana,5
S316,Corbicula fluminea,2
S316,Hediste sp.,2
S316,Branchiura sowerbyi,1
S316,Rhyacodrilus coccineus,11
S316,Haplotaxis gordioides,5
S316,Branchiodrilus hortensis,4
S316,Opidonais sp.,10
S316,Amphichaeta asiatica,8
S316,Pristina longiseta,6
S316,Cyathura higoensis,3
S316,Collembola sp.,2
S316,Baetis fuscatus,2
S316,Procloeon maritimum,10
S316,Procloeon pennulatum,7
S316,Choroterpes altioculus,6
S316,Potamanthus formosus,10
S316,Rhoenanthus coreanus,7
S316,Ephoron shigae,12
S316,Ephemera orientalis,11
S316,Serratella setigera,4
S316,Caenis sp.,8
S316,Chironomus circumdatus,5
S316,Chironomus flaviplumus,3
S316,Chironomus nipponensis,3
S316,Cladotanytarsus vanderwulpi,4
S316,Cryptochironomus sp.,8
S316,Demicryptochironomus sp.,3
S316,Glyptotendipes tokunagai,3
S316,Lipiniella moderata,7
S316,Microchironomus tener,9
S316,Microtendipes sp.,9
S316,Paratanytarsus sp.,8
S316,Paratendipes sp.,11
S316,Polypedilum pedestre,5
S316,Polypedilum decematoguttatum,4
S316,Polypedilum masudai,8
S316,Polypedilum cultellatum,5
S316,Polypedilum sp.,2
S316,Tanytarsus kiseogi,11
S316,Tanytarsus tamakutibasi,7
S316,Tanytarsus sp.,13
S316,Thienemanniella sp.,11
S316,Corynoneura sp.,9
S316,Cricotopus bicinctus,10
S316,Cricotopus bimaculatus,10
S316,Cricotopus triannulatus,5
S316,Eukiefferiella sp.,8
S316,Hydrobaenus kondoi,2
S316,Orthocladius glabripennis,6
S316,Orthocladius sp.,9
S316,Propsilocerus akamusi,6
S316,Ablabesmyia prorasha,6
S316,Cladopelma virescens,4
S316,Chironomidae sp.,7
S317,Musculium lacustre,3
S317,Tubifex tubifex,8
S317,Limnodrilus claparedeianus,5
S317,Haplotaxis gordioides,4
S317,Chaetogaster diaphanus,10
S317,Chaetogaster limnaei,6
S317,Nais variabilis,2
S317,Henlea sp.,1
S317,Lamprotus orientalis,9
S317,Gammarus sp.,2
S317,Collembola sp.,9
S317,Procloeon pennulatum,3
S317,Potamanthus formosus,6
S317,Rhoenanthus coreanus,10
S317,Caenis sp.,7
S317,Psychoda sp.,1
S317,Dixidae sp.,4
S317,Ceratopogonidae sp.,3
S317,Chironomus circumdatus,7
S317,Nilothauma sp.,8
S317,Parachironomus gracilior,8
S317,Paratanytarsus sp.,3
S317,Polypedilum pedestre,7
S317,Polypedilum nubifer,5
S317,Polypedilum masudai,3
S317,Polypedilum cultellatum,6
S317,Polypedilum nubeculosum,2
S317,Tanytarsus kiseogi,9
S317,Tanytarsus takahashii,1
S317,Potthastia sp.,1
S317,Thienemanniella sp.,7
S317,Brillia japonica,2
S317,Corynoneura sp.,7
S317,Cricotopus bimaculatus,7
S317,Cricotopus triannulatus,3
S317,Eukiefferiella sp.,10
S317,Rheocricotopus sp.,9
S317,Ablabesmyia monilis,3
S317,Ablabesmyia prorasha,12
S317,Conchapelopia sp.,5
S317,Ephydridae sp.,1
S318,Anodonta woodiana,9
S318,Musculium lacustre,4
S318,Bothrioneurum vejdoskynum,14
S318,Rhyacodrilus coccineus,10
S318,Limnodrilus claparedeianus,11
S318,Limnodrilus udekimineanus,11
S318,Haplotaxis gordioides,10
S318,Chaetogaster diaphanus,14
S318,Branchiodrilus hortensis,7
S318,Opidonais sp.,13
S318,Amphichaeta asiatica,10
S318,Nais communis,7
S318,Stylaria fossularis,7
S318,Pristina biserrata,6
S318,Henlea sp.,11
S318,Mesenchytreanus sp.,12
S318,Lumbriculus variegatus,9
S318,Eisenia koreana,9
S318,Helobdella stagnalis,8
S318,Erpobdella lineata,10
S318,Gnorimosphaeroma sp.,8
S318,Cyathura higoensis,12
S318,Asellus sp.,10
S318,Gammarus sp.,6
S318,Monocorophium sp.,11
S318,Baetis fuscatus,1
S318,Cloeon dipterum,10
S318,Procloeon maritimum,7
S318,Procloeon pennulatum,6
S318,Choroterpes altioculus,5
S318,Potamanthus formosus,11
S318,Rhoenanthus coreanus,15
S318,Ephemera orientalis,10
S318,Serratella setigera,9
S318,Caenis sp.,7
S318,Psychoda sp.,9
S318,Dixidae sp.,5
S318,Ceratopogonidae sp.,5
S318,Benthalia sp.,9
S318,Chironomus flaviplumus,11
S318,Chironomus kiiensis,10
S318,Chironomus nipponensis,14
S318,Chironomus edwardsi,12
S318,Demicryptochironomus sp.,10
S318,Dicrotendipes septemmaculatus,9
S318,Dicrotendipes sp.,7
S318,Harnischiagumsanea,13
S318,Harnischia sp.,6
S318,Microchironomus tener,14
S318,Microtendipes sp.,6
S318,Parachironomus gracilior,9
S318,Paratanytarsus grimmii,11
S318,Paratanytarsus sp.,10
S318,Paratendipes albimanus,13
S318,Paratendipes sp.,8
S318,Polypedilum asakawaense,9
S318,Polypedilum nubifer,6
S318,Polypedilum sp.,5
S318,Stictochironomus sinsauensis,11
S318,Tanytarsus tamakutibasi,7
S318,Tanytarsus formosanus,12
S318,Brillia japonica,13
S318,Corynoneura sp.,10
S318,Cricotopus bicinctus,8
S318,Cricotopus bimaculatus,8
S318,Cricotopus sylvestris,10
S318,Cricotopus triannulatus,10
S318,Cricotopus sp.,10
S318,Eukiefferiella sp.,9
S318,Hydrobaenus kondoi,9
S318,Hydrobaenus sp.,9
S318,Limnophyes tamakitanaides,9
S318,Paratrichocladius rufiventris,13
S318,Rheocricotopus sp.,10
S318,Ablabesmyia longistyla,9
S318,Procladius choreus,3
S318,Procladius nigriventris,8
S318,Rheopelopia sp.,8
S318,Tanypus punctipennis,8
S318,Cladopelma edwardsi,7
S318,Cladopelma virescens,6
S318,Chironomidae sp.,13
S318,Ephydridae sp.,13
S319,Anodonta woodiana,7
S319,Corbicula fluminea,6
S319,Musculium lacustre,12
S319,Rhyacodrilus coccineus,12
S319,Tubifex tubifex,7
S319,Limnodrilus claparedeianus,11
S319,Limnodrilus hoffmeisteri,5
S319,Chaetogaster diaphanus,5
S319,Opidonais sp.,9
S319,Amphichaeta asiatica,5
S319,Nais communis,4
S319,Pristina biserrata,8
S319,Pristina longiseta,7
S319,Lamprotus orientalis,9
S319,Erpobdella lineata,5
S319,Asellus sp.,3
S319,Baetis fuscatus,5
S319,Procloeon pennulatum,9
S319,Choroterpes altioculus,6
S319,Rhoenanthus coreanus,9
S319,Ephoron shigae,8
S319,Ephemera orientalis,8
S319,Caenis sp.,8
S319,Psychoda sp.,6
S319,Dixidae sp.,8
S319,Cladotanytarsus vanderwulpi,9
S319,Cryptochironomus sp.,9
S319,Dicrotendipes pelochloris,3
S319,Harnischiagumsanea,1
S319,Microchironomus tener,10
S319,Microtendipes sp.,12
S319,Nilothauma sp.,11
S319,Parachironomus gracilior,3
S319,Paratanytarsus sp.,6
S319,Polypedilum pedestre,10
S319,Polypedilum sp.,4
S319,Stictochironomus sp.,5
S319,Tanytarsus kiseogi,8
S319,Tanytarsus tamakutibasi,9
S319,Potthastia sp.,1
S319,Thienemanniella sp.,8
S319,Cricotopus bicinctus,6
S319,Cricotopus triannulatus,10
S319,Orthocladius glabripennis,4
S319,Rheocricotopus sp.,10
S319,Conchapelopia sp.,8
S319,Saetheria tylus,7
S320,Corbicula fluminea,7
S320,Musculium lacustre,7
S320,Hediste sp.,7
S320,Bothrioneurum vejdoskynum,11
S320,Rhyacodrilus coccineus,7
S320,Limnodrilus udekimineanus,5
S320,Chaetogaster diaphanus,5
S320,Chaetogaster limnaei,13
S320,Amphichaeta asiatica,6
S320,Haemonais waldvogeli,6
S320,Nais variabilis,10
S320,Nais communis,4
S320,Stylaria fossularis,10
S320,Pristina biserrata,10
S320,Pristina longiseta,12
S320,Lumbriculus variegatus,12
S320,Helobdella stagnalis,9
S320,Cyprididae sp.,6
S320,Gnorimosphaeroma sp.,4
S320,Asellus sp.,7
S320,Labiobaetis atrebatinus,6
S320,Procloeon pennulatum,1
S320,Potamanthus formosus,4
S320,Ephoron shigae,12
S320,Serratella setigera,4
S320,Caenis sp.,8
S320,Psychoda sp.,16
S320,Dixidae sp.,8
S320,Ceratopogonidae sp.,10
S320,Benthalia sp.,7
S320,Chironomus circumdatus,10
S320,Chironomus nipponensis,4
S320,Chironomus edwardsi,10
S320,Chironomus sp.,7
S320,Dicrotendipes nervosus,8
S320,Harnischiagumsanea,10
S320,Lipiniella moderata,9
S320,Microchironomus tener,12
S320,Microtendipes sp.,7
S320,Nilothauma sp.,5
S320,Parachironomus gracilior,6
S320,Parachironomus arcuatus,9
S320,Paratanytarsus grimmii,9
S320,Paratendipes albimanus,8
S320,Polypedilum asakawaense,10
S320,Polypedilum pedestre,7
S320,Polypedilum masudai,8
S320,Polypedilum nubeculosum,7
S320,Polypedilum sp.,9
S320,Tanytarsus kiseogi,6
S320,Tanytarsus tamakutibasi,10
S320,Tanytarsus sp.,8
S320,Thienemanniella sp.,7
S320,Corynoneura sp.,11
S320,Cricotopus bimaculatus,10
S320,Cricotopus sylvestris,5
S320,Cricotopus sp.,8
S320,Eukiefferiella sp.,7
S320,Hydrobaenus kondoi,12
S320,Orthocladius glabripennis,6
S320,Orthocladius sp.,5
S320,Propsilocerus akamusi,9
S320,Ablabesmyia monilis,6
S320,Ablabesmyia prorasha,6
S320,Conchapelopia sp.,6
S320,Hayesomyia tripunctata,4
S320,Procladius choreus,7
S320,Saetheria tylus,12
S320,Cladopelma edwardsi,8
S320,Syrphidae sp.,6
